-- phpMyAdmin SQL Dump
-- version 5.2.1
-- https://www.phpmyadmin.net/
--
-- Máy chủ: 127.0.0.1
-- Thời gian đã tạo: Th6 27, 2024 lúc 09:09 AM
-- Phiên bản máy phục vụ: 10.4.32-MariaDB
-- Phiên bản PHP: 8.2.12

SET SQL_MODE = "NO_AUTO_VALUE_ON_ZERO";
START TRANSACTION;
SET time_zone = "+00:00";


/*!40101 SET @OLD_CHARACTER_SET_CLIENT=@@CHARACTER_SET_CLIENT */;
/*!40101 SET @OLD_CHARACTER_SET_RESULTS=@@CHARACTER_SET_RESULTS */;
/*!40101 SET @OLD_COLLATION_CONNECTION=@@COLLATION_CONNECTION */;
/*!40101 SET NAMES utf8mb4 */;

--
-- Cơ sở dữ liệu: `qlcc`
--

-- --------------------------------------------------------

--
-- Cấu trúc bảng cho bảng `account`
--

CREATE TABLE `account` (
  `ID` int(11) NOT NULL,
  `Email` varchar(200) NOT NULL,
  `Password` varchar(200) NOT NULL,
  `ID_User` int(11) NOT NULL,
  `Role` varchar(10) DEFAULT NULL
) ENGINE=InnoDB DEFAULT CHARSET=utf8 COLLATE=utf8_general_ci;

--
-- Đang đổ dữ liệu cho bảng `account`
--

INSERT INTO `account` (`ID`, `Email`, `Password`, `ID_User`, `Role`) VALUES
(1, 'admin1@gmail.com', '12345', 1, 'admin'),
(2, 'nguyenvanb@gmail.com', '12345', 2, 'user'),
(3, 'nguyenvan@gmail.com', '12345', 17, 'user'),
(6, 'test357@gmail.com', '12345', 20, 'user'),
(7, 'ts@gmail.com', '12345', 21, 'user'),
(8, 'nguyenvan31@gmail.com', '12345', 22, 'user'),
(9, 'ts231@gmail.com', '12345', 23, 'user'),
(10, 'nguyenvan313@gmail.com', '12345', 24, 'user'),
(11, 'nguyenvancc@gmail.com', '12345', 25, 'user'),
(12, 'hgf@gmail.com', '12345', 26, 'user'),
(13, 'nguyenpham6273@gmail.com', '12345', 27, 'user');

-- --------------------------------------------------------

--
-- Cấu trúc bảng cho bảng `attendance`
--

CREATE TABLE `attendance` (
  `ID` int(11) NOT NULL,
  `ID_User` int(11) NOT NULL,
  `FullName` varchar(300) NOT NULL,
  `timestamp` timestamp NOT NULL DEFAULT current_timestamp() ON UPDATE current_timestamp(),
  `Status` varchar(300) NOT NULL,
  `Image` text NOT NULL
) ENGINE=InnoDB DEFAULT CHARSET=utf8 COLLATE=utf8_general_ci;

--
-- Đang đổ dữ liệu cho bảng `attendance`
--

INSERT INTO `attendance` (`ID`, `ID_User`, `FullName`, `timestamp`, `Status`, `Image`) VALUES
(122, 2, 'Nguyễn Văn B', '2024-06-26 19:01:04', 'check in muộn 60 phút', 'data:image/jpeg;base64,/9j/4AAQSkZJRgABAQAAAQABAAD/4gHYSUNDX1BST0ZJTEUAAQEAAAHIAAAAAAQwAABtbnRyUkdCIFhZWiAH4AABAAEAAAAAAABhY3NwAAAAAAAAAAAAAAAAAAAAAAAAAAAAAAAAAAAAAQAA9tYAAQAAAADTLQAAAAAAAAAAAAAAAAAAAAAAAAAAAAAAAAAAAAAAAAAAAAAAAAAAAAAAAAAAAAAAAAAAAAlkZXNjAAAA8AAAACRyWFlaAAABFAAAABRnWFlaAAABKAAAABRiWFlaAAABPAAAABR3dHB0AAABUAAAABRyVFJDAAABZAAAAChnVFJDAAABZAAAAChiVFJDAAABZAAAAChjcHJ0AAABjAAAADxtbHVjAAAAAAAAAAEAAAAMZW5VUwAAAAgAAAAcAHMAUgBHAEJYWVogAAAAAAAAb6IAADj1AAADkFhZWiAAAAAAAABimQAAt4UAABjaWFlaIAAAAAAAACSgAAAPhAAAts9YWVogAAAAAAAA9tYAAQAAAADTLXBhcmEAAAAAAAQAAAACZmYAAPKnAAANWQAAE9AAAApbAAAAAAAAAABtbHVjAAAAAAAAAAEAAAAMZW5VUwAAACAAAAAcAEcAbwBvAGcAbABlACAASQBuAGMALgAgADIAMAAxADb/2wBDAAMCAgICAgMCAgIDAwMDBAYEBAQEBAgGBgUGCQgKCgkICQkKDA8MCgsOCwkJDRENDg8QEBEQCgwSExIQEw8QEBD/2wBDAQMDAwQDBAgEBAgQCwkLEBAQEBAQEBAQEBAQEBAQEBAQEBAQEBAQEBAQEBAQEBAQEBAQEBAQEBAQEBAQEBAQEBD/wAARCAHgAoADASIAAhEBAxEB/8QAHQAAAQQDAQEAAAAAAAAAAAAAAwIEBQYBBwgACf/EAEUQAAEDAwMCBAQEBAUBBgUFAAEAAhEDBCEFEjEGQQcTUWEicYGRCBQyoRUjQrEzUmLB0eEWJCVy8PEXJjRDghhEU4Oy/8QAGgEAAwEBAQEAAAAAAAAAAAAAAAECAwQFBv/EACgRAAICAgICAgICAwEBAAAAAAABAhEDIRIxBEETUSIyFGEFM3EjQv/aAAwDAQACEQMRAD8A4MAEABLG3DSMH0KGB6HCLAkQVwWdV0jxkOluOyMyCQ6YISWtAxEyiBs9o+SVoE0xcyPmiU2yNslIa2YMojcEEGEaYpbFhmOSisBgA8e6RIImfoki5IJaQmo2SnXY4Y2CnVLuRjsm1F+8SAnVKCJiVVBpimyHHEzwnFAAmTIQRyQnNAGcDhbQRm9hW0x5gET81b+lrd1WrTZxNRjTB9XAKrU2OL5Jyth+Gtn+b1mytsS64pTI5G4SFpOVRbDGrkj6J9K2X8N0HTLNohtG0pMHv8IKnQJGeEzsqYpUadM/0Ma3j0AT3aHCdy0h+qRjldydiXMDgY4Wl/xDeF1XrDTbfXtLol97p4LKjG81KR/9fst1AH9ICS5jSAqavRg9O0fOm46YvaFd9KpRe1zCWlpbBBUpoXSF9e3VO3t7d9So8gNaByV21rPhn0fr1wLq/wBGomqeXsG0k+qd6D0L0105UFXSdJo0qg4qES779lyyxZOjojnxrbRXvBfoF3RPTRZdsLLy9cKtUHloHDStitp8GFinTDRJmSitaYgFdGOPCNI4MuT5ZWxlqOj2OqNYy6Y53lu3tIdBB9UW202hb020wC4Ny0u7J00AZKXjkcJtJbM7fRD2/TOn0LplwxroY81GMJ+FrjyR9ynbdLos1R2qSfOfSFE5xtBJ/uU+jCyBP+6mkPk+jxaSOcJVMENgEZWA2e6W3BT2goy1nMlKLSXA+izIEErPtJS7NImQQDmCsiJSQ2Epszwg1TZkCOO68QvHBWY3QCgtGCDwFluTBWSIbAXmgD1TNEKAzAPC88BejvGF7k8QiilIyIiAvAQVlsRkQs4SooyA0+qwQYgLIx2XhGQmkBiSBBC9kiZSgCYBK8QBjlACWzCyBPISmlp+GF4wHAeiNCo9A9V4NEFKMuyOFge4RQtCCI4WAD80Ug7SIhYa0wimKkV7rO6/JdO3txtc4tpmGjufRc43Oq9VGxfrL9VrC3FUsFsw/AG8iRHC6k1PT6N/aPtq7NzHiCqA3wa0mpeeZc31Y2pfvdQaIn2n0WGWEm00bYpRSaZN9DOdU6es7ja4b6LXHd6qNo162t6zUpXrneVRa7axhgfqgf2V3o2lCjRbbW9IMpsaGNaOwAhRdbp4Cu6tZVG0C4QRtmVrukZpfk2QPTl5XqalVsmj+VSbIJ5/VH+yleqdPr3dlDKtbYzJpUyB5nsT2CkdJ0C00phe1u+s8fHUPJ/6J/VoNqsLHD4SIIRVqmJtp2jUNSyPmOZTtLIGRNKhXL3t9ZJ7+yuvStCvQt/LuLk1IPwg8tb6FPqfS9pTunVzbUGhuaexgBb8yjaZo9SzrVqtQsG90tDZ4+qmEOApS5Ih+rrzULerbizqlrXAh+BhNOk9Yu9SqV2XJaRTIDSB91La9odzqdVxZs2Fm3J90Dprp2to7aprNYC95PwnkY/4V3UidcScdVYyA90YUNrPU+n6YbYVKu43VYUKYaJlxQNT0bWLvVKlzRui23NsaTae4wXH2UFR6G1BtDQ6FR7X/wAOrGtVcTJJzHPKcp70jOl7ZarO9q3NV8j4Rwo/UtTuxc1KVKoGNpw0QJMqV0/T324e5/8AUVEajpt0bmqW0XubUduDm5RJmDdaK7X6qr07l1u24duaSMsGU60jXNR1Ku6iysJZzupwmlx0tdee6sylVDiSQ7ypyfVOtF0240t5qVKVR73cltMiUo5H0RNKtE1Z6k+pdVLKtUYa1KNwaex7wpXBb29lCaZpJ/iNfWKtN7alcBoacQ0D09VOwAIgYVqTaOHK6YKo30TeqJBkp27LTwEFzTHblSYNmi/HzpGlcaW+/t6TgXiXmMbgOfsFxdrluKdw5paQQYI919GfEW0ZedK31F4lop7ojuP/AHXz+63oNp6lcMLYIe4CPSVxzXDLf2e74OVzxcX6KVVBaYBxxCESQBBMhHqgkx2QnyGxC6PVnUNqpk+6e2f+HEpm9onIhPLIRTJPKib/ABKTFXTSaZIMQO6rVzIk+/KsV9UiidyrtzBDiFhBWxjB0lxgovlAN5SGmH4bzyiH0XQ+tC9lXHMIrG8wUJg7zlEaSCJXM1Ru9hGztl2EVk9uEKJyIRKZ7eiP+BGgoE9kZjQAP6v9kJrm8gotN0YaPeUgZl5DAS0jhABkyl1jJglIYAT8RW2NOrZD2P6GWjMJ7bjmUytYLYAT6lDceyTVOxOhQad/OJT2g10RATEkiPWU/oZEz9FrDqyWhxSaS8eq234H2f5zrDTqO2ZrM7ZmVqajmoM91u/8PFMjrfRvhnzbtjSO8DKWV/gVi1I74oTthzTMQZTmmRnCDTJyXZynDTiIAldEEq2c8nb2K5yBleIwCQhvqxzCW14e2QVoo2ZNbPBqUDOIXmzGQltb7IZi+z0YWdw/VMLDyGtLjgKPub3O2mUkvozkh/5rAILgvNrM/wAwUOX1J3Er253d5kquBJOCszs4JQqAHBhQQqvafVEbWf6lP40gJsVB3KVuaYhygzcVAQBPoli6qgfqIMqXACca5o5IKWKjSDCg/wA1UEHeli7qeohLii0Te77rzXfRQ352qRgpQvquAT+6XE0VkzMzKyFDi+eORKW2/fMn0S4lqyWB7rIhRY1F55bhLbqBySjjRsiS75KyIyPso1uoH0wiDUB9kcSqJCYKzjlMP4izEgpQ1BhOU+JVofYXoJBhMxe057wlG+pesKaCxyJ7pWXHATQXtMn9QSxfUYgvCuvoLHI2xB9eUlxl2OED83TPLwVltzSHDlNMdjhpIMHhLAxMILbml2cJPuitqNfmU2miTO0Hk5C9tH0Xt44wvCPZL0CQkgu4x81gNzlspYHJIXgPRIoSWkH0WCIwlntwsYOPRFEt0eLSBhJIBMeyUX5/SkjJmUWTJNiXtgREBJjEohPOEkjsAl2R0CcJ5CSQPTCIShknvhMylKhDgMFYgDPqlcZ5SSJzwgychJ4nkIRbmYRXuM7eAsGIAKlmTdAywfUoJbHIRy4DuUgkY5QYzkBLRGEMyDjhFcBMjhJJ7gR9EHNK2BfwDEgpFWDgQiuSHsHqZKCCl+Jld9v0nemlzUDaQ7RJ/wCi4J66Z/4rdCZHmOAX0C690upqPTV5b0mBz20zUb825/5XA3X1u6jqlyx7SCKjiZ9Tn/dc2V1kVntf45J4nRr2vTcHT6JDg0Nnv7pxWncTEINRsiYC2dVs7NjSqDyfVObRpDSRmU3ecRlObP4WczlZz/XRQz1WoRDfuoeqJBEc+qm9RoB/8z0ULW3ZhRDQDOAXZ7JZJOMJAw+UV1Qf5RIWzAplG7a79QgpzTeCeFEtcOZRadVzTgqXjRumTDOJAhEY2DwPmmFK7AMEp7SqsdkFZuLSFYcAjgSlg7QChh3os1anltknlSk2Ny1sS9xc6RErLTkCEJrtxMHlHYASMwuha0Qh9bAbIHKe0DIgQmluwbeU9pAASsZbYBWgAweU7ogxgCUzbIPeCn1HAC0iQxzQbLwCt9fhuomt1/oMMMC4Lp9IC0RbAGoAByuhvww0C/r3SDJG3zHGPYBGauJpi/Y7fpfoaQRhLe9zRJgodHjHoh37Lmra1adtUDKzmEMceA6MFdcFo5Z6K7r/AFW+jWbo2kUfzOp3EimwZFP1c70hN+n+pNU0jV29MdYuZTuK48y0uAIZV/0T3IUZ4NafU/h+rXmo1W3F+3UatCpcEZIb2Hsnvi7aW9fo+4uHNIubR9Ora1W/qp1NwiD7ppuTtdITSTSfs2Ax0hEwMxyonphuqM0Szbq7muuRTbvc3vjlSxBBkCU9PZjOPF7GmoVS1gYDkqu6hqltp+111WazccSeVNX7iavEKm9U6ZWuruyvKQY82xeDSf8ApcHCJ+iuOjB7J22v6VxSZWpVA5jxLSDIKcsdun4olVC20s6dotKnVvzR8p76j3A4G50gfSVL9N1BVpVHNvzcAGM52+yvYmib3gHjhZ3snlMtUvaen2ta9rnbTosL3fIKGHUVSndWNKvbVGC/ftpEjB+Gc+mE6QJNloDgeTKVjsFWz1HSIqV6VN5oUahpuqAfDuBg5Tm41ylSrMt6ZL6r2eYGtEnb6qdDUWycJbOV4vgcqFOv2tOzF1Uq7Wl2wDuXeib3HUNu+1uxSqfz6Fs+vtPMAY/dPSKSf0WTeMZ5Sx7Ku2Wusp6bZ1bqoBVuKLKkesgE/TKmbW6p3NuK9Mgg+ijjeyknY6AnjCUXdpUe/VLenV8s1BuHInhLq6jQpAF72guEgTylVmqQ+Dj2Xg4xlMxfUfKFUvAae8rA1Kg4/wCI2PmnxK5JaH7XRlKD+cBNW3FN1M1N2IQrXUqNzR8+mTsJIBOJgx/slxKTJDdPosgnj/dNm12bd0pVO5Y4Q0glNJj5DgGMQPusnIwfom/ntJiZKWK9M4PKdBYsOhZaQTkIRqM5CDb31KuXim8OLTBjshKx2PS70WWEgcppWvaVBoNR4bPEmJRKVyx7dzTz6ISQ7HQeQOUehdPYRLkwqXNNgBc6AfVZZWFQ/Cf3Q0gLFRreYI5Rv7qJsaxB2kqUZJEk9li0UhZgNgpJxLgZXpjM8LBdiRlSMyJjPK8AUzuL6jbOY2rVa01DDQTkpxSqeawEd0/RDYsmDPdYJkTPfC8YAwsbgOGwPVTomzznSEiYg8SllwIKGXevdJkNnnRkShOzhKc4NBKjaur2bHlpr0wR6vAQrZjJj+DCQR3I4TEavauMNrsOeA4GU4bcCp+k4KGYti3g4LlgxEpUyPRJLQRHEpGUmDcdyQURwDcBIJBxCDFgnEz6rD+IjlKcDPCQSJ5+iEYOwZBXjxLilxghDLB3cSroSi2RWvOc3S7pwM/yn/8A+Svn74j1DV1q6lww933ld8dY1alHpzUnU53G3e0EfJfPvrh4dqFbJJLzMrlzxucT2f8AHLjCRR6zfiPzQXtBTisfjMBAfJHYK6rs7LXTGVVoDkM16lMQ0o1QZJOU0fJJE4Sex9Aq13VqS1zscJlVJIwTHsnLg3M9k3qYGIS40FjJ2JSC8zyiVNo9ZKC/jBVroZQxnhGY4tGUFocO8ojSTyFTVlph2mBICPSc8GQY+qaSSUem7Ak8Ia0BIUbtwgEIlasHQGpix/YfVFa6TEqOA9DhjsgynLPixPCaUxI5hPKbQAFVUCJC2cQ0Ap9TnbwAmNAggEp9SyAQcLKQmEbmMp9RkNATJmD80+oj4QfRVGRLHVqT5g5XS/4Vbd1TrrTcSG29d8/Rc02s+c35rqX8JtH/AOdKDw39NlVhGXpGmLts7BpgbYHI9kotLmxBWaY75RhDRH+y7Ec1Wa70fS+sOlK+p29hpVC9tby9qXTHmtscN3aEnqCj1b1Npj9Er9O/l216tNzqvmhwaGuBWyWsAGEtrccJODrTBv7E27PLospkD4GgfYIpz3XmgcQsggYI+qaX0YydsjNRpHzA7hQep6VQ1BzHVHPaacwWmFarigKzC2VE1bd7HQQQtI7MZR3orGqdMOuNNfa29y8uLmPBc7/K4GPrEI3T2kVtPrXl3XDGG6e0ikz9LAB2HZTnlkcJXlkYICdJMScqoi+oLB2paPd2gcB5tIiSq35t1f69oVq62htu6pUe7tinAV4dQbUYWObIIgptb6Va29bzqdP4wIBOYCGrHB12Vhul3lvodxoNOg4urOqNFTsQ987injLKppWsVLzy3Vab7alRaY/ydvqrNtM5CyWNjLQlwNFJlHqaVXtLSzvLlnGpOun0/RpB2j6SgPedR1PXqtCm6RpTaTTH6nun/orvfWP5qmGFxGZEIdho9vY+a9vxVKxBe48mOB+6mn0Va7KnW0e6p6tbVn1g2jT02lQYCJyOYVh0Gg2wsmUHVS/e9zgY7Eyph9vSqgNqUmujsQlNoMG3+WBt4xwmk4g3ZU9MpUaFvdu1EH8xVuqj3POXRuho+0IlvQY7Wr1+ogCiyiynR3GABEuPzlWX8lbOq+aaLS6Zkjv6r1axtrgl9WkHHjPdTxZaaKSy3r39npdKr5gp1795aRjfTbP7YT+20ug/qC+pua9tClQY5jA8wHu5M/RWn8pQJpny2g0RDMfp+S82xosfUqNp/HVADz3KfH7Y07ZVLG6u36Cy2Y+a93WdQZ6wXET9GyU81i2r21taWVq8toUW7XNby6BA/wCVMUdIt6NalWY2BRBFNvYTyfmiXmnMuocXua4cFqWx9MqN5fXVHTRTtKr/ADKtYUyYJLW8u+v/ACnVjXvLU3BJeyiynIqVTwc5/srAzQLKlZi2pU9oDi/dyS48kpLtFout6lGo9z/MwZPASuTZSporVDUL2lf2tJtWrWFdrnOc5sAxkQnNhfagLC61a6r72hzhSpNEcGB+6l6fT1Nt1TuqtzUe+iwsptOA0FOGaJRpaf8AkWgkHMkd5lNWNtEfanUmNZXr12v3t3OAwG+yitMqX9vp9S/FRjaPnEBvLiCefurFS0i4bUBr3RLGtIbTaME+pSHaD/4a3T2VAAHhxMdgZSth2MdVbattBe3DX1biq0U6LRJMnsAvU7nUbapS0uhSY6qxu6q5zsMHp7lTZsQ6rRLWg+WMOIyPkml1pt1Tu6l1aMa51QAZMcJ8ndhpaI3VLivVFq2qC2KsmO8J/od3+YfU2gja8t+LvCRcaVeXDrd1dzHOpyXwMSfROdG02pZtcawbuJJgIUnYqTJ+0JFQe6mqeQCThRGn0S+oCeymAGtbAAUzGlQp0cQo3VNWs9LaDdXDKe/jcYUgPUkfRMr/AEjTtRh17aU6xaIG8TCzGzXvUnUljedSaU2nc03U6TXvc7dgfNXLS9bs7jbRo3VOo7/S4FVXW+ltFueqreybp7G0G0A5zGiAcmf3hWzSumNE0p/n2WnspvjaCJwFMW7ZM+LSRMCXAEmZWQIEHK8A2Ae6S4OHAhMzoUQIOMIRgn2SzIaM90NwCfZDZWOv9Su7LRm22n1zSrXtVtv5g5aDzH3VUp9LdJ27qNvd213cV6pgValR5Lj3M8BWLrtvm1dKoCf/AKoOP0hIOn3F3d1Llx2tpUfKoj/UeXf2CzW5MiTqJDM6e6Zuadc6a6qypbzD2VHRuA491MdE6jUvtNY+q5znMcWSe4BwVGafpN3pVtfVa+6nQp0CWhzpmAZOPon3h5QfT6ftXPEudJJ9coVtqzGb/B0W/vyY9lkwvAYyvETkBUYegbjAgjnKFkcI5kNzlCj2QZtDHVbqraWNe5t6Jq1KbC5rB3McKs9F67rOtWr7vV9ONpUbU2huRuEc5Vg6hq31DTK9TTGMfcBhLAeJUL0ZU6graayr1DQZSu3uduazs2cJxvkiXBcWyyt3OaCUl3BPKIGwI7pBZjEhapbEoMqPiTVdb9I6k+m4tJpESOy+f/Vh33b5nuu8PGKuaPRV88OAEDnvyuDOpoF1UDeAT391yZv9qo9rwo8cTsqtRsuMFBqAA+qdPAc7gg+yb1WuHIym39miQyqMO4kQhG2e/IanLmkmVL9MdOa/1VqtHQ9A02reXlcxTpUxz7k9gqX5Db47ZXH2L9pdtHuoyvTgkHBXUV1+DDxgsenbrqDVLWxtqVnQdXq0jWl+1okwFzVqNEMeSFzRzwnJxg7otJuPIhKoh3EZQyzCcV2d2lAdIBEcLoXQrKA0SiN+iQ32SwIVjFAkojQP82UgT2CIyGnKBB2D4YJyiN3A8ITOJiEZhjsgadB6c8p7RJBHqmlMgwSndIAn3SopND+iZGRlPaDcGP3TGjIAT6iQRIWMlTKbD0xPKeUQY5TOnh2cp9SMgD2VxIdjqzBFYei6y/CZSnqgmB8Gnv8AuSuULJs1mjnK6+/CNZOqa1dVZINOwH7kqcjpo0xLTOq6IxCOADIQ6Ns+P19kX8vWH9QK6uSZztUeEDlK74OF40arROF4Uq2DAKuMkjOSsXkDGVmBHMrzWVYgslZ8upzsTshowMLDqDKzSHDKVsfMFhWW7wf0kJ6JaGT7Ds08rH8OdEypDdzLSZWN3+k4Ssnpkf8Aw94zKT+Qqeyk9wGYhY3DnHsmnQ0iO/I1I4WPyT+4Uq14IgkLxcwHaSnyDoivyVQmIXm2j5ghTEg8RCUNsxAUuTRokmQv5R7ZMLwoVMS0hThDT2CxsZgEBHKx0kQpt3DH+yx5D2gYKmxSpk4aErymf5QnzGokGKD5wCsmk4HEqbbQpuP6QIXjQpHkBRz3sqiEFN0wseW4Ka/LUiCS0LwtaR/pQ5glZECm+JSRTJOQps2lItjak/kqXolzLoh3MzgSvBhOeFMCxpE4WPyFP1KPkCiILCOyyGnbEZUqbBh7rH8Pb6p8wojG045Si2cKROnkCNw+yx/D3jvyhyTBEZsxhEpUDUIa0EypFum8fEndG1ZTGGpOaChFpb+SyO55TiD3Mrwx2Xjk/pUOQzxwMLHzCzMZSS4OdCLsl6G5s7Y1zc+UDVIgu7wnAE4HACxxiP3Xs8BJkXZnnJJXjIGOVhodugrJBacd0iW/oQ8EIZHcIpA7jK8QA6Y7IMpMg9e0P+L0mBlXy6tI7mOI7qAfovW7Hlttf2Pl9tzXSrs71SYHYJcbdmfyNKihXfTHWOrtNjqOpWlvaPjzDRlz3D0Vs0zS6Gl2lKzoNhlFoY0ewUiRGYSQEuNOyJS5KhMSFgjEJZwEmP3VpGVCCBgFDe2Z4RiARJ5CQWyIKa0S1ZX+qaGtV9Ir0dBqCndkfC4mIQelbDWbPSaFPXLgVrwD+Y8GZMqwuZHZI2knsqit2NLVCQDCG8GYCMcGICG9piVaVFRiaw8c6rafRldjjku49YC4S6jcTdPd6kldvfiGr+T0jU+IgvdAXDuvkmu8+pXFk3n0epgilisgnOMwe6DVJ4KOQS6QySE3qkTJCqSLBtPxAz3W6/w6df6d4cdaUdbv7SnVoV6RtnvmHUtxHxhaSJAcpKy1A0CCHRClq1xfTImrWjtrxp/FLpFv0vqXT3R90LypdWz6dS5B+FrSCIHqvn5ePJIbIO0ASrTqWsVa1JzTVJkRyqjckl5PqssPj4sH6IcJTaqQxr4wSgEGIRa0buUnO0YXRsZrxszhLBSAfUJQPdWVYRpPCKxzZgAzyhNEozAJEDKBUEYcZ/sjU59UEYOUZhyIQAemHfqT2mAAHEpnTy4ZTxuUDQ9ou3Q0Hsn9sC1hTC3JDeE9oEgRGCs2vRVjlg+IFPqGeeyZUoJGICfUsfLsmvolj6x/xgWcyu0fwh0z+c1Gq4RttWN47kz/ALrjDTR/PA9V27+Ein/J1arsOGURKzypXH/pti/WR0q0wAchL5hJpwYCWXbQfZdUTmv7FOeACCgi4Y10bgmtapUquPYKvX3VekabeOsrzUKFKq0AlrngEBWvsUYSm6ii407ljgIPJR28AyCq5pOqWWr0/NsLqnWDcEtdMKYtaxa7y3FDtEZIShqSofCOF6GjssAwPVZnHCgyMwImF7YCJhYaeyWfhwjoKE7WxBaF7yWxG0fZKBntC8PUpjQkUaf+UfZZ8ikeAlT2hKDRypuykmgZtqcxGEs0KZOAUQnAx+68Mf0hDbKQltvTMkErDrZvIJRQB2WTgYCVs0SAeRH9RWXW5iQ4o4xmMpWCMhFgNhQf6rH5d3Zyc5WOEWNKgAoVDiQsi3qDOE5BEcSsl0eyVjGxo1OVjyavoE5n1WZxARbAabKgxtXttX/IU7kL3KVgNQKk/pK8dwOWH7J3j0XgM5CLYDaIyQcdlneT/SU4IHELwaIgNRyY9DbzDMBZbVnE5Tgsb6LLWMGdgCLEN9zQcleD2kTKP5VM52hYNGnM7AiwAOc3gH5rAgDBlHNGmTO1YdQZGAjkJqwMieVjcPVF/Ls9SvG1ZA+IoszdIGD6L29p7pX5YH+sr35aJO4pkMQCI9ViUr8s4wA9eNvUAwR9UrMmgboMH7pEicJf5eqSYhYdb1R6SizJowSD3SSRws+VVEghYNKqP6OUyaMEQcZWCQ3kJXl1W5LR9CkObUJkM/dOxUeJBGAkFwGIWYqD+goT95/+2fsqVC4mXiROUON2Bx6rIeW42Oz9kk1CDEH7KtFKIkgsOCh1TAkzISzWJ5BH0TW7uGjnAAyVVmkYGkPxK3/l6DSt2mC4yfuuMdYfurOJxk8rqn8TWq0arbe3pVQQ1pMDuY5XJup1N1V24YXFJXlbPQhrGkMNxaSm9UHlGbAEjj3QKzic9lchIbPcQZMQgvqEmZ4RKxgwmzoOYhCYxFaq/aR3TCoSSSTlO6x3NMg4TJxk5OEwGtWeRnKTBc2Cs1i4njhIkwigNfNM8JbUiRMpbfVUUFbyMojQByUEYRQ4zIKCQzWznlGGIQGSMnlGaAYBQOxxSI3SDnjhPKfMhM6QhwgBPKRjMIGh9RgAEzlP7c/BKj6WQNsBPaRLQIKhoY7YU+pZ5hMGSSE9onaI7lCRL2Selx+YaRkTld0/hNp7dM1ggGBUpMn1gLhjRgHXVNsAguGF3h+FOlHTuqVYiblrfs1Z5P3ijbGvwbOgGkeiDcuLWn3RGTgId00kTHC6UjmYBjhtPuFpelb6f1F4sanY6qP+7N3T8W2S1ogT9VuYvAYYaOFp7o3pK06z17W7m6ua1LZXdDmGCXbo5+QCWR1FaPU/xTjBznN1SHvTmnN0DxPFl09c1alhVH82mX7gMCZPstvPcQ/AUV030TpPTe6rZte+uW7TVqGXEKUqSX4TxXuzl/yHkQzyXHdex/RJLWukmR3SbquaNMuHDQSVmhuFMAiEPUGF1pVczkMdHvhXZ5j2Vmx6+s7gW1epSqst7moaVOq5vwl0wB91a33dMM3B6pXTPST7npvTm6ndVD5TjW/L7MNfuJGeVEO1TUG9MstPzNRupnVfKdBlwp+dH22pKSr8jRw9RNgWOvWV5cXVrSrNdVtH+XVH+V0TH2WKmv2dvc1bapWaH0qfmubPDJiVr20tXiv1Rc1NQqWtdl651FrYioW0xBzyh1bvVQ7UtVq0C26bo1uwNIkbi+ThJzig+N+ja9O7pVmMe14hwBHujg4VCtbnUtR1C8tPzQs2ac2lTYNv+K4sBJ+WVd7LzDbUzVcHO2jcfUpOntDprTDicH6JXdI5GTj5pfOAkWK3S3gJUkgThDyMLMwkMUZMQUoEAwhhxBOOVmCQC4+6CgmCvYlJkESR91kkNHCAMzmFg5OVjvK8fVACwZCyJCRMDheDvVLsBUrw9ljK9MHlFALBWUg4ylcjCTA8lAe6ST9VgFCAXx8lkQkhxhYmUgCYglJ3ZWJJwvIoDJzwsHHKzugYSTkIAzuAjCw4T3WA7ss/FzhF0S0eAIWey8cYBkrCa2ZtnpEfFgr26eAkmRygV72hbkNe8AngSjiZsPIEwDlY9ikUq3mMkcdkuXIozaTMEei86ccLIMnbIWHQOyoloS4YElD7IgcMlJeSB2QLi2Jhoykul+IgJM5MrJ/8ydFKIktAGQISHMEcYS4HrK84l3okaKKG72B2IUF1PUp0NPqFuDEKwOgAuVY6xqH8g5sDJRZrGOzkbx4uw/U9he5xDc+y59vyS8y76rdnjfWnXasZiR+60jeul5JHdYw/ZnTLpDRz4bA7pvVPYlOKhxhNahyrogbVZJhqbVMA5Rqj9pMHlN6riQiqADUJLcFNHuEwnDiSD7JpUIg4ygAFUyc490L6pdR08oRMj0T6AoTc5SmntCQ2RgJYhUNi2gzKMwSeJQhCKw+hQIKz5z6Iox2CE0YRRAIQAemDICeUvcpnTMuCd0ygaHtHiU+ovJECEwpZA9k9olgaJ7qX2U2PKTgYyn1GNshR9PBwnlJ8NIJhOrIJrQ27rxgHdwXff4W2bekL17R8L7v+wXAXTr2/n6JGYqA/uvoL+F/ZT6DquGQ+6cQVlJf+kTeL/wDFm6mFLLQ4EdihtdjBRWvaWwV1nG5DGvSNLc0jDsKP0TRdO0A1n6fbimbh++pHc+qniGvw/KEbam4gDCVX2CyOOk+xTbskRHZepsNWoM4WW29NhjlOGAD9IGFSVmb/AKCjAAhZMEFrhjukh2ZBSpnlDQmebTHDYj0CAdNsXVTVNpSNQmd2wT904BjhZ3SFDBDOpo2l1nh9axo1HA7tzm91mtpdnXNQ1aLXeaA1+OQOAU6DgsiCVNGmyPutA069rCvXondADtriNwHEqRYBTaGsEBuAFn2WA4cJFpiwZCW0TklDa4gQEoPAMlMYuQBBKyAADnIQy7vOAs72xz+yQJiiQAOIXicQOEhzjOeF4OlBQsvkALBMEQVgkLwiJKADBwIwkkt5koRcvByVAHkAwV7jlB3ZSi8hFAG3QFgnMoW8bTPdZa8EAGRCTQBMQsggIW4T7JYIOAUUwFrxPukyV6e5SAUI+6xzwVjcPuvCAgBe4BYc72SZ7r28TtITAUHTkZWZHuhrLSSihGQTPqlEykl0ZC8J7osjbMjGQvQRk91hxK8XYGcoSFRhwEqp69YWV1r1tWr6kWVaY+GiHRP0VqJnlVHURoFXqSmHPc6+bkDsm+hJbLTaCKYaMgJxIGU3tjtphsQi94zhMxq2ZPK9zMlej3SA6AZGUD4ipaDCjtau7mytHXFtQ80tyR7dynoIySEC+u7W0tX3F1VbTpMaS5zuAE6KSoirHXKNzb+e9+zaJfJw35pjpvVY13UqttpdvUfZ0MOuv6Hu9G+qpGtW991BUrajYWlxb6M94BAwaje59gVfenjp7LGjT06k2nRY0BrGiNv/AFTX0auCSsnWyW+4WIPqlAnbjusRPdEhKIlwERyFTutnltmW5jcri7AlUXrytFuOIyVDNUji7xiuCddr/FPMn3Wn7txLp3HnK2d4o3Ara1dOHAeY/stXVj8Z+fCyxq7NMmqQJzoEz2TaoRJKc1CDPZM6hDcZyrozG9QySYCA85iAEZ+TKE6EANnMc6SGkJtUtqrgSAnhrQYHCHUqtmA5Kx0Rta3rNIxPyQHNIaS4EQpGq/u0TCbVNtQHdEpc/sdGuWmfZLbzCQ0JbecrUAjRBjCWMccoYycojQCOUEsLTmIIRmkBAYSBwjsPqn2Aekc5CeUjMYhM6cSnlMoY0O6RAbEcJ5RILfWUxpvLR6p3QcSJ4U9jseUTD4Ttp2tklMqThu905DtwMiEySR0m4NG4Y8EyCurPAzxqu+kemTpX8NFyw1S+S+CuSrJw8wCOFt/ocu/hbHgn9RAwtsEbmrCUmoNHVlv+I+mCG1dDrDGSKgKlrT8QWl1nBp066aTzJELm23fUMSpe2LmncAvR+KKONzR0jS8c9AcAH0Llnr8M/wBk7p+NvSjoJuaw9QaRXPFB5c3jPzS3lwb3S+OJDyWdH0PGTo+tH/ibQfRzSFI0vFLpV+W6zbn5uXK4qODolHFUhvsj40CmdWU/EHpupmnq9sf/AOwJ7S6x0atO3UbePXzAuRG1QyfhGfZKbdPafgeW+sFS8SDkdhU+o9LqQW3tEk+lQIzNbsniBXb91x/S1K5BBZXqNI9HkJ9Q1jUWuDm39yO+Kzv+VDwRYlJnWzNUtjgVWkj3RhqFuWgis37rlSl1JrNIy3Vboe/mlOqPV2vgjbrFxj3BUvBFFqbZ1E28pOOKjful/macyHj3XMn/AG66nYIGrVD34CT/APErqikT/wCJboPBaFH8dGimzp/z2EwHApTarTyYXM9Lxa6opgEXFMx/pj904Z4zdTNGW0HT85S+BfY+bOkt7Z5CzvaO655o+NfUIguoUXf/AJFO2eOmqN/XYD3O9T8FeyuZvs1AczhZ3tPBWiB493DWw/T3E+zh/wAotP8AEDbtnfptSfWQf90v47KU/wCjeIcF7fBhaU//AFC6LTaPOtarSf8AKJn6LDvxKdI0z/OFanH6pYUnga9j5P6N2bpyV7cAVpmh+JboGtAdfvYfdh/4UhR/EL4e1QCNZp/7qHjr2Um36NsB4WZHqtbW/jd0HXMN1+2B5y5P6Xi10VWhrNdtTPc1AEvjkLl/Redwhe3Kp0fEPpesJp6xauHtVBTpnWehPjZqduZ9KgR8cg5Ise6OFlrhMgqFZ1Fpb4231Ez6PCNT1myeIbcMJ/8AMlwkL5ES5eT/AFLG4kfqUe3UrYiRWafqisvKThLagPyScZIfNMd7vdLFQTn+6ZtuqRgh4M+6UblhwXhTTHaHPmR6mVlp/qLk2NZpA+IYWRWETKKYWhxvnIC8HCeUEVGDJP3SmuaTgoRLaYaJbDfqlbsZQ2uDTMrO8HshhR4if0rw5gn7JO/GBCxvjlMAjgO0fZMBpGnG7N7+WZ58frjKdmoIgYWJBQIW3YBjlYJ7xCSSBysB0dkEigTnglKyYjCSHGI+qxu90xdmZ5gqO1TR7XVhTp3jS+nTdu2zg/NSIIMjj6pMxE4CfRS2NjaU20jRbTAZG2IxHoo7TtBoafcVatF7ttQyGdm/JTDiCICwAQJjCWjQTtheyMALzvQJBcZiUhmKpG0tJWufEWsKdtUgjFNx/ZbCrCWkkzC1d4p3Ap2deHAbaeVMiodnFHiHXNXV7pwON5C15cOHmZVy63rl9/cEOkF5VJeSXHCzxPRear0YqODvoEyrETCc1CACSEzqOJODj5LXsyA1HbeUCpHdEqkEwU3fgEEypY0DeYPxINQiCRGEt3BTep6YBKlJj0DqPiDMob34kALL/wDUZKE6ByeUNDWigscSfZLaY90NoHEogglbUSLBHZEaUOB2MojeIBKQgrB3MYRWH0EoTBPyRmgjCAD0icYlOqZJ5TWnjM5TikYEngIGOWke6e27twAzhMaZbExKd275EAIDsf0g2QYgpwIAkCU0okbhhOcRJJQkIeaeJrDgLd/Qdpu0Wk8DEuj3zlaR0pnmV2wO66D6CtSOnrba34TMFdWBLmTltQZL0beCDHdS9C3O0GMr1vaZHwSpa0tHEQGR7r0G6OG7G9vQIIACefkzUERATqjZ59YTunbZgBRz9BwshX6dtM7Uj8oTjhWF1AbY2/VR9WiA48q1shpoi32waSmuwhxDRKmn0WkQDkpjWtiMpVsE7I9u5uSclPbapmCZJTes3MDsvUHQ5FFdEtTh0ApxSZtyg0AHDAT6nTwJSKQMsBBUbXoubu2qYdRJHKC+hOCFLRRBAvB74Sh8QJJUk+waTIMITrKOClQWMm1yMD1Sa1w+MFHqWezmAo++rUrcQ+o0QO5ToKB1bvaSCovUNZZatPxGVA611db0nOp28vMwSqrqGv17oyTA4iVM5qK7NYwbJvUOpboVNwqGBMZUXcazWrkvdUMn3UIbx1RuwuJSPNfkZA9SuOU2dKRLjUXg/rz6orL4xG4eqgvMMZmRwU5okuAJKxdDol2agQ4HcJTgag50Z49VGbQWbgJI7pFKsWuO4YStlUyabfVILm1XNj0eUSlr17Ty2+rtPqHkKOotZWG3d8kG6talH4hwnyoOLJ9nV2sUP8LVrxvyrO/5Tq38Q+p6Dh5XUN+IP/8AMVSXVnjElY85wzymmS0zb2n+NPVFEtZU1i4LR3LpVhs/GnqUVmBmt1i12JkErQLblzTIKPS1Gqw4dxxlWsn2S0dD33jR1nYND6Or7mHPxMHKY0vxEddUn/8A1lu4Dsaa03/2jq1rcUK75gYTenduJLgZlVJp9EpfZv8AofiW6zgB1O0fHPOU/ofib6l3AVtMtXep3uErnmnd9icozLxwM7pSVhSOlLT8Tepn/H0RpH+mr/ytw+GXXtXrfThqL7fyASQGl08Lhm1uy54h32XXv4eKLmdH2lUj9YLvulLemTJKrRugOKxVqinTLzw0SkNdIlN9Qq7aDhMSFituh1SKvq3iTpOk3X5W4e8OJj9JIRR4i6Ky3NxVuAxgElzgQAFqnrqHazua6Ikfuqx1ZrIttFe0PyWxgrqjijTZM11Ru2h4w9H3NU0qWtUCRznhOG+KnSRdt/j9iPnVAK410a/BfcVGcP5McqG1G+abhxgEz3CzSXG6KeNJ1Z3ZS8Q+mKxaKeu2bpE4rN/5T5nWOhVIDNTtT8qrV8+Pz5GGhrflhEbq1w0nbcVB8nlWop+ieH9n0KpdTac4fDeUTPo8I7dcsnuAFZueIIK+e9HqHUmH+VqF0wD/AC1nD/dbO8HNc1a91Sua2o3VVjYAbUqEgYVKEW6oXB/Z2JTu6NQS14KUK7J5WvtPvq7abZquJjmU+bf3IE+c4fVJ4UVFOi5mswf1D7rBrhw5hVAaldA/4hWf4pczPmEFZ/GaFtFQOBIKSXMbic91Vv4tdNGHpJ1u6HoVLxv0OizVntNMwcrTXi/WFPTr1+7LWgcq9v1+vtI2haa8Y9cc/S71uBvMYKznBpFQWzknqqsXXVWMS8k/dVZ07idym9frOfXfn1UEHcyssapF5VsTVgjn5plVnsZATmqfhOE0eSAYWhiN6pHM5Td7iTko1R3ciCm7jKQwb3e6C47iMQEuoMySgudtMEcoY1QGqSDwgVHCc59kZ7hMk5TV7pdxhShtFIYQJIRAeJQmNMYKIBC2olsKIBkIjRJlDbMcJYnlSxBWO7E4RmuByOE3aCjsBj3TANTB3fNOaQgoDGd5R6ZaAZ7IAKDnCeWrjMJoxwPGU6tDL+E+gskKeCIIkpyJ2QQE3ou7bQjl21uBykBKaIJriBMZXUPQmmgdMafIJ3U5n3JXMfTzJuGnPvC696JtQzpzTQG4Nu133W+F1MWVN4x1QsAIbtmFLW1gCPhGURlGDnKlbGm0Q0ASfVdjdnKqQzpac5vDU4p6c7/KVMUbYRkGE7pW8HDVLY+yu1tNc1kxkqFudPeHGRhbAfZ78qOvtLP9LJlNSomUVZRKlu9vbj1TevTEQRJPMK03GnPaY2x7po7S90zTVqRDgmU+rSJdEH7LzbUEggwR7KzV9GOSGJidLrMdG0quQuOwVoOBCl6FIFrfhQ7HTnbpIU3QsmsE7JUuSLUWM/yhcBgZQqtrGAFMGiA2IiEI0VFmiVEK62wZCZ1minMjHupytRiSofVGNdRcxxjcIVKVCoquv61b2rS1tyxruTlap17Xry7uKgbXls4gqZ6/1LTNPItLBxfXk7nE8Ba8F48v3HuVhlyNaRvix6tjt35gul4MFFdbks3eWSEBl2CRvOfRStLULYUNrokLklJs6owRDupBhEfCiNdTMNcZHunlV9rXEggFRxaPONJpGTyldmjikPhaUatPc3lYNpVa0+XOEOhdi3caVYYPdOG38ktEQVIuNjelc1aQ2u490urVBYHxCZ3Ff4iCO6ALggFhyD7poHEkKV46lEP91K07/wA+3ioRMcqr785MJ9TuWhg2u7Ia0TdB7hmS5uU2Nctx2RKN1DiHcFM7kjzCRwcpLQpKwhrBxwvCrGQfomoqEeywKjpLRkqqshpD4VzynVvclog/3UW10jJ490plZwMNTWiWiabeCeU6p1g4YUD50PEp9Z1pP/VWmKixWVQdhldueBNDyuitPDm8UgSuHLJxc4AESYC7y8IqJt+kdOaWgfyG9vZEyJdGwWmAVFa5deXbuh3ZPn1i1pzCqHVOo7KT2hyiEbYdmqOtrk/nHVAeAStN9ddSVKjPyzHw0TPutmdaXsNqP8zMGTK596nv3Vrt4H+bC62+MRqNkzoNZv5GrW3YkhQN/cF1ZxEKS0qoaehlxOSXKv3VWarsrNRqKG9ydixVjjkrxqmYlNN49V7eZwrpoVD+lWO7kLcvgWDuua8/1x+y0gx5JW+fA6g9umOquEb3n5px2wqkb2s6x8sD0T6nVkKJt3bWCAnLKpVtIEiQDmuIJ7LG+f0jlMxV+6UK3AJWcqLSY6L+wKE5zhMFC8zMgr24O5Kn1odmKrtrDlaO8ZboN06s2cveQt3XLttMmJELnvxtrPNkWtOHPJmVhl0h4/2Oatbq77h3PKipMevun2q1P5rvikyUwG4c5WUVoeXbB1SNsSmlQhoITqsZCZ1YAlMyWhs8y4mPugPiCQjVYiZCavDjwcBL/hXYguMmTEILySBKMZPcBNnmCZ+4S/oKrYKoTugBBc4RjlFeRMRKA8A8FFUMpLT2aPqltzjlDZwitwcKydi/iGOURojByhgyQCUQH0SEHpgckcJYcHHAQmUi4TKMxrW90AEZuPEo7KRIkoTagBgZRG1T6BMBxTpRy4p7bANdgpg1z5EEEJ9aHOZQA/pGSPmnOQMcJvSxiE4cSGyQhAT/AEzi4GD7rsrpKj5egaeIAAoNwuOelG+ZdsaO5C7M6dDW6PZtaBii0fst/H/dhm/1ks1rRmE6tjsI7ITKe4A7RhOGUp4Xa6OBNtknbVsBpUnQcJGQoOi1wiTBClLV8tG7spZomSgDXYWKls14BK9QcDkI4IOVNAuyLuNMDzIyExfp22cBWMwU1rUgd0JN0UiCdYD/ACgpvX0tlQEgAFTL6U44SRSjMBNPQ+NENR07YYLU/pWQaJjCeeXnISgCOyTZVEbXohmB9imzqOCpK4p7nS4fZNKgiQE0JqiLuaW0Gf2Wv+u76rZ27ouWUaUfG9x4Ht7q5dR6/p+hWz7m+qhuPhbOXLnfxP6wu+pbkBrTRtGfpYDh3z+SHJR7NMcOWyravVo6jqVU2e5zHOnc/lx9U9PSYo0BWr3tJpA3FpP1VZbdPpO3tedw9Ep+o1q2KryZ91yTdnVHQ8rihTeWsdujuCmb65Y7DsJu+oN0iQFhz92AFHEpP6Di5fmHQsC4eHBwegBjj/SUrY4ctKCqY6rXjqrASMjuFmncnYJ7JntIOQYWScRJSFxaHNSpvk7k33kHBSCTCzTbLsppidsJ5nd2UVtYNjKG9j2mDICVt2tyixcWF8wkzKy6qCNvJQA8xhCLpd3Uj9bCufBysFwGQUMnOBIWXCcjCaZFWFD8kyvbyHTIQASCcrxIwOYTJaodCpDhuUhZVNxwoYOyn9nXDSBKqJLLXpRFSvSpjl1RrR85C+gHh6Py/TtnT7NotH7BfP8A6Zaa+rWNIE/FcMGPmu/OlXtttCt2HAbSbHuIW3DlZlkdJFhv75lOmfi+q151NqPnOcGvnlS2uayA0ta5Ui4uHXFYiZ9lWPHxGl7KB1u6oLaqcwZyPVaG1hxfduDjPxLpLrmwpN0ipVPMLmzVDF+4jHxZSzLaNcf5K0TgPkaKxk/09/dVWvUyRKsd/XazS6bDAloVUe8FxdKVdImu2KNQzystcRkFBLge6WCr0T0PKJ3QZyulvBeyNPpu2c5oBdn5yuZrYkzj5LrfwxtjQ6dsmEQBTaf2VRWwdUXqlTwAB80QtdPsiU2jbhZc2Txyh7KQ1cX5lJDyPqnTqYyIQH0iMBQ4lI8KhAyVkV2zkoL2kFCc8g/pS2D2EvbjbQe4GYaTyucfG65f+XptDjDnYHqJyt+6pULbOoePhK5q8Z7oVHsYHQGjIn/16rHMtFYv2NG6k6ars95TQExJOUS7fuqGe5QeRAEEeywRM+wNYyZiE1rPEQj1Hc5TWrxPdMgA48z2TeoRPsiPMHhBqOHBOUmikCqRkN4QHT6ZRHSOcoTicwltD7BkyN0ILnkyDwlOcT3QnuyirEU2nDSRKI2e4Q2tBIIwitMDOVdi7FsaTk4CK1zGdpQZJ74Sm5OUgqgwrGeMJbSHmf3QRCKzA5hMQcY7IjeUNnEFEZBOeFSQDinEY9VIWUzKjqcTIn2UjZ+6TAkKWe6cSS2OU3pAHhHnEYSSsTLT0fTL7umD/mb/AHC7Q0Si1mnW1MtgiiwfsFxx0LTBv6AjJqNE/ULtPT2NNGkAP0saMfILo8dfmxZ3WNDym2G4ThjeCHfNJZRmAE4bSIw4fKF2P+jhtmWgeqeWziMJuynI4yE4psIglSzREjRrEJy2rhRzXbQitquiJSqym0h8HB0pOXEyISGOxmJSw70SaKTEGiOVjymQSBlEcYEkocujnlSV2J2kdpSXtLsYRRJ7pQZIyEqGrGFRmIUXqnm0rao+gyXhp2j1KnarDJxCaVaQIILZlPoqr7NFXvT2p69qL77X6jmUqJ3OBOGj0Hv7rUHiBqlte6m+20+iKVpak02f6vUldQdZ27hp1drBDA1znR3MYXJfVHlN1C4pUsw4z8zkqJG8XogYLncoxohrJIMotGyLmipPKcmlvIY0TAyuds1hCyOp0X1eBKl9L0Gtd1AzbHqYR7C0bvaC1XjRbJjWtMcDlZSlR3ePgU2Qo6MpCkCyS5Cd0VXeDtV5ps+MABTFlbMdktyuZ5XZ6i8SLXRpu66U1C3waDgPWFGVNMrU3FrqZwfRdFfwu1uW7alMHHoq51B0Ta1aRqW7Nr+Y7FVHKzGfhpdGjqlu9roDV6lSIeC5pH0Vw1PpytbOIdSIIPEJm3Q6j272sz6QtYzs5J+M06GBtPzFNpa3j2QjY1ILdqvXTvTbrintezPaQpo9Htpy805nHCHKhLAzUT7NzSRsKA+2LeRBW0rvouoHeaafyEKBu+lKwqT5Z59EvkXsr+K5FLbRfGBMJTqDtu7b91cndK+XR3EEEqPuNGdSYcEpfLEX8NpdFWc2EMmHYT+8oeU4ghR7jC0i+XRxZsXHRkETPdFpv2wQ7PomwdlLaRK0OZqi79C6jQo65YOuXhrW1QZJXa+m9W2VbSaP5e4a6WDgr5+2lwWPEOIgrcfh/wBdXnkNsq1cv2YbJyQunDJdMiUOSv6N/aprhqVCA/dlY0n+e/eVRKesurkHdzyrVo2q21KiC9/C6ErJfQ28TLxlDR6lMuzt4XMV3W8++mOXLcviz1PTrUHUKbxxET7LRtCoat62D/V6rHMnyRrj1AmdWqn8sxhOAFXg47jJ7qX1mqAGgxgKDc+ZMIrZAaQltd7ILTI5S2GXZOEJNiZJ6ZT8y6o0yP11Gj9wuyOhrfytJtmejAP2C5A6ZpGvrdlTiQa7QuzOmKTaVnRa04awZ9Va0Jq0WNjQBkpUJDSlziZQM8QAkOaCZSi7KSTuxCTQ7BPYDJATepSBTwjskO2+gUtewsr+vNc3T6oA5ELljxjrgaiQXRAIXVXVDxS058CSVyN4vVg/Vqu6DEwufKa4nbNT3Ti6qY4QnOgREylV3AvwIz2SKmOyyM5AahP9QTOtgmBz3Tio4TymlR24pEgXzPKDUbgmJRKkcApvUfjHKC9iC4d4CBUeATAACXUOMITiT2S7BUCeAT6oLjmYRXygVHAlKhtoqLXCMJYPqgNaJElFC0ICAkcJbYQvoitSoQQSUVgAHuggmMotPJyDhOgHDPdEbyhNiPVGZARSALSguxKk7TI4UdT5BGFJWgluHJgPqMgiE4jIHeUKgBMSj9whNCovXh1RdW1a0aMTWYI+q7O02mW02NIktaAfsFyB4WW5q63Ygd67F2zZaK80G1HPDXFox9F0+LuTJ8l1BWJoszkI7KRmcLDKL6bwx3qpKnp9c09wZjldUtHEqY0bTzISi0x8KI5hY6DghZOBIUFKgUQJWWOJOEmpxws08ZBTQMd03xglGa4NiSMpoKk47ojagGC0SkarSDvcPT9kghI80nBGFne2JCRQppIxCUKhCSHTheDS0YRRSYXeD3TK7exjHOJAA5S61UUWlzpAAVL17qCo97qNA49lNFrfRXfEvqWnZ2dakyqGgsIkclcs6xWNxfVKhP6nLbniXXrVg8PeTImD6LTr2E1pcZyoydUawVIk7Gmypbhs5IiEShR/LvcHQUK0rU6ZAAXn3RfVhvcrmkvZ140SWmsc+vIPCvGmU4pADuqpoVs+o7dtKu2l0HYBEQFx5ZWz2/DhSHdG3+MEqctBtaA0JkKJgHiE+tQMLjbZ6cYkjbsdOE6fZmtAcJKJZUmODSOFM29nuEgfVaxi3smdIrN30rbXzHMfSEkcwo+28O2tdLaQInutg0bUA8ZT6lQA5C6Ix+zjyO+io6f0tRsgP5WfZP3aTb8mmMeyn6lI5gJjXa4T6KpLRnCKb2V2+06jsIDQq/c6bSk/y1brymSOcKHuaIbJ5K5Mls7IQRVL+xZsjaAq7qOmMLCGiFb74tyIUBqIDWGOSs0zaWNcTW+saS81vLb8R9lBahpzrUw4HjmFsL8kKlV1R8yq31LR2cNXXinWjxfJwLtlPPwmCEkPie6VWa5rpnCBuA7fNda2eNkjTHlCoGkOcrP03duo3LKlN3dU9hyBBVl6Z2vrfFOOy0iZrRuLT715oNeD2Rq+tX1Ok4MLuEbonTaN9aEVGFxGB7KwX/T1vRt3O2AYXfDlVmT06NIdValdV6zjVqEnvKgtLfN2yfVTHW7qdO/cxp4wYUHpLi65EDhYSf5GlUh/rVSHxPZRO/tlOtVrbq0eiZBwVLszDB0CAfdFpOLjk/VNgTiUSmZcACqAuXh7SfcdVWNNomHbo+y7D0QbKDGjsBC5O8ILV9z1dRd2Ywz7LrbTG7aIx2QtiZLNeIOZPdKDkFvqMfNLJjJQMU5+JISSTzKSXT2WA48QgTFExkFJDj3hJc4TjskuLnZIRVktkH1hV8vT908u4XHXilV3a5dFxJ+IxPzK6264reXZAEjuuOPEO7dW1a5Loy71XLn00bYX3RQ6jtz8BJJIBXnT5hPaVioOfdYsl3Y3qZknCZ1DEwU7e6GyUyqkkkylQgTzGYymzyCUZ78wf2QKgBmEiuwTyUF7j6Ijj6DhCqyexQIE8ndwhPLSZASnSMlCc4zwgaVlSBBMojYOPRDYYOUtpMnEKiQg5RmwDCE1LAR0AUZOERjoPCEwTwitAHIykwDNzmEZvKA05yjMjuqWwHNMAmVJ2ohvCjKQn7qUtB8HeEAPqMAzKcwCQm9CAIR5Be0RhNCvZtvwXt21uotOa4H/AB2x81228n80xhBAiIXGHgWwP6m01sY86T8gu1HU2VawuBUaWxK6PEX7E+bqMRrWbuu4b2KnB5gZTY2YjKgw4VLsuEETypzzyC1o9IXW9aPPj0R1+xorHYOeUDY7bhHuZ812Uhk8KH2bRqtjcj1WQzkor2Z4SIMwUaG/sRA5Xi4k4CW6AAkhuCZSKT+xO71XjUgcrBHYL3luImOE2NP6F0qknJKdteCOUzY2OAnFNuVJa2Iv6RrUHNbyRCpl/pFO1bUuKgJIkgK+FoiMfVQfUlNg0+rUdAaGkyeyVUWcz9fXDri5rgnMkLVVw8MqGM5Ww+s7ttW+uX03fCHELXNwWvcT7rLIbxRkVzEgqR0mk+vUBLZHuonY6RHCsWgNPmMa2TPoueeju8ePJoumj2Qp0gXDMKxWLQEz0+1IotJ9E+pNDD6Lgy76PocEVFEmG7molHc0iBJQKFXdA9E/tjnDcLm0jsWiTsa1VrQCFYrG6qCnDmSq/aOBgbYUxZ1I+E8LpxvRnkVkuy6P+TlGbcxyITJrgXAeiciHGfRdCZyOP2LfdtEzKa1rhhbImVi6IATV9UGmRKHKxxgvQ3uKzIkGFC31aSYPKc3b5n4lE3AdkyVzTZ1Y4kXfEF3MqMuKTTmeVJ16TnGeU2qU2RkZXMbvaogL2kKIL2jCqmvsbXbI+yt+oZcWxhQOp0qflS4CFtjdM8/yIfia8vbIwS0ZUTUY9pM+qs9/VpisWsCiby2a5hfGV3Rdo+fzY9kdTeZ5Vx6HpNr6rRY8S0yCPVVFlJwfJV38OLapX1+gGt+FoyfqF0QVyRyNUdBdH2TbK3ADYlOeq70W+m1XAkfCcpzZOp29sJcJAhUHxK6kp0bR9FlQDEcr0nHjE5I3KRpzqi/Ne/qOJxJhNtEg1HOzwo++r+bXc+ZJKf6K4hr3CAYXEv2OqXVGL9489xGcoAIPC9dPLqzh7oYIGO4Wi72YjhpCLSJmICatcSeE4oH4h6qgNteBduanUFWttBDGAGey6l08fywDiQucPw/2pNa7uS2ZcGz6CF0daECmBKpfqS+yQAEc5CwX8ABDa48LJgZmVI7FF5jlY34wczlJLiW+3okHCCLFucOe6Q55EZWHEdjlJJkZyglspviBWi1ce4pux9Fxv1rXbU1KuQZBdPsuu/Ei4FG2quBiKLh9TK446qfNzVaMDcYXLn7R0YFUW0VomXH5rDziCV7kmOyQ+e4WTSE2AqOExEplVcZJTqo4wSMQmdR2ZcpaBAqjgQJwm73CJnlFeRPsgOIyIQNUhBcBKDUeYkf2Si4CYQzU7bcfNJhaBET3yEh0QsvMOkH6Ib85OEDTKm0ThLZ/l9O6QyDhyJTwJ5lWQEBz7ooJQgiNHeUAFaZCIw/EUJvaUZpkCCPkkqAIPdGYhNExlFYYxCdfQDmkMg91K2oOwe6i6HZStvJYBym2BI0gGt9ylCS8AD6pNJs0wHSl0z8YEzCa2TVs3b4C0n1Op7ADgOM/bC60p1qhAa0kA9p4XLH4eqU9UWZgQ1j3rqZkOAAXT4rVMjzE3xHNs6O0d0/p3LyZJTOjI5CcU2kiQF0tWcStBnkuO4mSlsENlIYSDtI5RY9lDNY9CNu8EzCQWR8RPCcRkJNVgAkCUi0vsbkNPzSSw9uEXaAIjJSdh5lOhNoE0doS2gzBEBYdIXmPIKGgUqChjC4FpRgyEBr2iZ7pYrhvqkUmFLT2Vb603t0a5I/VsIAVgFyFVfEHWKGm9O3NapBc/wDlsHuUjaFyaSOV+pmOBrOMyS4n6qkVGiCc8raGq6WNTo1drprPB47la1vbSva1XUq2HAwR7rnlkUnSPUl40sSTkAt2mrVbTMnKv3TumNobHYk5VQ0O2FW6Ac2VsHTv5bRAGFzZHZ0+HFJ2WGi8BobMQnDS0CcZVdutWbbe/qkU+pabmiFyuLZ7EZqJcrRm5w2jKlKdF4iVTtL6iAM1HCArbpurWl4A5tRuOVHxNm0ciJKhuaRI5UraOA5Cb2wpPjGFI0mt4a1JY3EpyTCh7QZEyjNumDlCdQcRLeUGpSq8AQVonJGTSYerXpVQYcmFxUY1pDTKM2i5uSg3NJxnCbY0kRFeqA4zlMK1VrhAcpC6pkOLQExqW7QZKwk2joi0ho6FG3rwwEhSdw0NGCoW+eHTKxZXIi7gh0uVa1+oWUyQcd1Y6joBxACrOvsL6byOyqHZz5txKLqNUtqlwMpsbvzG7XfJe1KoRULSEzo88SV6MOj53PpjnBIgK7dDdQWOgPdVqR5juCeypABb2QzcFroldOOXB2cU02qN8XHijRdb7WPHz9VrXqrqR+q1CS+W9sqpG9qRtBMJD64dBcSV0S8hzVGUYKPQR7yTPZTGluFO3e4DkKviqSYAhTtnUaLM9j7LOFWEnoDWdueTPCwHSeUNxlxgpQknmFsjNh2n2TmkThNW8ZTqhEglyYuzoTwCtS3SqtcY31TK3zaAbBPC054G0DS6boEsM1DuBW5LfDBhX0jNv8qHIHcL0lDk9isyfRQVYrIGZSZgZXiSMkrBJjnlV/0TPSUl/HZKAkQUh+AQjRk2zWXinW2WlwZGKcALkHqWoH3VQzy4rqzxcrubY3RmQRtXJeuvm4qfMwuPP+x14W+BDh0E5SaricT+yy2ATwhVyQInBWZLY3qkDKaVDORkd5TioDBEymTnY5lQwBvO7v7ILxIglKrO2wQ3ug1C4jcDEe6Q7BOO04/dDqEAgysueTJKE44wc+iARiodvHPKDLicmEpxJzH7ocAme6CissbOUZmcBCZJzOUtvoOZVEBAYKIDCEJJRGgRBKa2AVuRKWwkGAkNGEUYIAPOUWAVoIiUZsH5oTcxJRqYB7poBxbjiVMW/wCkH0UVRpwcSVLW7YaOZQ+9ASDCdgzlZpGagaRleYyGiQs0BuuAIGMJpIEdDfhyt/M6lpuLo2W7iF07b0Zz+65y/DVRH8cfUe2dltz910tQp9+y6fGX4tmHmSuUV/QWnTAbBTuhSIErFKkHQnTGhbt1o54qwZpy4Y4WdpHCdbG7ZQyyBA4UmyVdDc+4Xi0uGEbypPGIWCwt7IBgBTnJCxtmRAToNnsvGl6NTv7FxXoZGlAjugvYWlST6cjAmE3qUpMlqFQPoYkuEnskeYZiQU7NDkDhD/L5mFWkR2BL3AKjeJVM3dhb0HTtFXccdoV+dRJEEKp9d2wZpzap7VIP1Uzpo6vEb+aJqF2imtdj8sdkDvwtbdeabVtNTPnM2OOHD39Vt0VNtwNg9pVG8V7Yufb3bQSXM2v+Y4Xm3TPqfIhcNlO6bYBWJiYHKs/5nyKbjEQFX+mmwXuPyKsDbGpduA4BSk0YeOmlRDXL7i7eS0kiVhulXr2hzB84CtlPQ6VJg3CFh99p2mtLargQP3UKjqcWV78hf0Ke9jKhA5gINr1Bd6bX+Co5sctKstLrO0pNG3T3Opu4JwQmOparoOtMLn6Zsqk/rAAKpJvoycqfZYdB8RalTay4d9StkaNr1tdsa5r2ukYytB09GovO60ruHsrX0zXu7Cqxr6hIb+6zlJI6cTctG8KN3TIzAWTdUpgqqWOpF7AQSUS4vKrDO4grHns6fjZYa13bhpggQo641WyY0h1ZoPzVV1XW69Km7a+THqteatr1/wCaSKrpnMK04slx4o2ldavZFx/nsA4yVEX2t29IYrtcD6LVVXWLuqYO9/3Kc0bnUajfjoVgOxc0quMX0Qs1F3qa/QqO275CbXVzTc0uaQZVKr6lWt3bfLcT8kNuv3TXQct9D2WUsaY450y01qstMKD1Mh9NwcOUSz1NtwNpIlAvgC13uoWKi3NSRr/V6QZXMjkpjTZB3DhS2tNAr5yo0n4SMrsh0eBn3JmHvMbUF1M8xhFYwuyZBWXNIOeFqczWtjY0iEN8k/JOnQAU2qEJozbTEsGYypygXNtBPdQrILxHqppxDbVonstcfZjJAREmURueceiC0yUQey6FVEN/Y4pjjunNAfFMTiYTRjg44T+xbvrMYBJc4N/dMm0zq3wmthQ6es2gEAMHK2dSnaO6o3QFBtHR7VgbG2m37wrxQIDQFcujFbkHA+a8YjhZDhCwSOMhQaNGMleEeqxu9AvZPdPszbPEQZ7IdZ4DXR3HKU47sSh1obSOeAiiHL0aN8arpzNPuSw/qcYHzXLWsVd1V5d3K6W8aLoMsKrnZlxj19P91zFqzv5zhPdceZpzOzFrGNGlsIFZwPBRWn4ZhN6xPBCzaEN6rmhpmUyqFsyE6rvhuEyeQZlTQAqrz3KA53MHlFdnAKA8hvAlIYNxAJ7oTvt9Es5MhCc6TgJDEPMZH2Qt3ccpT3beDKH3lAyvNj+pLa1vIJSWmMO4+SXT+vsrVkBByltHcrDQO6I0TgI6AUAYRWNkSUljAQisBGD2TuwCMHsjsaewQmNM+ydUWkZQAeg0yMqVoDAHoo6gPjClKHLQkwHgJA7xCVaM/wC8AniUmYHP0S7CXXIJiJVpAuzqT8M9t5l9dOJOLWR7f+oXR1FgaAO3utC/hjsKzvz1RjZii0T65XQLaRaAHNyunx1+BzeZ+6D0mjgBOGsOByhUwSeE7pNjstWZwWjwpwMLLqZgCEYNn0SnNCRqht5ZK8KWc8JwGECYXtqB1YAMAOI+yUKQiUQsHI7LIaSmCVAjTgcIRoh57p3sx3Xg0Ao/6J0MxbNjICG+17gBSJYCUmpTA4Q2So+iA1S4pWFq+vWcGMaJJWrOqetLPUqDrCnUDtzgfsrf4wXlSz6af5Mhz3R/sud7WrVdeMDnu5jKJPR1eLBc02bA0vTjUpmuIMO7qJ8TNDp3vTNWtTa0PthvxgkKX029ay1DQ6MwVF9e6l5eivptMCowznlec0mz62Sbx7NWdPWuym4ukSeCrlpdnuaHBVfSnAAngSrlpNRoa0DuoZhhjTD3FnUuGbGeihb3o83NQVnEy1XSi0bPhhOaVFrz8cLNKjr43o17X6fe6mKdRmG4BARdF6aoWV3TqXDHPp7gXA+iv7rGlP6Zz6JNWybtBaAtoZeOjlyeIpuyu63p2k1rptxpdqaLSIe339U1fZG0c2HSDmVZ2U6NNpNUCVB6xdDftYAAMQuXNK3Z04cXxqkTGiPD2CThP9Rc0MJaVBaJd7Wgeidapefyoaclch2qOiKvKfnF2ZCr99Tt6btoobncREkq3aUylcAmpAJTHUNGpUrjz6VUl8z7BaY19mU0VStf3WkQ+tpga05G4QUW3640pzCy6sXMJ5IMqY1e1r6pTbSuaYcB3AVdqdJNoPJ8ou+YXoxjCtM8rI8iltD+sdL1Zm+1ewiO3Kg7jQRuLgUN+majYXYrWzHBs5AH7Kbt31K1Mec2Hd1jOvR04o2tor4oflHw2QvV6xcwlx4U1qVoPKDnDKrl8006LsYWcWrpmko0tFV1Gr5lwT2lYs9PrXtQMotkHlIrsdUrmOSVc+mdKuBamoxm0H+ordNJHmRx/JkpkY/p+2t6G1/647qsX7GW9QsnhbH1DTWsoPq1Xk7RMrV+s1wbl0HEqosrzMUYRVIG6oOQUF1QExym3mumAUjzCHZOStuzxpOh9SI3hS9U/wApg9AoG2eTVAmTPCmKpw0H0WkEZuVnmORGkdygsdKK0rZKkQHp5P8Auprp6kK2qWlGB8dZg/dQlOcRkK19B0PP6k0+mWyPNk/ZMS7OuelbcULCjTOYYIPsrNSLjwAoLQhst2AntCnaTsQtJGUVuwxgcnKwCPVCIO7OZWWjbypSKbsJM9wFmIEzyg7s4Jj5pTnGUUTQqJME4Te8eBReTEAGURzu+ZTXUHtbaVCf8jj+yLozcV7OdfGu6H5bZP6iSPqVzjqbw6qTHdb48ba7QAyTI+L91oG9qAvJOZK4Zu5s7UqggbcDiJTesSCZTiZbnCa1SplskaXDyMeqZPgnJgJ1cO+KCmdT4uO3upGgbyOeQgOKI/mEJ57eiHQxDnZwhPPchLdIE8IFR3acKQsS7aeMkoZI4lKJI+iQSDyIQMgG/EYARW+8oQhGZA7K0yAzB6hFbzGMIQKW0nuUAHZMwI+iK0Sg0wJ9EdqQBGyAnNEmOUBicUzu5EJJgOrfLgpO1/UJCjLcEvEdlK22XBX2A7IESi6WB+Zb/wCZCcSG4TnRaRfdsae7la6HHbR2X+GEClo+qVg3LtjB9IW7WbnHcVp/8N1uW9NajUgCKrWj1OFuOm0wMLqwJcDk8t/+oekMSnDITcNlqNTG0RAWjSIi2Hb9EVjcA8+yCwFHY0+hSo2TsWRISTSzhFAWc8xlFCAbCOUrYDwCiOaSBgLBAmImEUOwZaP6jELAYOUbZ7L3l7v7IUSG6BFkjCQWyIIR3DtGQkFo7zlDQcjW3jLbPrdMVA0YaZn0XOlMhty0z3ldUeIlmy76euqBBPwkgLlWu00q5aR+l0fZDX4nT486ZbbS4Yym4O7iQVB9ZV319J2OkQVYNHoUb2xa4AFzYTDra1p/wSs5rYfTbI9F57jTPqY5OWNUa/sXDywJkhW7QyXgCcf2VPsWO2AK06JV8ogBZSDC7ZbqLXNhSVCnPAUVb194EcqWtC6MrL/p3pWPKdKIJMhEdT3fCGiFikSfhCe06LgyYOVa2J0uyu6pRZbMLiVTr3fWqkg91bOpqvljbugk8KrsIc+SJWM4X0VHRIaRaltOSk6udjNoTqzq+WzhR2q1hUfEYWfFmyYrRnOe/ZugnhTZsS5wa85KgdLhtwwjGQr0y2FagHBuQE4xJk6Ihmk1WHcz4gg17GSQ5mR7Kdp1TSOx4Wa1Fj2l4W8U0rOdxtlWfpVNx3PbPtCaVdOoUnlwaPsp+6e1oMxKg7ypuc6Cok02aRxkFrFMbS2BCp+rtaKToVu1OsAwgnKqWolryWzyko7IyKlRB6HotbUtSa2m0kTnGFtG20s2doKYZEBH8OenrVlj+a2t8153ElW68s7ZttUkCQ0wt60c2KCizTPXepNtbb8nTMPd+r5LWNWhWruL+ZVq67vTU1qq0fpB2g+sJvpOn0rmnL3Rj0UOXxq2YZYvPPgio1bR7BxCbPaQRKtWt2lO2BDTPoqxUMnlXizc+jy/KwfC6YWxE1mn3UxUMmFE2DZrNlSTz8WP3XbjVnnsWwAQigd5Q6eOUtp9V0Ilh6ImMq9+FtDz+qrZobJYC7+yotIBbO8Fbc1epTVj/DpwPrz+yqK3RNr0dQ6SAaLTgmJUsxxA7Qo7TQGUWj2UhuYG+6qf7ER6CB49EovmMIQdK8HGMBTQUKPrwsF8AADKwSCMnKw4jsUdCldaMlx5MqP1eqBYVi4xLYlPnOaB6qJ6gqBum1THZLRnTs5f8a65deBoPwhsfVaPunNNQglbe8YrnzNRcxojaCtPXGXrhdOTO96gkYJBGD9U2qycI+MptVJAKTozGdd2YMwmm74sGUes4z6ymp4JKkaYiq70AQC4+nKI90oLjGJJQ/oGIqOj6ILiXEolQzk8ITiIngKBoQ5Id90txmUOYQMg24OCjNMoLQBkozY5CogK2RwisG5DaiA8eqKHoMwgcZRW5IJH0QmCO+EZsJUIMzGQUemS7kpuzA4CcUjhNJBY7oGHiFLWnv8Asom2Ac8BS9qPiGVS0A5eRtIOE/0AB10wjsQmFQw0ypHptrjdU8zLgn2gitnaf4eC6j0nc1iSWvuII+i25Srh0QDlau8BKH/yUXObG65PC2pSY0DjC7sFPGjl8hXlY6puBbwiMduQWR2+yNSZGFpSJTrQ5ptMdk4YBAATenJwnLGyPRKi0EiBKyBuEwvAiIShjHZNIZgNPqvbGn5pe7HCSXIJEEkYlYAJWTCyCAEzNtiTlIIwSiuEjgZQ3CBhKgshOpqTamlXQcB/hO/suTNXphl5WHpUd/crrrXWA6fXaGkksOPouStfYaWo3NMiCKrwfuk+jowVZ7RNZfp1YSfgOCFN9Q3FO/0O5cwSHUifkqRUJa6RwlO1m4o2tSgHfC9paR7LmyY+W0ex4/lcVxkRlm9oMAjlWGwcGkHueFUretsfAiArNp1TeGmeFx5ItHfgmm9FusHjE8qatqod8IKrNk7H6jKnLJxgQcrmb49nqwuizWAY9oloKe1alO3pOe8w0KMsHFgBnsk6tVdVtntpyXEED5rSMrCSsp+vXbtRu3lghjSYTOwtH1qwY3OUG4F457mMbDweDhI0LVn22o+XdsNMgwQU2rGXSjolUUZ8sxHKrGr2Xl1YAPPor9T6ptBbBoa39MfsqJrWr2r7tx3tIngIcQU37AaaNtyxpBGQtl2VuBbNM8tC1vb3FKttq0vVbE0iv5lqwE8BSo7G5Ng7qgzdO3Kj67i2RuMfNS94Q1pdICgLytzlOX4jiMbn4nHMyom+DGguJTi4unbiFD31ckHMrnbvZr0QerVRJgquVmmpWaN3J9FLarXDAdxyouxLri9Y1smCDCvGr2cWfJ6Nr9IU/wArprRMY7p1r182hptdxfktIChbetc0bZggta0DAUL1frJZpdTzHRIgBdDbFFqMbNPdSVXVtQqVd8kuJTW21e6tm7absd0PUK3m13OLpkpkXGFXBSWzwsvkyjkbQ5v7+vek+Y5RvkvnBRwc/EQvEw7CqGNQ6OTLnlk7Dadbv80EnlSBonfwE30+dxT4ZOSurGc7YhtF/EIjbd0SjBvwwDJSmyIk4WyIb+z1Gg8ERlbf8DLRztTuKz2yBAH0H/VarthJDlu/wJtwRXrlvNSJVxvkRKWmb2sGltISE8OccINuAGgEdkfaESlbJSdCNxHAXt7vReIXhKlspX7PF8jBSDUAwlODSIQnNBEQhCbPPrZjOFB9T3BbpzwHcqXqMM4UB1Q+LPbAlDI/+jlPxWrPqaxUHaJwVq2t/inmFsvxGrb9VryIgwD7LWtd01SIXA/2Z3SekIPCa1i6ccJy54AiOU0rmCT6pbMxlWcJITVwACLXOSZTcuPBSaHYhxxiEF7gOSluMlCdE55Kmw7BuByQhO9JRHuwR2QifVIdGCQBCRgjmVlxxkoZycFAbIYcI1Ke6A3GUalmT6qqJDj2CK3CE0xgIrZ7hMA1PBziUVmChCSAeEZkTCWkAVgnsnDMHGUAETAR6cRwhAPLUfFwMKXsyO5UVaEA8KVtWkmYym3sTD1f0klTHS7N95Tb7qFrzthTvSTf++UvSRKv0ODdncngXSFPoS1Djl9R5lbKpMBEAha+8HGCn0HpgayC5riT/ZbCpEgdl34V+COXNvIwrWAQjNBH1Q6ZLz6BHEey1olC2H4oRwDGCgUkYOI4ajj9A2Ea4n2CK3PdCHqQURuOCqoLFu4wkESl9lhok8pMly+zBgYWCCEt2OcrBOcpUS5A/iPsFg88ylHmQIWDKVEWMr5m+g8QZIIXK/iBpr7LX7sOYRvfu/5XWNZm5pgfNai8U+i/zzHX1Bn8wSZhJ9UbYp8Xs57qjBTC4BLDHopy9s6tB7mPYQRyCFE3FM7XZWTO6L+iFotArEk91YdOG1wAOSFXgCKrvmp7Snh5aSeOYXHlVnp+JLZZrKo5rmgn6KxWALiNyq1nXa+qBIx3U4y5hgLXQG8rgnF2e5jmqLOy5bTYBOAMphqWqU2NOY9PdQ1XVC0bSSoa/va1WptaZVQjSL+REhc31tUPmR8U8hIfZ0tSY2pRIbWZwT6KJYXukOGeykNPinhziHTxK1QnOxTtP1NhDXPDWxzKyzR7YO31IqP+akLu6eymKZMkjlV+rUuW1RU810A8JuiU23smrTSqhrtIGymDMequdgRRoBrTGFR6OsO2Nc52RyrFpWqCpSAe4fNZs3VUTFzcSz4jwq3qFfJghSdzW3SJweFBai8NBnKynKy4ETc1iHnKjry4a1hJKJeVADOYJUBqt81rC0GJWcdhOfFERrF35jyGuypjoCy/NXFS4c3/AA8CfVVO5qjdLsyrf0rrdhpemuq1LhrHk5B7rqhGjy5zUpF9vAGUC6oQGgSVp/r7W2Vqv5ejUljMcp31R4g1rsOtraptYRktPK13e3rq7i5xJJWiVmHk+Qox4obVX7nH1QvaVhzpykFwmVrHR4k5cmKcc4ysgzH+6Rvkx7pQ7K6T6MyRsCACU9pnMlMbQk0z2TuidoglawRLY5DjzKIDkJu0z7I7DIC3SMmx5bnOBK6E8DbeNFFYDaKj93zXPdtgiOy6V8HbYUunrY8bgDx2VwjbJlKom16GGCUYEdkCjJaI4Rc91DWzSL0LgH0SSCAvSY4XiZGEqB0Jgey85rY4WSfZYPsAijN67EubIiMKpdaMDLbGBBPKt0mD6Kk+IVVzLNz29mOwpdocabRyV13cGrqNw6ZhxAVBqu+MnlXLrOqw31ctOd5lUsvBc4+64e3s6pvZ5xbtymVYiCAT9U5qyRMplWdEo66IQyrHMdk3fz6otRxcSR6oTjCV/YwTzHKb1CWknIRKpMyhOdu5yk/6AG50jASHOJwlugFDeYOAkxpiXnEwkFZcSTJH2SS5rsJFWRAGJRaJEfChBxRKUAqyBwCe0IrEMcAxKKwweEALpxMcI7Gntn3Q255/ZFbyloArU4pQRkJu1OKUwmA/s+cKYtm4mVD2ntBUxbTsQiZGa8BsjurF0e3/AL5TPoZj1VcuDxhWfo0A3bCRIiVo7SHj7O7vCul5XQ2jzyaAd9yrq10wIVX6ApGl0jpNGNu21aZKtVNuJlejjT4I5JNObYamSBDSQnAyEBgI7QjCOxW1JiugjHRhGpSThCaIIxlHYJPyTSoXYSMJbYjPKTnslAe0JJkSdC9wAyvNzlIjuiNGEqsiz20nheg91kziBws4jiUqEJLJWC0BLAd2Xts8p/0CB7d0wVH6pptK7oupvbIIhS2GmISajJys2i0zn/xB8Nyw1b21bxJPoVpa8tS0uaQV2br+ntuLKqzaCHNIM/JcqdQ2ApandMDYiq4cKGrR14JejXlxR8qu4J9YvNKmdrsrGs0fIqB5ECYlNKVTcRtOFy5Io9Px507LJpb3O3P9MKetd5ouG6R3VX0m5cx7WQIPMq02lWm4tpt5PZclHrQnyQwvaxoGXcJFKvZue2oagJ9Faq+k21xa/wAyiHGFCu6aoOfNNpEcpJWdEV9iqd1pvwu2tJHdFrvsqrw+g4A9kGp01LfhLgm7+m7xgmlVP1V8DpjBNEo22dUYHVHD2TS7sZGNpB7IFPSdXptw4ED3KDUOqUZmm4wm8bG4L0IdScxpZhoCzZahVoGGv+iY3Gp1f01qRB+SaUa5qVIaCM+iykjLcdFyp66K1Ha/Dx3nlBurkVKO50Qoe2oOZUDpkHlHr1Aabmg4AWMoWXHJRFaheNghhVX1OtvH6c+qf39yBVIbzKh72pIJPdEMdPZjmy3ohr2tsaQoSre1A4w8gfNPtUrYOeVCvIldKR42bIxbqrqnLkCrk5RqNOZcm1d8OK1rRwSm5dgy4uPssTz7+yTuzKxzmUqIFDngJYedwBIhDDvVLYYdlWmIkreBSkd06piABKb0cUhxlOWGIJW8OjOWthWiRlGpNzgHKHuLRARWEEcZOVsjKx5bTvDYmV1T4Y0GUtAs2FsEUxJ9VyzYCarWkxuIb9zC6z6GoBmlWtIGYYCtYKtikrRdqLgBAMou6UCk3ZAhHbnJws5MuKo97SvH2XgM47LDsGZyou2On2eIceV7jhJ37hykyQOVVGTZ57njg4Wv/Eiq0WlaTEUz91fXvIbPqtZeKNdzbG6dIEMxlRPSseN3I5P6sqNdc1i0/wBbv7lVIOgnaVYupavmVnvJgkzhVxsTIauGLOuS2eqElsn0TGs4BhJT+qYGQoy6cIIlDZNDRzgcgJBSgJHKQ/HdS6KQF4BJlCc0AcJdTbzAlCLpwMKf+D0DcYSHR3lEPohujhIQNwhBdLSTHsjOwcSgvOEAiKb8kWmMzGUMccolPCvQhw3OERhA+aGwhEaY7JDsOxzsCEVmSg0iAZwjtMme6KEEA7SnFLjA7oLcpwyBEEpgSFkAJxKmbcfDMcqHtOFM0J8pUmRIHcuIcArb0MxzrtgMcQqhXd8QEFXrw8pb7+nDSTLYH1CqT0PF2d8dKUvI6e05gH/7an9MKepN+SZaDa+Xplm1zcihTkenwhSzaUcBelF/ijldOTEAHuUVmOEoU45HCVTbjAWqdEujG4yjsMckZ7JDW4LgERrCPiwrjszk2Ga4YSwfZDbAHGUvIEp0iG7FEFEaIEnlCBnlL3BozlDE9C57QvOBBjiFmmQTkIhDfRTQlKwUECZwstylbBGAsikRDvVT0My5uZWOUQjd81iIwoGmRmptBtqm7jaeFy11XQ2azdj1qErqy9Y19F7R3BC5p6+tRb65ctj+qZ9UJckdGF/kat6rpNFg520SxwM/sqlb3bWt2k8K79Us8zT6rAJJ4Ws3udSqlpPfhc2SPo9LE3F2WfT77fWAEmCrzoAD6zXVPSQtX6ZcFtQP9OFfNF1hktkQuPIq6PU8ed9mxmVGvpBo9ITZ48l+5D068pVaLS10+5T40W12mYWJ6sWq0NTqdqxsOgH0Xm3tq4TgSovVNNNIl9OSfQqIH5oPLZcE1ItS4l0pVaFRsNIygXdrT2kwCSq9afnN4DSeVMNr14DaplX8hfNPsZ1tPt6shzGn6IP8FtKTC7y2zzwphlBn6iOVi6dSFMteOyzcr7Ck+iu1GUWPLRIMKA1q5NoDsMSFOapc0aLS4QSqLrGo+e91MvxKlbOTI+I3NUVSapIKiNUvWgFoKNXuPKpmHcqv3tx5rtozK0UWcWXNWhhfVy90JqylvMRynjrYvIlEZSDFvjhZ5WaVsAaYp049uVGVgN09lMXBimVCVjLyZwtZpRVGAggEycLyxgZAleBMyRCypAKgcQiU5BGEPnul0nfEAmuxNknSMMaHJ5TiITOm79IIBTphx8l0JUYydhgSIAyEWllyCDhFpxuAErVWZ7JbR6YqX1BkS51VgA+oXXfStMUbG32/0sAI91yl0hSbW12xp8zWBP0XW+g0xRo02tMgALSPTG0tE6wuMHgd0XdEpu1x590TzMRCzZoEDj9FgkTlIFTiQs72+qQN6MHbPGFgkZIPCw/bgoZcJzCGZSsw9xLSMLUvizdBmnXZdnEfstsPcGtOVpPxjui3S7qDw7/lZ5H+I8K/NHMWvuO93zUI0y1Setvmo6CVFM5wR7rjirOqbPXEhnKirl+4wFI3TsYUTUdLz2UyYkYmBhCe4zKXI7lDeZ4Kix9An5nAKCRHJlEqbvWQhOPeUNjEujuUMkJZjmEgwUgSEO5mEJ5A4CI4xmUgknEoKaIkD0S2YxykCR3RGnjA+asgKxHEcoDefZFBBESgAjXQi06hwCm7RBRmMnJKq6FQ5Y8gzKcUnnd6pqwH1R6bThOgsmbHIkyFNUMU4AUNYYbBAU1SkU+yXRMmArj+YIWx/C2mX6pQgT/MpjPu4Ba4qmarRlbW8HaIqa9Z0/6alxSaDH+pOWkVi2z6B6fbtbaUAIgU2D5/CE+NGQIiUK1EUwDwAAnbB3OF3xlpHO0k2BFEzBAWfJDeOycQPRKDRC1UvZnJIbhggfClbTHCP5YjGUktMZWqaMGDaAUvaOERrG7ZSi3ACdsm7EMYO6WaLSEoDt3Si0paYtmGsgQF7YeAYWWz3CXIlMQMAt5yl7zExhKxHCztkZWbRQhrmuM7kp5aREpBpgGQFk0xHeUmi0N67QWkRK588XbYWmtbyza2oOfddC12VIMGVpTx8tqtLRhqDLcvNJ2SOyd0aY3UkaL191N9s7aeVrzVbEkmtTb81aLzUm1Wlk59JTbyW1qe1wGQufJKj1sMORTaVy6k+J4Vg0fVA2oA/I9FF65pTrN4rUstcfsmVncmlUGchYNKRrGTxyo2zpmtMBb/ADIH+VW3TtapGnBcDHqtM2eqFr2ukKz6XqYqPBe6AsJQpnpYc/ovtzqAuH7WN78oBtpdIHPqmmnOFVweHQ33U4ylTDZ3zKhRPQjNNWwVmym2oGkAKRfbU3CYBUfVayi4PmU0ra0xji0OMBEog8iJC6cy2pEkjCreq6sIw+Oyb6pr+4FgMj5qn6tqcFxpuPuFnw2RPOktDvVdVOx01MFUu6umec5wdOUa51TfSLHFQN1XBcS0rRY6POzZuQu7v31CQMQk2VE1Aa1QFe06wqX9adp2A5Kmri3p2lDYwdloc6TyK2Q9TaCQAEFxyiVXfETHdCd65XVDSPPyv8hvdx5ZKhqh3OJiFLX2aeCoh3qpyGaEzI5ys/PhJwsAjOVlSHYqQESiRuCDuEwjUQd4ToGySpSSMJ4yYkwmVL9QhPGwumBzzdMI0jBTikE2bHZGpughbKzNlx8PKPm9T2TSP6i77f8AuusNJ/wWiMALl7wnpGr1VbkiRTaXf2XUemB3ktA9FaWi4q2iTaISvmUMOIhpOF41Fm0adCyM5OFhwiCOEjzCclIc+TgqWQ5MIXRg8oby0yZSC4nuUJ7yfh4ASRi3RmuT5Zg9lojxmujT017XZ3VCCDwt3XFRwpP7ANK588a7g/lWsLgdzpEfP/oss+omnjfuc9azV3VDGM5TBn6QRhONXdNVNWEkSMBcsbo6pPYK8eQ0meFGbpJlP704wZUdyDIUN7BGTHKG6D3S8RHdIgxlQ2ME+OQSguOYEZ9kVzQJMz6oR5KVjQNx7JDhhLJ9YhDJ9EDEOkThJ5zCU49kMvzHKBkZBHeURhkZhIERJmEpgMAzhWQEB+6IJKGMlFagBbG+qcMAnCC2I90VmOU0wHDQQOEakTuwCUBp905o4geqoTRL2f6Qpdk+WCAoqyEtapdv6A1KzNsBO6sIBHzW5fAy3FbqjS2ZM3tHAHoVpkkfmQCVvb8PNEVesNJaO92CY9h3Tn0jTGzu6hMGcZR2k8EZTag4ObuyAcwnLXYleiujlboIDlLa8g8ITXCTB4ULqfXPS+kVfIvtZt21Byxrg4j7JrRm05dFi3EiYSmAHDuCqtY+IHSuoODLbVaRccAOMKx21dlUB7Htc09wZlNST6JlCUex3sH6QleX2KyyIkQUTt7o5GdAtgHZZ2k5CIG+qUACjnQgJYeZCTnicJwW+iQWA8qlOwoGBGUoO7BejMBe/SZhVY6o93wF7HcrxJTOpcvZWI7IKQ4cQcQqN4oWdK66X1AVQ0htJz8iRhXXzxElUzxXvbay6G1a5rVm02ig5oJPJI4U0yqXo4brX3nXzm4HxEAfVTFqPhBIlVO3uJvWk5z3VvsnAtae8Lky9nu+ErMahptO8tjIIMYVBv7R9lcFj+3B9VtRluX0p+6rfU2k0q1LcG/EP2XOns7M+FNckVC1uoIBcp2z1EwAx0bVXqun3NE72sJAWKVzUYRkgLRo4oNxezauh68GUYqGQFM0OoPNqgscA3jK1NZ6yaTdk8qQs+odroc+J/ZZOOzvh5Gtmz73WmikXF4x7qq3urkh1RriB3Vdr9RFxLfMJ91F3msufInBQoWOeeloma+qkzNVV3UNTdJAqSmFa9qOxJQGWtzeVQ2m0kkqkkjlnlcuhFS4c85PKeaZpVa/rNBkMJzKl9N6TqF7X3TDjsQrVaaOy1YNtMADv3SbovFhlN7GFHT6VhbCnTAEDsFBa1XbTGTyYCtV7/LYeyoPUVw41AJ4WSfJnZmisWICXB+QsE8gwmVC8EbXmE43B2QV3wqj52bt2NL90NhRJh0qT1F3wqJL/iiFMxRPEwYXiZWDjMJO5SqoLFI9sTvGSm0pxbfq5gppUJskaGXJ62AJTO3BOfRPGgEStoGE2EYB+pFpk7oPqhAiIHZFo/qHK1WyLs2f4KUp6jNVwlrKefqV0vYvb5bQB2XO/gZbmpqV1WJ/w2tAXQ1kQGAHGFolaKUmmP8A6rBgZSQ4HACUeJJWTLbEkiMBI9wvEulIJjklS1ZnyRkukSkSIkkykuqeg4Qi8zjulRlJgdRqAW9QjJ2lc2+NNwSGMDoMndldE6rV2WlR2P04C5l8aLibumz1BJ9sLnzr8TfxpfkaT1N+6qMjlDpQQVi+fNfPYrzI7eiyX6nTIZXpzhMZzlO7x3xHOEzDpPyWQ0KMDKHuknmEuSeyQY7DKhlUIqHsEB4MFOHtHfCARGeUgqgDiYSTP0RHic5CQSO4QUDfkdyh8NMZS3n3CGIkkoHZGiYj9kRriTBheqM2GQe68BJj6yrMwrcpbZlDGEtoKACgu9EQbwQfskA4ycojDIAPqmgDNOU6oZIPEFNR7JzQMEYmU02Jk9aYDSTlSrcsHuou1w1gjKlQIYOEk6M5RsbYNyASAuhPw1W3mda6S0CYqOd9gFz0zN0DHddK/heo+Z1npxI/Sys/HsArlWjTG6TOy6OGgdkc1GsGB8kClwPZRXWGrO0jp7UdRaQ11vbPe0+8YXowVo4pukai8Y/GK5p3tfpPpu5dSp0fhu7hhy93dgPotMnUry6uAG76tWo4AAS5zie3qmto2treotFWoS+7qgud7uOf7rd9bqTprw71W16b0Ppa3vatvSpONaA6o+s4dvUqJO2bwdJKJrOtbdQaD5dbUbC4tPMMN8xhbJWxfDrxTvtHuadvfVnVLZxALXGY91LdWdcWWoto2vV3SD6bSC9rah4WvOttItumdZtHaaDTt762FyxkzsBMQP2UNe0KGR3U1pnXmm39vf2tO8t6gdTqgOaQexT1pJzK1P4HdQVNS0CpY1qhc62cC0n0K2pTqAwAeyqO1ZhljwlSDE5wlNzmUIOBOCisIjCumZMzOMpDg7nslwe/deIEQmgoEAAVkBJeS39IlJp1xMPEFWNIWWy7CG6kxxy0Eou4AzKFWcRxygtJDO/inTwAFyx+JbxEfXum9IWdx8FtmvDp3OXRXV2v2+g6Xc6pe1WMp29MuEnl0YC4D6y1ytrmtXupVH7nXFZz5JzBOFUnxiXiVvkQ9GsTdBx7mVeNJdvYyRC1/bbjWDp4KvOh1NzG4yuHJo9nwnbLNTDgyFGaow7PigqXpZY0jCaajRJpHErmT2evJXEhLGypVmljmDKVV6JtLoyxjmuOcJ5pg21g13CtlpSBa0gZVc6Mfgi+zX9bw1rRupXZE8BzJCirjofXbcn4GvHYtPb7LdXkN8sYCb1qAmIEfJDkT/GRoup0/rDamw2rzmMIjOktUfBezaD6rcdWwoEGAMITbCmIcGpc6Qn4qNZ6f0HWqP313nYO0cq0WHTNCzA8qi0HuYVwba02gfyuUv8ALQJARzNY+PFFbdZClAgINx/LaQQpq+p7TwMKuavdMt2uc54aAMys5OzshBRRBa3fMo03FxWtNY1DzrhzhkThTHUuvG4e6nTdLZI+aqNWqSSTwVpjh9nlef5Cl+EQ35kTIT2zvQSGvOCoRz8w0FFp1HtIExC6Yqjx5EnqNZpw08qMc4AZOUq4ql4E5KbOJnATZKtBQ+RBXiQYyEGTGRCTIHMqdDdjhrgeSnFsW8ymAMfVO7Y4JCa2S0S1sZiCnrSYhR1q8hoIKehxAkOkraJjJWw454wj0iA6UzbWJ5JTim6IWqIao3h4CUt7buu4Y3hg98Lfdu1oYJEELSXgLQLdIq1nAA1Kpj6d1uug47ZJlaP9UWl7HIk5CwI4J4Sd54CGa0ktI+qy7BqhbnRMoL6uIaF575hDJA5KmiHoUCC1IdtzEpLnj1QzUwcDKEjKTI/XKjW2VT5Ll3xiuA/VA0R8LD/ddNdQ1G/kXwQJ7rlHxYuC/Xq5nAbELl8k6fFW2zV909rq5Puls/ST7IDyHViT6p1TLCw9iFjVI2kRd6fiIhNGn2Ty9GTByo2TJyor6Ki/QYn0WC4nHYd0klzmwOUicFpzCzZRkvBMGVioREAJEnnj6LDnOmZSK2JInsgubkzKPIcMH6Ib2lArG7wIyhY5JRjAnEoLme8pWWhvAc0goYaAZiFmm7cInKU9mZC0ujMwB8UwitbIjuht55RhBMItgebgxCcU2jmAZ4Q2txlFpA9k0AdoESnFGN4HdAa0906tqYJDoyhsCcsxhuMkKTExnOFH2lPDTPCkgTtiEkQxtQaDc59cSuofwq0mjq2i8iRTs6zh7lcvW8m7iDJK6t/Chb7terVCP02Dtp//ACWntFR/VnVzCA0fJVzr+zqan0vqVjTOatu4D+6sDWevKFd0BUpOYcj0K9KLpnn5dHFukWlY6hQtd3luNVtNxP8ASZAJWyrKwPRPXtG7rWlzeW1s5rxVLdwdIyZ4kcIHib0JedN61U1rTKDn2Vw7e7a3NN3dR9t4sdRWNq23ZUp1NoiajNxPz9VE48WaYsinFcS29fdS1vE3WdO0PpfS6rqlAPfVfW+EnGR7ALX3Wuqatfa6LHV2tZW01gtA1vAA/wDQQNL601fS9Tq6zZVxTuqu8lwaP6jJwh6Zp+tdX6+W29OpdX97VL3k5yTlx9Erv/pVKNJdG9Pw821b8jqN2R/LllMH/Vyt0U3GOyrPQ/S9LpHp+20WkA57QH16n+eoRkqxtOzELWMdGGSfKVodtd7ojHQZKbNfjIWW1YMo2QPw/cAsnj9KbUqsZjlHbUkQUUzSKsQ5pJSKlvvEnBRi76JLnQZSsvgN9zqOHcJjf6lSt2Oe97WMYCXOcYAHqU9va9CjQqV7iq2nTY0uc9xgALlrxs8bheOraB03Wcy1aSKlZpzUM/2VKS7ZSg5dET+IbxWp6/ffwDRq7jY0D/Mc0wKjh6rni5qOq1CPVPdQv33NQucYlNqTGPDnHsFnKTZqkl+KM2dOGlzu6teiP2hsnsq8ymGUGgDJU9o7HCmCfRcuV6PS8RcWXGzqhwieU4uKW+mRA4TDT3gBsCVJ1B/L45XK3TPbj0RdnQioSR3Vg0x4DtrlHW9Js4+6kbekQ4FsqbKUSY7YKC+czlLotcWwT90vyvqqbsFEaOYH8otKkC2NuR6oopg/05TijSDWz3QOvsbtoumYkJFX4fZO61elRbvqOawD+pxgKk9U9f6bp9M0rIivWgyZwD/un2JyUdsPr2p22nUXVq9UNEGBOSVqLqnqp+oVS2m6KecBNeo+pbzVaxqV67nFVevWNQmStIYjz/J81VxgJr1DUcSSmj8mHcIpM4Qn5HEhdCjR5Ep8nbENaS6AiEbRIWGNnusiScKzKTMjLfiKC4ODjDYCcRISXsJbAQTY3JJCSRkAz80QthpB7pPsOynQ7Mdsgp3b7QwQmoLpzn5p1SMtT0JskbUSB2ToODRhNqBGwZ7IzSe4law0YyfoKHQeSnFvJc3uCU1HrHKc2ztuT2WqZnR0p4IUAzpig8iSajjPrOVtengBa58IqJo9KWPwxLAY+n/utiMfiIVylSKguTDg4kobiJ+ERK95nacJBfzAysLbNGqPE+iQ/d6r28R6JLnA8GUjJ2+xJGOfsgEnJRC4jkwgPfmMhVRk9EL1K8CzIa8B0wAuTPEq48zWbokyd20k911N1ZXNO3Bbg5XI3Xlw6prF6+R/iuGCuTyLtHX4vTsprXh1WCE8b/hmPRMKRJrTOSnx/wALkLGVtGsqI65y4hRdcxUI4AUtcAEmeVDXJDqh55WYQMtc0rG4nhBDoMSl7/dJo0FnGEmcJO7d3XpAUtUUmen0SS/OV4uxhJjvOUitCXnMlIeRGEp8nlIJHIP3SJ6I5uM9x2hGa6cJbacnAKW2iJVCEbWuPwnPsltYeIS9oaRARAYOAUWFGG0zxEJxTYGjCSwSJRQ2YAQmFBGDtHKcUWvDhn6IDZb2yE5oHcR6zlUmImrMEkT/AOyk/wCmAeyj7Vp7FPiRsicqo7ZnLTG9nm5+q6+/CdTDr2/rAEeXY02/OXLkPTx/3vtMrsr8J9J3kavXLCQKFGnP1n/dW65xGm+DZ0cyRBKxUGD3WKclucwluEhd6PNk3ZE6lplvf03ULiix7HCC1wkFa717wN0DVaz7i1FSzqPM/A74fstqlmZCW1s4AW96o5mqdo0tZ/h30xtWbrVrksHZjQFtDpHofp/pOj5ejaeyk4j46pE1H+5cpsNg8I9JpiQEkolx5e2Hp/C2AUuTIQZ7gZR2MIwcoejVBBJEcJIa4uwUQ0wQFkwBER7qFItIUHgMgmFn8wGjJyFE6vrul6NS83Ur6jbsH+Z2fstTdX/iE0jTw+36epG5qNx5r8NHyCdr2awg2bqudTt7Ska11cU6TAJLnugLXXVfj10noAdTtKv52sOzOAuZ+rfFjqLX6tR11qVU0yTtptdDVQLzWK1YRvcQfUqG76N1GC/Zm3/En8QPUHVNs/TqFQWlm7Bp03fqHutH6hfvuKriXTJkoVes6oT8RKavIg5/ZJqxSyaqIKq8+qc2IFR4Y52PRMyO5yiW1XyqrTkZSdURCX5E9UZDWtA4U5ptMik2RCiLQi7ezZ9lZra2LKbRC5clM9nxk3skrAAQJypR07Pmo2xBDxIypTYXU8cLlao9aLpGbWluPKmLW3yCeVE2jy18BTlo8OgTxykjS9B/J2iUttIuEjBRmbXQSZCLLQDhUKxnVb5DC9zoAyZVR13r+x0wvpW7m1qjce0oPiR1UdPoHTLWrFR0GqfQdgtM3t9WrPJc6ZWsMdrZzZ/JWLosWu9banqhPmXboP8ASDAHsqnd3tR7judMoZfDviKFU5JGQt1jSPHy+XPINblxPKaub8KdVRPdAe2Dkq6OZyAERwhP9E5LQELaCeEyOVCWRtxkpMGZn6Je0NyFkwgluzwy2JWA0AcpQE9sLzhhBDtDdwBPELHlwSR2SyxwBICw1x4MAoeilKwJJJ+JO6H6RlC2NeZJR2NiAMQgG2P6QG2AigQZPCFREAI/aVqkYuQthnB4Tu3aDwmlKXfRSFg2a9OmYhz2j7lUtCt2dX+HtD8r09ZMiJpiFb2vEwFXOk6Qo6VataeKTcemFOl0H6+quatlwHBPdJMRMoZrGQ0BJfVJ+ijiU9GXuYD8J5Q31duAZQ6j57oLnHucIqjNyCvqOIiUKpV7ZlZLoGSm9SoJhNIwbKt1pXi2cHOgbHE/ZcjdYVm1L64cHSC9xEH3XVPX1y2lZ1zyBQd9FyPr72mq8NJOZXF5H7o7vF/RsiLcE1CYT4yKWZTKzjcfmn1YzTBBCxkU2R1xIkkqGruBcYnlS9yfhMgqGqOknHJWT7KgCMeiyO8LJbleGE2aCSYiV4uHYpRjiEgtAlR2B6ARkwkzJiVna6TkQkljpJ7JFI9UMCUI8QSilriMmFhtOOQClY7QloduzOVkM9+EsEd5SmtkY+qZVGB6gJTAD7ysimJAwiBo9UDrQkAg4RWiIykhuURrZHyQTX0KAnjsnFAO3ghDY0kzJhHoD+YAPVNMlomrQwRkqQIBaSQOEwtWmcBPuKZVIyl9ANPBNeWiTOF2/wDhUtW/wnWah7PoMHvDM/uuI9JzeCI/VwV3X+Fq3bS6X1Oocb7tsGOYarr80P8A+GbwbSZGCl/lxAjMpVJwAJ5n2RGO3DJXbbPMkhuLVxMk/RKZandIRyAXSiNBn5qubM+FsGLfjAlZ8gjkSnDRsMYKK3LoIH/Camy1FDZlInACLt2ASEcANMALLgCP9k+bNYx9lX6k640Ppum515Ve6oz+imwuJWn+rfxAak8PoaJbstW5G97vjI/2W+rnR7G5k1bak4nncwFRV30P05dk+fo9o8kZJpBJtM0Vx2kcadRdX6zrNR1W+v6tcuM/G+QPkFVbq4uKhJcS5duXnhB0TeS2t07akO52thQV7+Hnw/upH8J2T2YYQqE8k36OK67KjvXlNXUnzG0rsO9/C/0XUa5ttUvLec/CeFBX34UdMfJs9cuGegcySnyM237OVHUCDkFBqUXHAGF0pffhR1Vs/lNdovA43sgqBvfwvdb0wfytW1remCE79E/IrNB+SQDPKw2nwAM+627d/h78RrXdOj03wY+F/P7KEufB3r+zcTX6ZuIBjcz4lP8ARayx+yF6YoCpV2x8QV7o2UskjgZVe0vpbqbSbxjrnQb5jSdpmiVsG10m4NNoqW1RpIB+JhELmyLej3PBzQcKsg7WgW1siR6qao2u5uDHsnFPSXB3wtk98cKYttMcGA7fqsODZ6ccqK06xIf8LY+Sc0KdSkc/3U1V04tdO2MoZtQcRCXD6LWRALdznHbJTp7/AChLnYAyUW3tAATtygay19KxrvA2kU3RPySSd0VKaSs0D1tqL9Q1m6r7t26oeeyqrjzhTWq03PuXuyRJIwow0HSTt/Zd8IOj5zyMlzYzcHHuhvaeE8fbvd/SYQqlKB+kgp00c/IY1GCcCUJ9PuYT40SRBCBUpmOE4xvZLkkMiDOGkSkuZHCc+XnMpLqZAxlJpIadjaJ9l4twjinj4hCS5o7JpEMGAIjheLcFEawzlZcCBEBNJoXJIbBog5QnMk8pwP1RCS5ueEnElSA7HNyPslMc4JWwl0zwsQe6kfId0rgYlPGuD2juFExGQjU69RhmYCuMq7IaJZkeiltApmrqtowNw6swH5SoCjcsfB7+6tXRFL8x1LptM/pdXaSR2jP+y1i+TGrR1ho422zAMfCI+UKRDzxGVHaWf5ABOfdSAO3IWsomkZWtCiMA5+69MCYlJc8TyUknPKloTkJmTCQ7vBC9MEzykPIA+IKWjGTsS5zo9k2qRE5+aM5xgt5CbPJghx+ypKjGbNe+JlSNMvNrs+XC5U1181XANHJXVfinb0afTN5dF5a6A0E8Lk7WXDz3x2JXn50+Z6Hiu8djWzaQJxKd1yW0xxxymtmMAwMpzczs+I8DhYyRclZHXTnbSTEwol4zMKTujLDLdvuo1xBPKysqKYg+6SefRKM9gsYOEmaHj6LAjuMrzjHBWCCRgKQFDHKQdwGHYKzMxK8fY4U0yrYiAeVjgn0SjgJPsICTQBAIHqsgEOwOVkDjELIDvVWjSjxgHKWOFggEYGUoNxwkKjIY4jEojeA0g4XgSMkojT2cmLSFNATihIePmgtAPCcUAPMbkcoJZMWwPPsnTgfLcZ7IFACB7p0Wg08Hsrh2YTEaLH5xnwzLgu9PwzMDeh72oRl2ov8Al+kLhHp9nmXzGkDLx/dd7/hyZ5fh7ThoHmXdVx94gStF/sQ3/qbNt0jBkplr/UOm9PWJvb97iHPbTpU6Yl9V54a0J2Djg5VU6qt3u1XR9RdTD6On3JrPb3MtIB+i7KtaPMlKmrJPT+qLqvVpsu9HubRtUw0VIJHzjhTGm61aakbk21QOFrWNCofR45CiXa/o9SpSp07lj61Uw1sGZPqFRNJZqNroXUPUo1Cox9G+ualKm0wyGHkxzJSS+ik90zcQqTklYo31rWr1KNCq176JDagB/ST2Wv7TVNe1zqN9hb3otbS1sKFxVhgc5739gTwMFLo9UXtrT1p1naU6le21AWoJMCAG7nH15KZahfbNjB4JGVk1Gh4G4T6KB6d1S4v7V9S4exzgcbfRV+j1U21621q1un1X0qNG38trRIYS2T8pQjZRS0bDDmuOCF4DKovT/WlKtU6h1W/rllnaXjKFFrhkfCMAepJU/p3VlhfF7NxouYw1CKmCWjug1p9E4BhKDWkKDtOrdEvNpoXzCxzdwfmD9U+tNVsbtrn0LhrwzkjslaCmPC0TGFjy2nsg0b22rjdSqtc3kEGQjb2mCDk8IRnJ0xDrdh7BDdbsP9IRzk5PCySBEJ2zKSGjrNjogcIbtNpOOabTAT1zgchYLxIBIE/uqToycURr9EtXyHUGH5tBQqnT2nVW7XWdEgY/wwpqBCxAGIT7Elx6K3U6M0Oofj02iCfRqbO6C0N0xaNA9BhWt7TzKwRkAo4r2aLJNdMo1z4Z6RWBaG1GTmWu4UU/wjsxmnd1p9wFtCBE4XtrHYxIS4R+jSPlZY9SNT1PC6vREU70En1bwonWPCrVrihUp0qtF7XsLYJIJW7HUWxBEpPksJgtS+KHZr/Pz+2cUax+HvryjXeaWn0qtMElpa/MKtXngz19ZucanTdYtaeW5Xer7RgJG3BCGbCk8QGreLpHBlnllK7Pnnd9BdUW5La2gXrSOYpEhQl309qFBxFbT7pnrNF3/C+kNTR7R0tfQafmJTG46Q0avIq6bbvk5mkChyT0Z88q9Hzdq6e9jcgt7fEITOpZzhpB9DK+il/4W9IX/wANfp+yJB/UKQlQN94AeHV9LndO0aZ7bPVSh/yJx/ZHAr7F8fpQXWToy2F3Bffhd6CuQ407SrQLjjy3qAv/AMI3TVYEWur31A9iYcih/wAq+0cdGzcRlpSDax9F1Rd/hCumz+T6kDgBjzaeSq/ffhO62pSLO+sa+JDnfCkUvKgznb8s8DBSHUHTPGFuq+/DV4l2e4M061rxx5dYZUDe+CniNZt/n9JXhaO7dpH90UwWfG/Zq42tQmQPskOoO7hXe56B6ptHOZc9PX1Itwd1I4UVcdPalSJFazrMgZ3MIVcZLtFLLB9MrRpETiEk0+5CmX6XXZ/9o8+iE6wI5apcGaKSIry4WC0jhSL7JwMEH2wkG1I7JKIOQzYCBhT/AEzrlfRNSt9QpgOdQeCAeCol1uWmG8HslMpvbwiNp6BSR1X0P4naF1NRZRqVRaXoHxUnmA73BV8DxiCuKrK9uLZ7XU6hY5vDmmCFtjojxi1HTmMsNaabq2Ahr/62f8rblfZtFprRv4uJykmD3UTo/UOma5QFxp1yKrT2nLfYqTBByUXZlLToy7GdyC4giZylVHNMjugOLgcK0jNs86o4YmE2e8uJDj9QiVCQJcmznZ+EymkYzaKH4w1QzpG4YHxud/YErk7VzNd2e66g8cK23ptlMkgPqcD/AH+65d1M7q545XnZt5T0sGsOj1pEAQiXZgbSVi1YXNa0Beu4JjGFjkpARl66GbSo/bzCfXpyBKZHGAsK9m0RA5SSTMJZDlg5wErRYmMdkkYxlE45SSc8qRpiTl0LJiYCSTnjCyIGUh2JcIPdJAaiOJEY5Q344hFj0z//2Q==');
INSERT INTO `attendance` (`ID`, `ID_User`, `FullName`, `timestamp`, `Status`, `Image`) VALUES
(124, 2, 'Nguyễn Văn B', '2024-06-26 19:18:48', 'check out tăng ca 73 phút', 'data:image/jpeg;base64,/9j/4AAQSkZJRgABAQAAAQABAAD/4gHYSUNDX1BST0ZJTEUAAQEAAAHIAAAAAAQwAABtbnRyUkdCIFhZWiAH4AABAAEAAAAAAABhY3NwAAAAAAAAAAAAAAAAAAAAAAAAAAAAAAAAAAAAAQAA9tYAAQAAAADTLQAAAAAAAAAAAAAAAAAAAAAAAAAAAAAAAAAAAAAAAAAAAAAAAAAAAAAAAAAAAAAAAAAAAAlkZXNjAAAA8AAAACRyWFlaAAABFAAAABRnWFlaAAABKAAAABRiWFlaAAABPAAAABR3dHB0AAABUAAAABRyVFJDAAABZAAAAChnVFJDAAABZAAAAChiVFJDAAABZAAAAChjcHJ0AAABjAAAADxtbHVjAAAAAAAAAAEAAAAMZW5VUwAAAAgAAAAcAHMAUgBHAEJYWVogAAAAAAAAb6IAADj1AAADkFhZWiAAAAAAAABimQAAt4UAABjaWFlaIAAAAAAAACSgAAAPhAAAts9YWVogAAAAAAAA9tYAAQAAAADTLXBhcmEAAAAAAAQAAAACZmYAAPKnAAANWQAAE9AAAApbAAAAAAAAAABtbHVjAAAAAAAAAAEAAAAMZW5VUwAAACAAAAAcAEcAbwBvAGcAbABlACAASQBuAGMALgAgADIAMAAxADb/2wBDAAMCAgICAgMCAgIDAwMDBAYEBAQEBAgGBgUGCQgKCgkICQkKDA8MCgsOCwkJDRENDg8QEBEQCgwSExIQEw8QEBD/2wBDAQMDAwQDBAgEBAgQCwkLEBAQEBAQEBAQEBAQEBAQEBAQEBAQEBAQEBAQEBAQEBAQEBAQEBAQEBAQEBAQEBAQEBD/wAARCAHgAoADASIAAhEBAxEB/8QAHQAAAQQDAQEAAAAAAAAAAAAABAIDBQYABwgBCf/EADwQAAEDAwMCBQIEAwcFAQEBAAEAAhEDBCEFEjEGQQcTUWFxIoEUMpGhI0KxCBUkM1LB0SU0YuHw8RZy/8QAGwEAAgMBAQEAAAAAAAAAAAAAAgMBBAUABgf/xAAuEQACAgEEAQMDBAIDAQEAAAAAAQIRAwQSITEFE0FRBiIzFCMyYSRxQkOBFlL/2gAMAwEAAhEDEQA/ANv3n9rjpaiT+E02vWI43PA/2Vd1D+2DVIcNO0Wi308xxK5BF/WOS8n5KS7UHn8zyQvYvUtdGJHTI6dv/wC1v1dUa5tvRsaAPEU5P7qtX/8AaY8QbuWt1p9FpnFKGj9gtCm9IEFxj3WOvNzZk4QfqZsJYIr2NsXfjd1xcyH9QXLicTM4UJeeIWt3jt9zqFZ5I/mjP7KgNutudy9bdF2DwktuTsOMdvCLc/qm+rH66zih3azVJ3F8+0quG4Mhu7le+dHcwhDpvsm36pVqYMfZYL4nBjhRDa4cIHK9852ATCnd7IjaTDbtwGBzhei8Id9BI91FGuQI/dONquIkEIbDUWuyUF2Ac8+q9bcCd2OVGeYSAQfsvW1IPKhDHH4JNtcgkhem4II3FR7agjOZS/N3CIAXNWSo0SBuTIMgrBWmHTmVHCrMg4hKFYBsElRwdtZICq2TJ5XvnAZaYUabkNIIz8pX4sFddIJRbDzcT+aF6LgFwHp3Ud5rY3CfhetqxmQELyBLG0qJIXBmAQnWVMQBz2UW2q4GTBRdK52mSwIXkYxYwp1QNyRlemqHZ/VMOuKTxxlNGtt/m57IVIl40wtlWDwDKc84HHoo8VHg4dKcD3E8lE5oiOINZUAPK9NWBjCFbgSZKVuG3IQ7rZPptBLahnc4le+b/LOEOHAYC83zyEcUmC4v2Cmu9c+i8bUDTJweyH3+6xxBiR8Io0C0wk1J+6WxwI/NCFBDhtAXrSAMHhSjufYJ3tBAaZ9UsPMSOJQrXSJAhOBxJgFTdAVb5CmEeq98wgyDxhDNe7MiSlgjIJ91x1MfNXIgY9U8HcZQu4NADifsnQeIXAbWPh7pxynRUMZCYae0JzJO2FxO2x0P3RMp4EkAdkyGn0OE42SBB+VILiwmk7IJCPtD9YM8qPpjvElGWrvqBC4XJG/PBM/xKZHMnP8Asuxuj3Tp1MZxwuOvBWoP4YAIyF2H0VLtNbPZJ1irT/8AohK8yLOOF6sWLANhGLFixcSYsWLFxxi8PC9XhEiFxxROu48h8jsuS/Fcy6rPIOF1r183+DUzGFyV4stjzY94W1pOcPJmKLU2c8awWuqudzJUM5reGtwpnVg4VXAZBUNUI/KQU9cHTXIPU5Pf0QdYOLZKLqAtmJQ1aYMhKm2CCPLSQCJKIotyCAmTg8jCfokTM9kiRIWw/SOT8JLi7tgD0XokiAkvnbJdhJbDQ272TRcIMjhOkjsmi0wcDlJkrQy7GajdxDgEgwGloODyl1CRggApvMTMIW2uDkuRs+hEhIOD9Jx7pTngEjMppx9uVFXyMvgRVaDkmMpl5DSczKW9xBzkBNVntqDiFDtkWB35aKLyTMg8qi3dUjcDEAlXPVK7aVs4eoiSqPdkvc8p2GNE7mR+0VK0RyUe0BrdsYAQVEfxQjnASI4T5WkcpX0WRlV3IXu8ymm+okEpQ4gkytSyqOFxPLuEoVMYPKYEgzyvdsCVF+we0fFQBsSvd8jkZTId6heB+YIwV1nUFBxn6XGErzD3dHshg/bwcJXmA5kwo5J4Cm1IEyl+aXfUBCDFQ/ZLa49yV10GuQsV3EQlCqeOEM149cpTakHKhOydtdhbXlvDsFONqN90C2pmU5vI4OFD4YcaoMbU/wBIC984h0Ece6EFYtEcrw1YncTlTuJ22FGvHBBlJqV5gSQhC8DglYKpJAg/JQ7gtoc2qIzle+aQAhBUjhe+YThBJthKNBgq527oSg+HQThCMJcfqJA9k41xmAZ+VDYVBQcZxj0T1N7hy5CA5DUXQolwwULkHGF9DwLyB6pRBMSJhesY5v0oy3tjUg9ku66GrC2NUqLniYwiWWzyQMSn3tZSG0fsiLLaT9XKhyY6GJRPKemksl3Psgbphou2QrURTp0QYAHKr+oFlWq7bCFNk5IKiOBJMTCUS4EECE7Toeon0WVKLiOE5SorvGN7wBIWbweCZTL27XHML0HaJHKYmIkn0PeYQQZhLa/IjKYBn6h2XrSTlHbFtV0EtcYPb5SmOkfUcpgbiRnhKJdI2/dc2wUvdhDXgEZhKkxBMBMN/VONdmdqJHPnoJa71PCdpZGHFMtbx/SERSZJECCVzaCjHkJoUyTuBRIpkEQETpmn1KzhDZU5/cFTZ/lu+4SJ5VEt4tJLIrore0znCXAhStbSalMyAfRDOtDTJkcI4ZUxWbTSh7A9MnsVIWbZcMIVlEzgZRtpTLXjlOTM+UWuGby8FGh7qcdnR+67J6Jbt0xuZ/8AxceeCrZq04GNy7F6Kg6cD8JWtf8Ajf8AouEf3UWRYsWLz5pmLFixccYsWLFxxixYsXHFI69P0OMfyrkrxXIHmtIxkhdZ9eH+G+RJgrkzxa+k1CDMAkLa0j/a5KLX7jSOc9XJ85xBjKhqhHzKmtZcTWeCMyoR+SZ4VhO0LyKpDDiYzMId5aQZOU/UgAgDCGqbeSEuTT7FJNA9UNBBBynqMznhM1ImSB8pygc8/ZJlwgg1paQACZSHYkESsY4wQAvHOJEFVZ9jItIbdJGEy97gI3cpx7oG1rkw6W57lCo0FddCHEDgkptxn7JZIjMSmXVIOST8LmrJTS4PHuE/SEzULoIXtSpIOYTBqHiThAlzQV0Y4NEGRnlNVYJgFePeZiUlzwBEyV3RybTK51HdbXiiHQq48NcHGYVo1u0pVQ6uXQWKq1eXY98JuOqDsCpmK4gGJUgeAOSo5piqCCRJR4cAOU1kU7LKGudAOY4WFjt0ELaLPCTWHOj8MQfheN8I9XDjuoZ7QFZ/UQsNaSRrHy3NE5SdjsrZ9Xwn1anl1B2f/EqC1jw+1fTmuq1KH0ATInKlaiLJ/TyiUszOMFJ3O3kGERcUH03OaRn4Q8ECIwncNWhNNOmLB7Feh3IICbJmNq9HCjd7B7UOsMAyc9lgqQfUpoETwlAxwVEpExS9h9rwTJylAgk5wUwHdl6HBQpNBOIQ1wGAcJYeOIyhg6cr11STg5QuTvklQpDr6pBxK93uLQZ/VDFx+Vm8kjCjeGooIa/JLnceiWH9oKHBLjMpwOgySPhDYVBDCe6U0mYnCbbnghFULfzBMGRnChyCUbPWt3kAFLbReTJ7Lyk3ZVAcDypl1rTNAOnkdlFthpEbTH1KasLeWbpCCoWrX5iYUjSqCkyJzwgZZxxXYpts5z4EkSpHa2hS4zCZsHBzpdzK91ar5dMhpgpfuWKVWgY1fMqEHICPszDgBJKiLR0/U5SVCt5bscqexYdf3ppUuVX2XBqVcumU/qt05wIkfCjKVRwj/YKUBJvonmuHljGV4yoHnYThA0bl2yCUl9wWO3AgorBCbi3GffKDfLfpEQnm3bnDPZNVXB2QMpkXRXyR9xIMAyZXrT6lNzGF6HSMhNT+BLQS18gCf2S5E8odrxyQltPsjTBqwhmOSnWOJ+/CFbIBJwE/SOAZypfIKVdhlElxDVO6Xp7rlzQ0cqBoPG4e6v8A0TQZc3VNmIJSMj2qy5pMSyzSZc+iuh694WONE8jstp0PC6o633OodvRWzwu6coVmUiaQO4DK3tZ9LWxtWt8hpx6ZWbJPJ90megllx6ZbTjPqDw7fabi2jAz2WvtT6arUnkNpEgGOF3T1J4fULljnMo/sta6r4VU31C4WwmfRRD1IS+3kqZ82LJG2coDQricUz+iIttFr7gSwx8Lo5/hZRYf+3GfZeM8MLZji4W49eFoQlk+DDzPDfZX/AAasKtI03OZtk8EcLrjo+kWaY1xHMLTXRvRzdOrN2Uozwt56FRFGwpsxiV2tm1gUX2VFslkuJJLFixYxbMWLFi44xYsWLjjFixYuOKP14wOpP+FyX4stMVY7k5XW3Xpim4kx9JXJPiwc1WnmTELZ0f4il/2M5z1oDz3EeqhqrRypjWztrOnkFQjzmSCrEVwLydjNXjuhqh9phE1X7hxCFrAuaMBLavkWDVQJkfonaJEIeqXNdjkJt9y9gkGPslSjZPRKtJA5TVV7edyhquo14gPIQlW9rPBBqGEvY2Siefc06Y+p4n1Q1W9tyAfNCrtS5qGQX+yFq1XLvToKyw1dStmfTvn4QlXWaAk7T+ignVHEzuQ1QkqNiC7RNVdeYPyUyflBVtfdBDGAFRji5+OYTDzBhDtigqJCprdw7IgIOrq9245q49EK5hyQTHomajcTOQupEqLFXN9cVRBqmPRRz6m2c5T7pIQtQOBIAUhVQw8/VJKV+JcWiTCQWFz+CU4yhLsggfCl0QnI+ndPQaIcf8OD9k43Q6bpH4cR6QrozTWkjEDv7p7+7aQBO39l61aTT1/E8j+r1v8A+mUGp07Ref8At2zxxwojWOhbK9oOp1LZhDh3C2r/AHWz/Rym6mkN2HaJ+yL9Hp2qoBavXKV7jhrxU8LrzQK7722t3mjBdAb2Woq1IscWkQvov1X0ZYa5YVba7pAtcwiT2XGHi10COldXrNpQykXHaAIysLPhlp5V7HptDrP1cKlxJGsdzmmAB8lYHEZcVlQFpI9E1G0STKTfPBf9qHPMkwlBwJnlMGDBGEsOAH0c91zVkpDwcOAlbg0ShyWjEmVj6hDcqOg2hw1iBICxjiTuKYJJxOPResMmAP3S27DSCgQcpYHeEy0tAHqnNxiVFjFEXnngLBk/Cxji4gL0A74lCpBbPgepvgjOPdSVjc+SfY9lEnDstgJ+nVMADhQMSoNua3mVt4x3TwvnFuwk/qo8uJSmHgrnINJk9aXTWMycpupdufUxgSgqUlszwlZJ9lzdoZGNEzaX2yIcvdQuTWZySoumCDgkI9lMvbElA+Byi2hFq5zMh2VI29UvdnCZoWbyZjHwpC3snbgQ0/oo3JBxwuXRHX7C4zCjzvADRKs1fTHvbhplRdxplWnlwKhTTZM9NICpOI5MBJqVJJyCEqq3yxwhn5ymqSKsoOITRrNMNRO6RAUUHlsGYT7Ll33RoR32EwACQCSsa4gcJkVsmTyEtpjJTExEo0OEzxhOMPEnhMj3KcHCNS+BdD+4juU4wbfqjn1TLSP/AMT1IknJwjX9kNEhZt3OEBbW8MtHqXl5Se1p/NGAtc6BYuurhrGtJkrqbwc6NFOlRqup5gdu6p6qaSo09BCvvZvfwt0V1vb0i4cABbktqYZSAA7Ko9KWdCyt2MmIHcK207iltH1BUs6dKKF6vI8j4HKlJlVpa5oKgdS0am6YCl61/RpAkuGFH1dWt3zNRsfKDEpp3EoyTqisXOigHDP0CBqaM5v8vCtbrm2qk7XArz8OKoG2IWnDUTh2Y2bBKT4ZC6Pppp1AIHImFeLVu2mGgcKNsrEUzuiCpam3aIVLV5vVY7RYpQfItYsWKkahixYsXHGLFixccYsWLFxxRevzDHiO2VyX4ruI84yO6616+H8N5jsclcleLP1GoYwJELb0fOEof9jOc9Zk13wO8qGqeqmdZO2u4A91CVZPBT0vgGfYw84yg6xnBdHsi35ByhKsCSYJKF8ciwR5dmeyEqOJyJCLeSZE4QrqZOIlJd2cCPPYjnhCVQQ44Umbao4ThMG3JwSPuoi6JVka5riMRlMPZzIz6qTdQa0Hc7shzTotBl+e2VEpWGmRjqcnOCE09hMwpF77UYJE+qYfc2zCfpBPZDVdE2gE03QAJ+wTZticgH9EW+9pghzQAhn3syAJUNMKLsT+FccBoleHT3vIEBei8qAgMYCVaeheier/ABD1236e6X0t11e3HA4a0dy49gijjlN0iHNQVsqVfTHNoucAMeyh30nSRGV1N17/AGRes+gOlbnX+peq9EpvtqRqOtqZJJjsDMSuZrtrWvkd85GUlySltXIyCc1u9gA02tbgR7pL3ho7Jb+CJwUO7AMwT2UWNSfsfSq08XrS4e1tOXkkDB9VsDprWKmqhr2sdtd6rmzw56cudSv6Re1wZMHC6w6S6dZYWNNppxAAC08OfNPIo2Rl02CGLdtJD8PABIMxhMVLZwkg88qbdbBozwEDqD2UqZc6AAtmOVswMmFLkpXVF9Q0uyq1arhtgzmJXEvjd1VT1bUjTobXNbiQeVv7x58QaOnWFa1tqwL8j0j5XGOu6pV1C6fVfJLiTzKTrM0XHYhmg0rU/UZFVnh7jOMpguA9Y9l7UcS7PZJluVjvg3FZ7iNwJXoeW4x8psPHGYWSOZUBLgWIJgme6S524wRKb3jKVSI47oJSoOPIrIPolAgDBKQ+CchZvkASSlpseohDSQ0H7pxueSmaMu4R1vauqEDKGxkMTkxDWuGWynmNPO2SVJ0dPkAFvPsi6ej1CJDJCXLKkX8ejk1wQvluccr0Uy37qZOkPa6S059ko6S7bO2FHrRGLQT+CIaw8hPU6e7lHnTXNOROF6y0jlv7KfUTOeklHsYp03duUTSt3PPBkomjZOeQA0qyaRoFWu9v0c+yiWRJDMekcmQFDT6r4AaSpmx0upj6T7rYWk9BurBrjTkTxCtFr4fBnFFozxyq7z2aePQOuTWthoTqha0sIHwrVpnRrqwBFGZ9lfNP6Jp0i15YP04Vr07Q6Fu0DZBCTKcmXMeljE1ozoA7Y/Dg/IUVqvh4/YankwfYLe9OyphsbAfsm7jTadQEGkOPRKcnY54kl0cj9QdL3Fk525nwqjcUX03EFq6m606MpXFGpUZSgmTxhc+dTaM+yuXsdTgAkDCt4M3O1mNrtFxviVR8E5wvC4QRP3TtWk5uCJTTxj0V9NmDONHrHe6JY9xxOPVCNxgJ+meACm2Vp9hLSe5ToPwhwQSPUJ1hxARxTEj7TgSIRFAbiAhWkYRVu7a8GcomcbM8NtNpV72k+r+UHv6rrHou/stJtaZ3tBAC436d6kdppaWu2kenCuLPFG8bTFOnXMAQMlZefHOcrRt6eeNY9rZ2WzxHtaMMbWbj3ypCn4jU6lP/ADxxjK4r0/rvULmu0uuCQTkTC2VovUtWpbj+LOPVSvViuSI4sTdo3hrHigyhJNaI91Wqni/R8yBcfutSdQ6tUqDFQ8ZyqpTuata5DWkkkoscsjfYjUenH2OodB8QzqVRopv3An1W2um7qpdtaScOAK5z8LdDrVfLfUJJMSumultNFC1a9zY9JTsknHG3IzMuy6SJ2nT2iIynV5wvVlt2DGKRixYsUBGLFixccYsWLFxxixYsXHFH8QAfKdmBC5J8WDDqsDOcBdc9eOmm4YMBcjeLZ+it9+FtaL8RR/7GjnLWv+4d8mCVBVDkwZypvW5Nd2e6g3gg+ytdICfYzUwJlC1c8cd0U/AgIOuWtwEuXKABantlM1KlQD6WZ7lOPcBxOUhxdjlKaIBnvuXHmB3QtRl2cF2FIFuCf6pp+FG6jiNqUKneog6tKDl2PlSVdxEnAUfVJLiQ3n1Q7mSuQV9JrimX0muOZRDyBAH3TZOV39hoGqU2g4KQKYBk8p15iU2XuKFthIfoeW2oC5ohbT8IvGO58JdeOu6daUrg1KDrepTcY+kkGQfXC1F5xaeUzWuz2K6M9oMsW/s2r4w+O3UXiVdObWrPtrEH6bcPkO//ANLT9zcea4k/olVqjne0ph5EZCVtV2izDiO0ZeZHPxhMTAg89k850EYkFM1BJnj4UMNUj6leFnRot6LKj6QBwSSIyt1W1v5VFrSFG9M6PTsrJhazJExCndkNzytbSw2R3PtgauW57V7AlYAMJOFrvxH6qt9B0yrVdXAdtMA/Cu+uXrLO1qVHVIAaST6Li7+0R4jvua9Wxs7h4zDtpV+MtsdzMx43kkoo094qdZV+otXqvdWJY1xgTz8rWlZ8y7dhFX10alRxc4mSgH1G8DKzMk3J2akIqKpCJn3KQ4kFZPImJSSY4ylX8jEjIkSF6eOEn54WO2xEwubolIST2SmzCa3AuAByMIprCWjnPqkyG41yJJgZyvGiXTCLq2T6dHzNpgjkJqi31HKXZa2XwFWVEvcAByVatP01jWAkBQWnMaHtz3Vw06CwAjsq+adcI1tDgT7HqFmxsYU3YWTCwHaJ+EHSwQQDAUzp5+oSICqOTZ6DFgS6HaeiUa0EMH2Rjel6L2fkAJ9lIWNIkggD3VhtLcOaAYSHNpmjHTquSh1+ksEspjHso2r0ncNdu8rnhbho6dTeRLAiW9P0argTTEIlkYM9NBmqNJ6SqvqtD6XxhbR6U6Ipyx9an7qxab05a09rwwE+sK36dZUKLG7GAeyZFuT+4rvDHH/EFstCt7Vo2sERxCJNqwGRTAUt5Q2QMpDLXeeDCJ17EqPyAU6AbwOUZRt3ESGyE+LMz+T9lJWFk7cMIG7HqKARZmBgg/Cx9q7AghWIWX07iB7Jh9tB/LKGgJorGqaeytava5k45hc+eJPT9FlZ7wzIJK6eubMPpPA7grSniXpTy579v2RLjkqZVao5uvbE06hEKNq27hMDCuerWG17pGQoOtbjgtlaOKdo81qMFSZX3AtPCUzlF3NqW5DZ+EMBDoiFYjIzpwoIZIEEfdLAg4zKaa849k6105ITk2VpJIdaRynqbx2wUy0+qWCJwEffAvokKNdwGDlF0rnsXKLY+RDuyfpO9FKgiHJos+k3vl1RudhbH0LVyKQaHfdaitKxYcq3aJqG1rW7vvKXlx2WdPm2ui9316awgvJR3SelPv8AUGAglpVcoV/Pc1oMkrcnhT08a7qVVzMmDwq6W0ZmfqO2bq8MunPLpUSR91uq2ott6LaTRwFWei9HFnaNqFkYVrVXV5LagukUq5sxYsWKocYsWLFxxixYsXHGLFixccYsWLFxxSevRFFw3Z2rkjxYEGtPvC616+zRe7uAVyV4suJNWPUra0f4ihH8jObtckV3QRg5UHUdJ9FOa2R57zE5P3UFUEGYyVajdckZKsbccEIGuNpkox/rCDuM49FEkhb5BXublIa4xO79llRuThJGJxCS1xZB64NcSYQ9SBnlOmJkJisSQSORylvk4Er5kEfognw3MyUVWfAMIGq4DjkqKQSTG3kbuMpl5gyEtxJkwmah2qP9BJfI288zhMOfxCXVqO44nsh6jyOELDikuRFQn5TDvpO4lOPI7ph0gkRIPdDQ3hnjpIImQmXfTyYTjh9MB3ymX9huMKCRFQSPcJkkgZEE8J90jMBNVSYBgBclQS5PuJaUCykGN4C8uWeWNw+6epFoZu3YhIrw+mWiCti+Srkb9zRnjn1fU0HSK4ZULQZgz3XAvWOu19Wv61xVeT5hnIhfRDxl6Fp9U6Hc0DTBdtkHgtK+d/XPT1507rFbTrum5jqZLYcDmO8qM+R2o+wzTwW1tdlPruHJkoVxAEtJRNcxLShHYOCqzV8jUJJPK8c7E8LxzvXsvJBE+qWMSFzCQ8jacrO0QE2/8pjshk+AkjylJfkRCkS8hjSeAotjnNfuBwEc6pvobQElvkfHgnP7xoVdN8ktG5ogYUTSdDjJnKCbWcAWjCetzLgT6qGWouye090uBA+6tWnjA+pVbTmwWxOOytenZLZ/RU83Zv6GPCJu2y054UvYEbgOAgLOmHRhSVJmxwgYVN8HosES0acGwIVjsGAkACVUtKquaR/urVpt0xtQd0pu3yX4x4LNZWctBjn2UpStsZwg9Nv6bmwWqUZWactYmQSYmbaDLCg4QCVYLJjA3LVXqFVwI2qUtLhxxOQmppFeSsmZbO1F0KNKAZ+6jKW55nfCOpgBkb8qbEtchJNMOwRKkLIsEH9VCEOmZ4RdtVqtyYAUN0MSbXLLKx9NzZwmK1u1+WqPZdOAyeURb3DiYUWmA4uPI3XobWHC1v4g6Ya1u87C4kEjEra1akKlMqp9SWAq272vE4wpXPRVytnKPUWn/h6lSWwMqkXLvLeRC3F17pvkVahDcT6LUmqWsPcWk4TsXDM7Ux4tEbcND245KjKtHY4zOVJMft+h44TFxtMkK/FmLlSsDYIGcp1hDiYOAmXEggxPz2S2ccxKsJ/Jn5FTHgfqhOsPumWlKaSjTRXYS120ZglP0iHROEKw5koilHI7Ji4IYbRftIEqZ0+42EDKg6TiSMfqpSxJdUbjCkFOjYvSVF1/eUqYJI3D5ldc+E3TuynRin2C5v8AB3Qvx11TrOZI3SCu1/DnR/w9tTcGABoBlU5ySbl8FhtxjXyX2yoC2tmUh/KE+vF6shu3bFGLFH3WqU6FTYHDHKKtrhtxTD2qdrSs4eWLFiE4xYsWLjjFixYuOMXhmML1eEwCVxxRevQfLILuQVyX4sH/ADTOCTMLrTrxwNFwzwuSvFoOmr91t6PnDRn42vUZzhrZAruMGJKhK2TM8qd1uDUdAHKgHxJjIVlKjsjtjT8tOEDWxJEI1+M/sg68CRtUSpiwJ5dmQkCO5KcqESmi9rjAEIJdAmHg+iHrYBhPvOzAlDVnAjCRVEgdbGSCSg63aBPwi6jnCQQP1QTyG8c+sqGHFDBnmYTL3ATJTtQjkd0HWcZDghYaTG6j54HCZdBMpTz64KaLgRnt3UOxioS/bE/ZNODogHCWS049U3UMYHCFhJIQ6QE3E8Jf1duEh4ACiwkrGnkcZKaqSU44Q3amSXOJG2VHJNUfa7S9do3Nu13mDjKJqajQA3bxn3XPHQ3iS2s9+kXdeLhkluZkKT1nr6vp9QsdWwZIMrd8fFah+nLsT5e9LH1a4Nw397a1qb6dV7SCCDPdcp/2k/DW11K1frel0/41IEua3gq03PipdOLtr2YOM8hVrXeu3axb1LS4c0teNq3cnhZSx/2eUxfUWOGRV0cZ6hRfRqvZUaQQSCCOFHPIWyvErpttve1NQtGfwqpG72ctb1Wlp2kcLy+THLFNwl7Hr8OSGeCyQ6Yy70OF41wAIC9cMzP6pJh/aIS2OoyS0wTKQ927EFeyAYj9V48xwMJT/sIYdh3OPZPUq5AIQ7zBkBKDp/8ASS6sfHlDwdJ3R8oy0bLgIQVNw4mZUjZg7mmIQtlrDG3yWPSqc8q0WQDSARwoLR6eBiD2Vit6cQZ+yoZXTPU6KFIsenMbUYHDlSbKMwWiFGaW+AACp+hSa5ojlVnbN3DVD1m0hwBkKfsmtwQVE2lvmSpi1pO4lKLNk/YXAY8NjnhT9K5+gQqxZNO9siFYrSmwtzwiTrgCaRJ21w+JcpC0uSXQVFja1s8JdG6a04cjUhDRY2XXABRdK7P8xVfpXjTkAoyjcOfB2o9wvbZOtu2kQXSn6Vy0gBQ7NzhIwiKe8kQ6FFtk1RO03FwBBkKRtWYHuoWzeQQwulWCzAgbiAuAkHtY1zcHChdctd1F5Hopum2e6G1Gk19EgjsmLgqTVo5x8Q7cB9SWnJhaX1a3/in0XRPiVpoYKjww4krQur0T57gBwUUW93JVzR+yymX9IsJ2j5wo0vnCntUpuaxxLOyrj5a8ujErQx0zAzqmZUMmIXjDBgiF41xLiPVe8cyrUUZ0+R5rhOceicaZ7JlvqRlONcZiEaSK0lQ+13cJ+k4FDNcR909TIkHsjQIdSJLgpzRqDri5YwA8hQVB0kCCr30LpZur5jjmDwFEpUjoQuVHRvg1o7LejReWgSB2XUvS+pW1rbtpl44C5p6QqjTLalyCAJVxo9dPoPDRUEDByrGn8bLVYmZ/kPIx0svuZ0XT1SzqD/NAPoSmb/WbW3t3PbVE9lpOx68qVSGCoT90Tf8AVVQ253VTkeqrz8FPG7kI03lseo4iWK61/wA29cBV/mV36ZufOtYJkrn/AE3XTdals3H83ryt59EvmzyMwEjU4oxwOvYvyyfci0rFixYpYMWLFi44xYsWLjjFixYuOKN161ot3T6ZXJPi07/MMYMrrTr5wdTeDy0EfsuSvFp+0VpEzK29H+IzopeoznDWjFdxnlQTwZU7rQiu4AqEqENcQVaIydjD8hBVjBP0o1wnPCDrzBMqOAAKoJE5lMkNMYhPVHGZhMkyUuSs48qBu3lCVfynMJ+o4gcIOq8iZBhKqjgepkzCDrEcgQn7ioBBHCDqPygGxSGKpPqhnuyZT1R04aUO/Huu9g0hLs8EJl+0YKW72GU2TunCGVhJfIh8SJam3ZECPulzu5xtTTjPKAlCIg57pEe6WXdk26JhpyoYSQ1V28TBTTz9O2UuoZiZLgmjJdB4XWGjqzqbXbvp3XxeWtQj6pEGPlXi16nt+p9EbcNqjzto3AnutR9f3n4mlTrNdO3sFE9F9YVNJuvJeS6i9w3N/aQtSanp8zlDtM0IRx6vAsOTlNGxr3UXU6ppFx+k8yo6tqhBJLsfKRrdWnXp/iqLgQ7MqqXF+4SGvwvb+N8pHU4lfZ8q8v4Ceh1DSXBN6pVpapZVLWtDg7+U5Wodf011jdPAGJ5V5dqL2Y3DP6qK1ijT1GiTAkCZ7rG83p4yl62P/wBPTfT+SUcXozKARn6gSkk7RkIm8pG3qFjiccIQmCXcry7l7HpdrRhO92Fj8DmUmXbuOVjiIgtQNEoZeB+YrwcYWVSGmZXjYcOUprkswqh5uOeVKacC9w7qLpAOcAp3S6B3B0pc+i7p43ItWkUy0Ant6qwUIw4Ee6grB2wAHuFJMuW03DKz52z1OnajEsdjUggkwrPpTt8DmVQqWosbBDsqZ0rX6dN7SX8d5QbbNDHlS4ZsS2oyOMKToUYAwqrYdS2z4a54+VYrHVbaq0EVmn7ofTLCyJ+5OWtvEHupyzZgBQtld0XAfUCpq2rta0R39Vzh8EuVj9Vpa2GjKRb0qjnzt5RDKrH5wl07q3pvAICHZYN0F21q4mSj6TBSAMqOq61a29PJAMKtap15b2ry1tQAtxymRghM5v2L/TuaTWwXCU1V1alRJhwj1Wq63ibQY0ndJ+VEXHiR+IdFN/7o9qQr1Gbxtddtt4Jqg/dWOy1yi4N2vB+CuZ2dUXdc72VXN+6tWg9XXNEg1KpIHuoTTYDk2dFWeoNrQN4T91Vlp+qcLWugdV0bkNitn5Vxpai2tRndOEVfAlv5Kr11Y07u1qw2SQVzf1Jai1vntcIyum+ogH2tQjmFzd4iEUrx20Yk5UpWxOV3BopeqhjqTgIJVQu6W1xhT1zVqPJblAVrJzwXbSr8KRg5IN9EMRA5XoPqcpytSLHEQYlNHJwrUGZs4jrHbgQScJbJ4TLJ3QnqZziITkvgrSQ804T7MkJhsSiKUcnKJIW+CRsWOq1A2OeFurw30rymsquZ6Z9VqXp6zNe5bIJGFvXpgssrRhGMCUuX3SUUPxxqDkX03rLagMxAQDdT31J3quarrYJDWO4CEtdTl4O6V7XxWzFipnz3zuLNqMrSNnaLdl7g4HHCM1rVjRtnOL4ACrei3QFFrphR/VGrhtJzS85HqqXl9VCtsDV8F4yWKNzRYOidSfc6p9Rk7pXUvQomwBMTC488LbrztV3H/WuwOg37rKJ7Ly2pX+M2beb7c6ii3LFixYJaMWLFi44xYsWLjjF4V6sXHFD69BFF/wBPZck+LZINUCOT/Vdc9fkNpEH0PC5I8Wg1oqk8yStvR/iRQjXqM5v1wEVnDjJUHUABEcqd1wk1HDJzKg6nOQVbRE0rGXzwSgq0AkN4Rj3EtMEIKoT3UNC+AN5jJTNTiRynqjjmT+yGqOAOChaIGakgTKDr1MQHGUTXeduAgKriHSYS5hJWDPdkmOUNUIHKJq88YQlYHkZS6GoafPt9kyY4P7J0mPzcH9k1UGd3qgbCQ07Kbcew/VOOA5lMl0HAkShC7EPBGRHumnRjsnSc5CZccwJQvg5UIInIKacXAwYTiaqO7hCEht7oJgfJTJxP1Jx0mfdMvGFFWMTo3bq98bqzLXGYyFS23DqVfcH7SCrC57nU3B3oqtqAFO4cCO629XJSyNouR08sEFZsPpfX217Y2FxVmB9Mnsg9VLrWu+ODwVSbK+fQqtcDhpVuN7S1S0+uod7RiVXw5ZabIpxfB2pww12Kn2gB907dIOV4y8h/ODyhazSCRwRymAXgyOFvvOs0DExaV4J2kL1ixZc0jVptz7KsVGGnLe8q321U1BsqCAeCofWtO8p/mU24dyvO6nF6c7XRvKPqQUiEzGSskgTCcawOIBHCeZRa5pBVRyo7Hhc3RG1STwF4wH1RV1bbMhC7i0GW8IXKxrwvG6YRbtJqCFZNPO0CRCrtoQXglTlCpAblJydF/RqnZP0bgNAzwkVtQgmDBUa+6cGQOUPve49zKq7TYU66JQanUcYDinKeoXNNwe1zoTFjY+aRIVt0npyhcN+sxK5tL2GQUp+5BU9buqZkVHD7qXserr+gW7bh2FLV+g6D6W+nVyAoWv0lXt3fS4OHOFFr4C/cg+GXbQfEOuHBty4n1ctk6J1ZRvWA+YDgcFaDoabcW5DiOFZND1OpZvaG1DHEJcjR002+JG/bW/bUbua8QRwhbu+fTqb5gBVbp7WHVwASSVZLqxrXNv5rGuyPsUhSo0NlKyI1zXKrqBa1xWt9Vu7uvUcd7jJ7lXLVGOG6nUaQR6qt3VOi1x35j1Uxm2KnBNFbbQvqrtrC4yVPaN03f3JDi08rwajZ2pB2hSVp13Qso20pA5gJ0U2Z89sWWCx6Zuw1rTTfPwpW20C7tySQ7Hso/SvFLTfMbTuaO0O7kEfur/out6JrjB+HqskiQCRlE8fumcpp+xF6S6tZ12uAPOVsjRtXc+g1ryZAhV/+6aQqB7ApSytyyCBELo2uwZJSJLVLhtS3cJ7Suf8AxGpMqXJcBw4ret60m3ePZaX64sy+9iJEnHdHYqcPtNd22kuu6gDGTn0lXTSuhKNa1ms0S71U70z0xTqUfNFKTE8JzVb+50mp5TWEQY4xCapfIvT6dSfKNVda9IN0t7nUwB3VDe0tcW+i2r1bqNW/ovNULVt0f4zoVzC17GR5bAsU7QhuDlONA3Smg6M5lOMPA/dXF0YEkPtg90XbMO8CShGcqW0miatZgDZypcqQuMdzou/RmngllR3PwtjOum2tDHYKvdNWQt7Zri2DHoidWuSGbQZVTFNvJZtw0cnjqhq51M1ahl5hGaZXNSq0AzlV5oJMkqe0Ok7eHkccL00NV6cDJyeEc520X6zu/ItRuOYyqj1Rqxe4tL+eFJXd55FsQHdlQNYvjWuDDic5ysfLmeaY+WnWlhRtPwerbr9rnZl67O6BIdZtd3jK4n8G3/4thnvP7rtXw8kWQJPIUatf4zPP5ZXnsuyxeDherzZoIxYsWLjjFixYuOMXhXqxccUTr538JwIyAf3XJXi6fpqz7rrPrzc5j/cQuS/FoEuq54mFt6P8SM+P5Gc460CKzpwZUFULZgcKd1x81TI7qBeTJHAVxKyMj5GXgE4QVbJ2oyqeYKErlp+poyhYugGqAJEoWq7EFFVpkISsHDOFDZ1AlUumDgISs4zAEwiamZJOULUIbOPulyqw4oGquJ5BCYfEHsnqhJySmXZGEDaDQO+Yx2KQ+I+ycfg8ZTTpKXKPAxDTgCOUy5sRGUQ4jgCEy4knGUsOhl7iTwmXyTHCefifpQ7jJnsh7ISSPDAkBNVBAl3dLO0JstGdy4IZcQcRhNnHOQlvwUy4kkxwFAS/s3HWsnBvCq+tUSyrPr6rZr9Pa4EEBVbqfRg2karW8cwuWvWR8n03zXgXjwOUF0UQvLZypPTNQdReAThRldm1xHdZTJbGTKuqakj56m8Uy1Ob57fNbkH0SmWJdmEPolR1VoplWehZS3APHoujq5YePY9HovGx1y3JEG2yIyG/ql3VsK1A03MzCsLdPxO0LKmnggYn4Q5dbDIqZtQ8A0uEa1urF1vVgjumzSdwMfCuOsaTjeG5+FBvt/LdlqzXk9kZ8/GPT5KaIqtQqeWdwJaoqrTLXEAK4MosqUyxzRwoDU7bynktHfhRGfIjU6b7bAbaQRCmaDiWAk5URbiHxwpe3AdAAARzdlXSxqQdb0XViG7ZlH09O2ZIxyntJoyBLYU66ybUYC1qrTlTNvFh3KyJo1RagCETT1u8YQLcR7hHW2jMrVB5rTBU9adJU37Sxrc9kKkn2WP08/8AiROn65e3MUK9Z08TEK0UuktU1GzF1ZXrfM7MIP1fdO2nR382wD4Vl0yzr6eAGVnNgRzCdGeNKmhEtLnb4ZRKFtqBDra4oFtVmHNIyCgnNfRudj2lhByCIWyb2ypVHOuqjv4hyT6qkdQOpm5BI+puJHokPkuwjKPZc+jH0i5gmZW5dItqVxZNkT9M5WhOkLlwfT2kiFvjpavutWNjtlJceTQVuNsq/VHT5fVd5LM5zC1vrWiXdBxcWuAW/dTshUBIbM94VB6ks35aaHfBjlRtrkTKTfCNUO0ynXZFRpBWWvSVa5f/AASeflWh9m6nUcX25+wVg6eqWTHBr6JEeysY8qXBTyaXe7AdA8Lvx7BvaeIUtV8LtX0B7bzTbh4DIOyZCv8Aol5QaWPotgKztuad00Ne3spdMGOOWJ8FQ6au7ypRbQvgfMA9Fbrai5oBAWU9Jpb/ADKbQMypFtBrGYEoU2hr55Iq+B8pwHotdatpn4u/2uaTDuYWx9QJaD7qmXlVrK5fiZUr5YMo2qRY+mumxStQW9xMKrdc6K1tN73U+O6t+ga5UFJtKR7FRnW7/OsatSMkJqSl0Hii8XMjnHqqsLenUa7HZa8rvDnk+pVx65uz+JdSb6mVSnzMlXsEWkeZ8tm9TLSMbHcJ5jgTg8Jj5T1IAHAn3VxLgw5RCqQJieVc+jtKNeq15bMFVSwoGtVa3JkrcnROjCnQY8s5gyq2oyLHEv8AjNI8+VUTlCzdRtmweGqJvaTqlT6uFbbq2DaMRyol2mGoZdIWbj1G2R9N0PhXOCtEHRtC5wEBWPTLTyaYdEYXttpJa8fTKkqtD8PRM4gK09a3xYWs8PHBByogOoLvyqDhuhUStVNSsTPJ5Vj6mujuLRlVanmpJHeVc0r3fcfLvMusjijcPgu3/FtI7uyu2PD0j8K2ByFxP4LGL0YxuEfsu2PD5827cR9Ks6vnTs8pP8qsu4Xq8GQvV5o00YsWLFxxixYsXHGLFixccUPr4kMfBnBK5K8WZPmn0ldadeCWOkRIK5N8WB/m5xJW5o/xGcvys5v1z/NdE59VAVBnsp/XXfx3CAoGpM+yto7I+Qau0bZlB1OMI2s50QOPVBVRiFDQsDqlx+yErOdEE8oytAEoOoQZUOvckBrGCZMIaoC7AKKrNg8e6DrAnJgJYSB3d2ph4IP0lPucM4ymXu9kDQxMZcAZbke6bcA3EpT+YTbvZLaYa6G3/CaeffhOun7pl85zKGkFYw/d2wCmiYBkpx+MyPsm3AOEeiGSBsbcJEBNPdGGpx57tKa3NJMiUAaGXHueU27GD+yddAyE05w9cKAjqt9jTcMFhI5UfqukU69BwcAQWqj0+tr8nLyCUup1ldhhD6hmFkrQ5V7n2zN9R4NRjcWisdSaQbC6dDTtnChA0g/0UzrWtOvnEvme5UG9xJwFtaaM1GpHy7yKxvO5Q6ZZemSPPaCYlbJtrRj6YIgABap0S8dbVmkkHPELZeka9aupNbUIHuqusjKrR636Y1OLDxkJQ2J2ghmFhsRt3bSjbe9tqzQN4JPojgKRAiCsZ5pp8n0zAsGZXEqmoacH0yYJ+yo2pUDRrOaWmZwFt24tg5pERKofVWn+TUFSI+AmYs0pOmZHnPHL0/Uj2VilSdtPMqI1NrxJcArIA3ypBAKi9RoMqMJhW4vk8Rmx3Git0vpqGVK2Ya5zQTCjXscytEeyPtKkQIVhvgyYRqRdNHbTLBPCtFnZh7IaFUNEq7oAyAr1pTg0BxH6qrPlno9LFOITZWTWyHCc4kKetaBpNkZTdm2jUgkQpiiym0AbcFAX1Eap1qjIxgJZrGqPp5TppbjAHKMt7Bm0uMCB6Ll8Ilw4sr+ovuKbDJIEKkahUdVrkkyVeOp6raDCwcqgVKgfVJnMoqEyRaOkWnzWh2JIXQXSFualBrSeByufumHhtVkn2W8+jtQe1jNpxH7oZDF/Eu9XTiW5bKhdQ0m3qAtfTBx3CtFvctrUxuhBatbg0y5rfuEVCplBr6JbMMGkHAeyctdFsHOnygJ9oUq8fUWkfqvW25J+hCuCUkF2GkUqQBp9lN21FrWhpbPuo2yNVu1rh+qnLVowSQmqmDKHyP0mQBCVVLmsLtsQiaFNjs45SrtjRSIMBRQEkkiralWJDs5VQvbKtUqGoyYnsrNqrmh7odyUPRog0t0chdQuL2uyK0yqbeoA8QRzKd6suWv0x7Z5bCarN23YaOZQnVD3M018nlvKbi4Y/M08dnM/WlZx1SqIEAmP1VcLpGVO9XvDtTqx/qIUBP6LWxq0eE1r/dYpszk4RFFpc7BTDZ4R1hbvqvgDkpvSKSW50Wjo/SzdXbHQIa4St89PafToW7YGPRa76D0YUWtqFn5oK2nbPFGiBtgrF1ma5Ue/+nfGvh0IutswhmtaXc8J6o8vdxyl06EkQ39lnL5PqeCCxQSHLVkvktXmr7W0SPZSVrYvaNxbGEBrdJraLg5w4Rw5kY/mtRBYWmzVfUtQ+edp+ygqR3PBnKmeoSDXdIwCoehG4L02iX2o+FeXmpZnRuLwZAF6wkxB5Xa3h/H4dueQP6LiXwdcResH/l6LtTw/d/AaCDwJ/RWNWv8AHZ5rK6yov44Xq8bwvV5g0l0YsWLFxJixYsXHGLFixccUPrwANcG+i5N8WQCahiCJC6x68MMqD2K5N8WSP4ue5W5ol+0ZyT9RnOGutHnPae0qv1CJxlWHXINRx9Sq+6NxwFbidkXINVJ5jCDqnJ90dU2ukQUFWESVzF0BVcSOyDrH/Tyi6xBmDhB1i4dhlCcA1d2cwh3nnkyiKpyRKFqEZAiUD/salwMOiM8ph4nnCfdI5hMv5k9kslDLyIlw+EwRnKfqCRIOUwSBOEMk0MQ07BMSmiZkcJ505EJpzWAZwUtte4TVg7x2Caf9In17J1wPOE2YGSED4IUfkHc4E8Z9wkOJOAB8oh4acwJQz2kAkcKG7CcaG3jEcpl30/ymOE7kDlNkkSCVCdBJF5afL+rumLm5dmCsuKk4bj1Q21zzk8q8sXuzZy6zatsRsuc/JC9Y0nkZKe8g8ThONpOaO8fCL+PRSTeR2z23+g8QjKeoVKcbXkfdB7XyIELH0yM+qS8W/s0cWq9FUiesupLm3e0iqYHZWnS+tQYbWdla4awgzBhLZUfT4dHokZdBHIjV0f1Dn0suGbtsuo7S6biow/dQnVxZXty9pmDIWt7XWa9s76ahUqeo61zSNOo+ZCzZ+PeOVo9Zj+qYavD6eXsZfVc0QThDVqge0yeEouD2kEzKBrB9MkAQ1co1wzJnNSVoj7sAVd2eUu3dJHCbvHHkBJtXxBITUrRlSe2ZcNDqNBEYV7064DWjK1zpFVrSMz35Vv065ktBwq8+GbuinaovGnVnOcAO6sls1z2gOVR0moGlpJlXLTKzSWj9kC5NmkkH21iajhDThSzLAikZIGEqxNMAcBJ1bUaNlbOd5gkCYRUKlL2NddczSc5mJBytfh5dVxByprq3Xfxl08BwLZ+VXKNy1tQEuHK6itka6ZsHpWze/Y6Cfhbk6Vt69ENDWFzTytU+H+q2X073N+kreXTGt6UxobtbH2kqYw3sY5OMeET1GrXpU8AiF6+/LmFtQSURX13SC2HBonvhM1X6beUt9rWaT8o3jaEepu9iDuHA1jAwibRryQeyitWrC0eXAwAn9F163qfRUOUrpjo8otFrRDm5blHU6DmQew9ENZV6VRgc1wznlSTKzYDZTKojkcoggTKY1C6ikWkkY5TzgQ3eDkqG1i72U3AlcrRWnK3wVrWLqKuCkW+pBtLbMwFBaze+ZWI390RpVnc1trhlq7ccobuw6mDcXXmk4UX1nX8rTnhx7FWyhpvlUd+2CAtbeJOoGjQqUyYAEI8SuQWoajjpHP8A1PUFTUap7bjBUNn4RmrXHm3VRwz9XdAgknK2MUXR4bVS3ZG0P0g5zhHKt/SOkG7uGuLZEqv6NZ1Lmu1rRMkLcnRmgii1r3049ilanJ6ceC54vSPPlTfRadC09ttRYNsQOVODc+GgY4TVFtOi0AmEs6na2/LhPysGac2fVPH5MOixpyDLewLzLnQpGmy2tm7nuGPVVS86woUGw0j7FQV51bWunbabzB90cNLObFaz6hVVjZe9R6ltbVpa14B7BUfXerDWDmsd8ZUa6jqWo/UGuIKi9Q0e7pE+Y12VrabQpdnhfJ+WyZLTZF396+6qbnczKboCT915Uoim6CDPun6LJIwtnHiUFSPF6mbnJtm2PB1n+OZz+YLtLw/d/Bp//dlxd4QN26g30mV2h4fuAos+Ag1i/YkZORXlRsFuQvV43gFeryporoxYsWLiTFixYuOMWLFi441/16SW1JM4K5P8WASK2YEldW9dk7HkZwVyj4syfN7clb2i/CUF+RnOWtAea6CTn9VBVgJ4U9rMmq7cQTKgqpE88q4kRkfIJVnnMoOvkSjarXQYQVXBghC0LsCrkRH6oKsRBA5Rlfk5QVaewlC0cgGs0gzwhqgPZE1i4HJ/Uod7skIXwEn7A9TJOEy4H7J58uOEy8wP/sJYaGXSfX7Jh4I5BTzyDlM1HD1QSQxUNEyMJl7Z5CcI9006SJlKkg4jTg0TBkptwHdOOTTiYMoO+zmmNvd6Z+EM4ZkFEOgmWmSmH+6HkJDbnAdoTT3HkhLeI+U2eCuOo3HV8Nuowxz/AO7HkDJhNWHQGr3lXyadq7dMEQu77rpDTPIcGW1MY5DBKp2j9IWVvrz3C0YGyZgc/wDpejyaTakY2m8v6snuRywfCjqWm0f4Fxn2I/5TFTw06hpmBYv/AHwu7G9O2IY0eTT4j8qYq9L6a4w62YffaEcfH3zZWn9RuDracVaP4Y6leXDaFa2ezdiSFYqvgFqdSgXUA4lokn/4Lqat0rpVJ3mtt6bS3vCN0+0sntNNgaSMQAnQ0MVwytk+ock+YI4i1jwk6k0/dssjUaDnBlVG86d1Kz3edbvbHq0hfRO46csrsfxKDXeshV3WvCrQtUaS6zpNLgQ8ho/oiyeOf/E7B9SST/dR8/H2b24cIK8os8t31ELpvxH8BqFvZ17rTBsqNbgNb2XNep21fTbl1vcUyyowwZCxdXpsmL+SPa+J8nh1a3QJG2oU67RmML2vRYKZY8cd1GWOpCk8TkKWdc0q7JBGfVYeaDuz2umzQyw4KxqDdjzHHwhqLiDk8qU1emxzS9oP6KCZUIfnC7GrRU1SUJli0+udwyrZpNw5xbJColpVmDKtOjXH5SZSsqL+hy3RsfSa+Gwrfptxhp7qgaRcF0BvKuGnvc1oJVRs9JjlaLfRvS1m6TEYVc6t1GsbV4YcxEoxt0GsEuwFBa9fUHU3AntCmE2zptI1fqNesK798nPKjnvr7tzThT+p02VS4AAkqMbbEuDduJTFwZeZW+CU6d1ura1GjdtMrbHS2v3NdzRTe7ELXmi9KU7trageAZlbC0OhS0pgBh23ui57H4J7Y7WWXWTrlzb7rZ7iY4BS+ka+v0K+28qODSeJXlr1CGbQGBwClrPXLOrUzT2n4Rbm/capV7E9qNrVurYlxzGVSLi4udMu+XAFXqjfU61D6XYhQeqWNrqM03Oa10GHRJCXOLfIMZ7XySHTnVDi0U31JV0tL8V2B7X/AKLTPkXuiXW2tmmT9LxwVcuntWdVYNlQEeiiLb7GzqStGw237g2N/wBlX+oL4mm8nBTdS8eGh7X5Cgda1F76TpHITN3FFNx5K/XeK11BdMlbC6Ysj5FOTiFrG3uKT7sbzEOW0dCv6FtZteXjAwJR4o7mDN0H6zcMsLZ7iYgLnfxU6jpvNRjXy4k4C2B4idc0qFKoxtUdxgrm3qbXKmp3b3bpbOMq7ixcmbrtT6cKIavW3vLpXtKHuEpnsSUqm4NIIWjFUqPITncrZeukqNFlVr3AGFtiw1i1tqA2PEALRGm6pUtoh0esKcpdSVXt2+Yf1VXNp3kZu+O1mPAqZs7UesmslrH5HYKs6h1Zc1j9DyJVaF4a+S9LZSL3YMosOiinyXdV5CWSNQZK0L65vKoEuJPutk9F9GVtReypWYSCRhVPovp59/eU91OWyF050R05Ssrak80u3BGFr6fSxkujxnlPKZtMuHyAab0Ja2tq0upCSO4VP600S1t2O8tjRAP3W49XuWWtqRhpAWmusNSF1WdSYfaJR51DCvtM7xmfN5DKlJmp9Qsz5x2tTFK2cDwQrrT6dub525lIyczCPt/D7Uajg7yzn/x4VaGVyfJ6XVaOGKPLJDwkp7L5mOSux/D9xFJk+gC5o6A6NvNNu21KjCOB9l030PRdTpNB7KNX+B2eXy0s32mwRwF6ksy0JS8mX10YsWLFxJixYsXHGLFi8PBXHGveuhLKk+hXKPiuQHVOO4XVnXJLm1J+Fyl4s81iORK39ErxUUP+xs501v8Az3Z4JhQNTbyBCntbcPNdwT3UDVz2CuJewM+WDVSdshBXEn1R1X8sDlBVs/8AKF8CyPqCOUHVJ9so+sDkkwJUfcAcgoWyQKoJPKHqbYyOE/Un0TFUThA7GR/sHd37Jl/BByn3AAIepkHCCguGMPAiUw8hP1ZjKYdk5CW0EuBpxg/0TLuYMJ10gxAj5TVR0DDeUp8PkLcNO55lMv2kEEwnXEDmU2/OcFC0TfyMOBaJLuPRNOJPJTr8AnbBTDzOSIUUEmNvGcGE2/2S3EHBTbvq78FRwcfXEOZXt/NYPpcFCWdl/j3VmwrFTsPwmnNaRw0H9l5o1gK1RziMH0Xrp8pbjx+LE4t7QK9vGWlI1Kjoa0SSVW7rr/SaG6blgj3ypzrrSrt9hUp2rDuIIwuY9e6P6zNxWe61rObuJBDiUzLm9JJoHR+Ox6qbWWVG4NY8R9OdTcy3uWvLhAH/AOFSHQN3cX9M3LnuePU9/dc52eha5Qu6Tbu3ewbwDuGQF1P4aaA+jotH6clg4VWOqlmyKJf1Hi8OkwuWN22SN7r9vp7w2uQ0RyUfp+o2+o0w+mQ4ETI7qK6k6OudQuGkB5DT/KiLewZ0/Y/xDAaIlaPqy37V0efWmSg5S7AOr6tnStKvnvaA5pEuP7LhHxfo2lHqCpVtCIeDIB/+91v3xu8U6drSqWdrVG4gtwe65N13Vq2p3L7isTueZIlUvJZYuG33N/wGnnin6nsyMNZzXS0ou11F7DD3Ej0Ua56TucCey85LHu7PcYdVPG7RN3V7Tq0SP91DugOmUjzJGHJLXScqrKCiaP6t5q3B9q4giCrDplfYRklVu2MGchTFrU2uDuEjJFNGjpJ0zZXTkVHMJJyJwrgL2laUxudwFQenL/yqIJ7cJ3VNYrFxDDj0VJx55PSY8+2JbrnqJgadrx8KtanrIquncTlVs6lULnQ4yfdKpl9c5ypSoXLU30HOquqHe3KkdMoCvUBcEPp9vTgBxCsekssqLoqvARX/AEDGLnySunUW27P4Rj2RNK6qmv5biYJXhqWRE0qgB9iirJlo9we9zSZXcsfDG0T+nabV2tqj6mEZRjLNtKoHMJ54RmkXmnU6Ox9TEdkb/wBNrumlXaD8pix8WTJSQzRq3FBs06hA9JUTqeq3dtcCo0kFWR9rRNElrgYHKqusNaSWl/sEO1pCW3fJP6TrNnrVsbS9pDeRHz/wlWdMaTe7GOJpTjPZVHS61S1umlvqr02nTvaLasDdEpdWFvcXwTD7lrmAh/IUTfuJBI+oFOjeykGkcJDqbX0ySFxzlwU/VWm3ca9MkfCg7rxKu7CmbVzyYECSrPr1IeRUiMA5WkOqqxFy5p9Vb08LZm6rO8Ksc6l6ruNWrOO87Sqs+pudyk1H7jyUiccLWhHajy2q1LzSuQ6HAclKa4ThMjPIShMynJWZ8nyFU3OB5wiqdQiMz3QTQ4kZT9PKJRB3yj0StvcOBEHHop7SqjqtRrRz8Ks28ujlXfovSKuoX1Om1pOQSIToxO/WSh7m8fCvQfMFKoacSO/qt/2Fsy0tGtA4Cp3ht0420taRczho7K7as78FaOiMNWjCoRSPN67Nk1eQofXWueRScynU9lrbTrGtrF8C/IJypbq2+ff6gaLCTmFZOjdFbbUmVqjAXHJJCq5IvNOjX0C/QY/U9yw9NdI27KbHOYOB2Vxt+n7RoAbTbhQzdctrEbC8AqT0rXWXjhseCPZP9BQXBQ1eq1OpbaZNWOk0WVBDOfZbC6coikGhrYAVV0oCqQS3srpo7NgEZhZHkMj27RWkjNO5FiYZCUm6f5QnF5p9m3B2jFixYoCMWLFi44xeHherx35T8LjjXfXDhtqx7gLlLxYBPmQB3XVvW0Br5OPVco+Kxk1GnvMLf0X4ik+Js511ofxX5nJyoGqYJEyp/W4Ndx7GVAPZk5HKup8C8nYw/iIygK+OBx3R9QGDkIOs2CoYsjqwmYKDr8ZR1ZsHBQNwCDKW+TqAaggnCGqCecIqqRnCHcMRCBjUDPAaICGqDEknnsiXtMId89kNvoL/AEDuMjKZqRPGPVP1QA2R3TD+EqVhqhl0cNTLyeO6dcACT/RM1B3J/VL/ANkurGng8SZTL8CA1OPceZ+yaqOmAQhcvg5MHc5wOeE2TySlvJB5TbsqHbJSXY052ySEgvBgxlLc1pMx+6Zc8gw2PcqKolH2Q1x7aVENnLsIrpy2H4YPMS7P2VD6g6nNW5ZQD/qmVOaV1Sy1tWsLxgL18sUpT2I8x+qwwxObfZc7jTaFbD2gj3Ch9Q6b0raXm3pOPcFVTU/F/StMqFlzXEjmTEqp9R+P2hNtXC2uWh54G8GCu2Si6kwYuOWO6A11hZaQ3VWUKLGEl0mPstu9D6dTp6TTaIGOy5L03rO56l6tZWNQ+XunBmYK6a6b6jFpZUqb3GWtAgII43mm9iG5cmPSYUsr7L6/T6TgSWrXHivpeoO0O4dpziHhhIA9VZ29YMLdocPaVHatr9veUqlMzDmkE/KdjwZlLkzcut0220fNXr+61X++bq31NhZUY849uxVFrF2454XTH9oXoEVLh+tabaAVGCahAguB5lc1XlIscZbBHIKy9dhyYp/eej8TrMOpxJ4n0COIGSU2X5zwlPHYiE0ABMSs5r3N2LPTtPb9FjSC7j4SSdpwvGkzwq2Rl3ASFo8kgHGVNUWjB3TnCgaDyCCP2UvbO3QSVVmvc2tKy46E0upgCVYrbQ/xTS5wOVWOm71lJ7WVBIPdbI0erRq0xtcMdlSl2buD7o8lJ1fpW8syatBu5p7d1DM/G25LXU3CFuWtZU7ikfpBEKm6paU7as7dSke4Upp9jXp/dFatq128wGOUtb2+o1IDQ4+ylNMsbe4eC0Ae0K1WWlUGgGMwjiky3ig4rkqdHR9ef9VOm6PlTuk6DrVRwbUJbn3VusqLKTQCBClbO5oUXhpaITVBe45WnwR+ndIa1ILavIyppnR2qVGAisWu+FYNK1OkIaAB7qyWtSm8ggBMjCIM8kl0a9f0n1JTp/4e4d95yoe50PWG1S26Y6Qe63fSp03t/KCVGa3plCrRcTTzEjGZS5wVcFWWR3yanttKq0qrTUb8K42DHMojHZB1bUitt9CjKFY0xsc3CQkhUm2EtMiHtwhrn6GyMgohtxTaYIwkXNOnVplzHD7I1FAJlR6gDzQe5nEFaN6tqTeODmkH1hb511vk21QT27rQnWNUOvniMgq5ghfJleSl9tFdPqvBnISZzMpUwOFo1R5efJ62JzwnQWg4Ca3EmBhONJAiJTI8iJMeYJEoimB3CZZwMImg0zEJqQmTJLTbd1as2m3C6R8GehxWNK4fTkug8LSHRGmOub+mSzAI7LsTwvoW1jZ0pwRCu4MTm7MvWamONVJmz9G0mjYWY2tDYCqXXesUrW2e3dmMKzapr9C3tHbXDAyAtAeIfVbrq8NFjyQSRgopQnzJitE4Tmn7D+k2LtV1MVCJG6fVbMp2f4SygCICovhs/eWPqZc48rata3ZXtYA5GZU6fFKH3SL/AJHX4HWOL6NW6zfV6l55THHnstidC2D/ACWPqSS4TlRB6XpPu/OLRJMq96DQpWdFpMYCbONJyZnLW49uyLLlpVuym1rSrdpTabWgLX9rq9Nrw0OVz0S6FRgJcvOa7HOrZbwuMnwyyNMDCWEzTeCIGSnWrCaL8eBSxYsQhmLFixccYvHflK9SahIaYAOFxxrvrky2oWiMkLlTxXj+Kfcrqnrgua18jEH+i5U8Veam45zK9BouMRQr9xnO+tEeY8DieygKgye6n9ZkVHNngqv1Dkq5FfAE3yMP4KCrZJmR6Ix5zyEHcE7uVFAAVU5I3IG5445KOqtBBJIQNfmRmOyGjkAVGxzlMVBiQSiKrmzifhC1Cc5SpX7DFTGakdvRDVOJH3Tz0PU/0xygDQy8xIwmHkcJ2oSDEIerM+iBtDEJeYHMJhzjEnK9qOPO5M1HAJVWSxD5njCYrOgQU68zwUO8HM8IWkdYzIJTbnN4JylkwecJtwgk4UWkcIfHATYA/OlnkxATJdmAucvY5WfSV11+J1US+dp5PdWKpWPkFjXjcQY+VrHp7qWhd1XXO6RMCVZndSWobDXCR3nC+g6TE5zcj5R5fO9JihifZWurujbjXLo13XDjHEDhU658LLyrJFy9gHxlbPd1DQP5hk+hSHapbVAMgyrE/HKbtmbp/qTUYI7IFH6O6Qq6Hq1NznEkkZOO63TSvBQoS154Wvzq1uLvBgg/opKv1DRbbk+a3a1hJlRpNKsU3tLOv8pk1WKEsnYTV8Q6VnqotKzwAXQfqVxo6oy4txUB3bhzK5I666qdR1kinUcIMiCtleGniWdQtW2N3WDnN4l2P1+FWxalR1DxT6NrL4qWo8atRh/kbI6p0qlq1pUoPYKm8EEOyD/6XHXil0PcdOapVrU6RNvVcTIGA7vj0XYNbWrUt/PIIwVr7r3SNN6k02rbv2l7pLSexV/X+PWsw3HtHnfC+YyeJ1NT/i+0ca1QZxlMOOePlTvU2h3Oh6jVtKzcAktdHIUE8duF4LLjeOTjL2PtGj1UNVjWSD4YmSQY4CwVDgEpJwkSQ7lUspq4WG0ngQIypK1r4j0UKx8Ok90bb1IhVmrRrYJ0WrS7kNIzlXbR9TDS2Hlv3WtLS52uDgf0VjsLskBwfEKrli+za02XabcstRBpg7gQQhNYpMumGoGjd2Vd0fUXOa1gfwrJaOZWA8zJSDZxyU0QNtWrWVWACIVgseonMbtqNHylXGk07iHNpwfUIZ2kPpfyolKgna6Jun1Awt/Pg+6x2u7Duadw9FXalhWDoDSEdaWFbAcJCP1OBW6Zb9H12rWcwMJA9CtkaBeVazW7jJwtddO6czEtytmaFQa1jO0cKYSbZLbrks9uHEBzTnuEzqNy0MIJCWbjyacgCVB6xqdu9jmODmujB7FOuyvJkPd3DX1y9rQDKGr13gB+zIKGNeXnMicJVS6bESkpWwGEU9Tp16ZZUZBHBSWXREhvHMKJN22lUzBBSa2pBv1hOgrYEntGOqb2mbV0wHQVz91JcebfVMCZ5W0etdYc2i5wcQPlae1Cu64uHPPMq/gXB5/yGV3QLMcpQMYBSCfWFgkZVqjClIcBPJTtNxOJ4TJO5OMwRCbFcCG7CaZIOThH2TXVKjQ0ElR7TMCMSrT0rYOubph2y0EEp2OO50IyzUVZtTwz6ae406xZHc/C6E0dhsbZrWHgcrX/AEFYUrS2pl30uHsthU67PKDQR7L1Gl0+zH0fNfN+Qcs1JkZ1Tr9enbPipkiCtU+XW1TURvmCVszXNPp3zC0OPqozTemqdvWD/p55CXqMMpPrg1PC6zGsb3S5LD0hpv4KizB47LYdnUc6mB2hVfTRTo7ASAApyld0mQWu+8qMuNqKSMrX6qUszol2UmD6iATCH1HUTQZta4t+DCGqajTptLt4/VV/WtYYGHMT+qrLE27YrDqHKVIsuj6m+vcNAf3zlbb6Xql1JpmcLQvSFz+IuQQ7AK3v0s0C3Znssvy0YrFweu8dJppMuFJ2AUUwzBjlCUuAAUVTBAhy8dNHpIrgdWLyV6lDDFixYuOMSKhAY4niEtIq7tjog4XHGuet5LakGQRyuVvFZpHm/ddV9aQGPnvK5W8VjL6gPuvQ6PnFwUV+RnOetAiq6REKBqbSZ9VP65/nuIGDKr7zmIV2N0LyfyGKgzwgK/5jAR1UujBhBVgfUyhoACrRwZhA19sYwjq4A5OUBcEgGQIKBndAVXBO1C1d0dkTVmDGEJUOOcpbDQPVJHIQ9RwyQcoh7owUJUPOPuhY2I1UdOSZKHqOAEZTjzHdDVCJOQfdKkrJsQ/JMn7JhwJ7wlvdmQcJqo+BkpVMJMYqiXfS6Uy4nsiJBktATDnCZLY9kPfRP+xhxd3Kbe6cFOvAI4Q1UEFDyFwel27ACbJjP6rySB2SdwjJXNE9HVnS+v0macwec1pAyJUrU6usqLfrrhaEZ1M6kwtY4goSp1LXrSw1THyvV6fy0sUdqRleR+mtJq5+pNm9rnxJs6T9tOq2BgknlBP8VrZv0DbB75WjamquI3FxymDqZd9W/KsT8xMzIfSuji+joPTesre7aazKob91l910ykHtbWaREA8rQdt1Hc0IDKpzhFjXn18vqz90uPmnjj/Y7/5PTaiaXSRYNf1B+pXz7jdglF9O6zX0ms2rSqgAGSCqo7Ug44Iym3aiezljZNVPJPffJ7fSeN0ulwrDHpHQGm+JFC7txTqVtrwO5j9ERX151YirSqhwOZBXPLNVqUz9NU4U3pPVd7QLW+c5zPQre0HnMmNKGTo8Z5v6N0esm82DiRcuvdLpa/a+aGzXoguHx6LS97QdbVXUajS0tJBB9VunT+orC8pBtdwDiMzwVRvEDT7J1YXtkWgu/MAe/qk+Wx4869fH37ivDabUeNl+nyfxKK4xj1SSI9l67nOV7EheWyuz22nViA6OU7SrZwSmKgI4CSHEZSC4m4MmLavtI+pTtlfkAAcKqUavH7qStrktg8oZRtcl3Dmovem6g5jgQ7jhWrTtYOBvgrWthf8ABJU7Yag0uAacqpOFGvg1LRt3StSo1qQ8wiYTlxfUWvjBVCtNWfTb+aCpG31J1ZwM5KDaacM6kW+lUpXAgsEngoq3phjwOAo/Sw19NrpkhTtuKbxtIlTsHJxomtHqii5rmgK7WOo0vLDg0A/oqDYOFN+0/l/ope3vnsOxv2RxVC5yRcrjVqb6RAMQFW77Ujuc14a5pXlK6bW/hvwe2eUNVpsD9tYRKbTaKkpIEZcN3mOCU3eOexpqMdwJheX7aFsPMa4D2UHqGthlMjdOFCgxbyJHtTVmB5D3wfdJpXP4h0NPKrbq7r+4imTMq49P6HUqUg54zEpsY12IlJzfBSOtaL20HkiMLVVYkPdPqt1eItAW1u+k4bSBGFpS4Dg90kcq/gdowfJKmNkzhK9/RNyZ9l6CO6tUjDbY80gJYImR2TAOOU42OyOKAboNtvqcBElbJ6ItGse2o7tytd6ZBrNDoGVtDptlNtJrhUAgcLR0GNSyJsyfI5XDE3E2zpWuNtaAptLWgQc8qR//ALAOnZWiPX1Wt3XLmgAOwO4KYrXeATUII917jFPDGCTR8h1mmz6jM5G0afV7Kn+a7PM9kup1pb2zsvAA7rUtXWHUsCoTjsVDX2uVXuIDzPyqGv1ONR+w3Pp/x+XHkvJ0b7t/EK0fH8YY90czxDtAAPNx8wubaWtXDDmq79UfR12tP5z9ysP9bKPB7h+I0md7pI6EqdfWr2/S8T8qC1Dq38U7bvkekrUtLXXu/m47o6hqznES6ZSp62cuC3i8JocfK7N++HWtitctZJxzK6U6QuQ+3b8Ljnwt1EPv2tGMiV1t0PUmiwjggLP1svVwu/YmenhhyJwNjUCS0HuiqbzwUHQdLQimugcSvIzXJoY2qH2OnslZISWlKCSxpnHK9WLFBxibqVAGO+E4m6oBpu+Fxxr3rUzTeIjC5W8V4Hmx6ldU9Zw1jwc4XLHixAFU+5gL0Wh/GUesjo5w1o7az/pySoGoIzGfRT2uf5zvZQFYgnhXaEy7B6jm5lBVn4gI2qBB/ZA1p7oXQPIDVcTPAQNfEklHV9onGUBcCOyBkgVR2TuyEJUgAomr6nCEqQSfRLkGuRioe5yhqxGf9k9VJJicIepk5KCXQ2Iy+I4/ZCOgEx3RLyAeEM92SCktv3DGXwEPUG7g4T7+YKHqCcDhC0vc5DDnkflkJt7il1McpomeSg6JQ255mBz6pDnZiJK9e70CazmDEdkL5JbEVRBxACamDwnCZwSEh3rCCw0yTNw443FeCu4YlME7pIwk75P1FaNoTukEOuicbsLzz+4HyUOYYOUne4mDwV1k8hXnk5ATjbgxKC3ALC89nKGHB7XwSTbt8RMp5l1ugEqIDncyUvzi0TBXLjosRzSRNNuWNEkfqljUGMBgiPZQTrhxGFge4QjU9vQz1WyeGt1GfleR6Ia61e6uWltSoSowPJMTlYXbjkiFzzyfuBJpjzHTyUUxoInsgKTjlH0BuhU8rL2j5Y29kZTD2EHcFKupBzYgZQlaiWnAwq9o054tyBGVHtPdFUqxjB5Q7mEZWNP6ouyo04Mlra4cwjKl7O/DHNMqs06kFG0q5bB4QtX2WsWauy9WWpNfA3Kd02sTUDw4RK17ZXZbBmYU/YaqWPGUqUfg0cOb3NsafdmnTDgcd8qe0/UaYeJcM9lrK014hoO75ypKjr0uDg6CPRAoU+DUjnTRtyhd2ZbvJAMLKmoWwnbUgha/sNdFRv1vAxykXeteW/FXPymUdKS7svrNYAdIfx6oi46ltjR2ViJAWsP/AOlLTu3KP1DqCrcE+W7KOKZVyZIouGtdQAEijVJB7TKr4vLi9qQ0k5UJQN3fPaCXFXvpfp2pU2vc2VNCYyeR8Ej0v089z2VqrTJytl2Nk22t4JiB27IXRbFtFgYaQEBS1WGUiOBChouQhtRp7xUq/RUz9/XK0jcuG895K3D4ovLi8T3mFp+sJeTCv6dWjzXmJVKhgenA9Eqc5Xh5hYDmMlW1EwGxxvdLb6AQmgAPUJQcTicJiivYW5fIXb1HU3Ag8Kw6b1DcW2BUgKrNJn1T9OtEEp+Obh/Eq5YrJ2XsdW13iDUWHqKo/O7J5VNFbj3T9OqQZmFcWryVTZRejwp3tLOdXfUOXJs3Jqmd3KhWVjwSn6dYiCDwhlmlNcjYY4Q/iiUa8gzKIpVnE5UXTrEkHcUVTqzGMKu5N8ht0SdKrJhpUhaVy3Eyoik+IhSFuTglSDvNteFFYnUGuBzuAK7L6AINvTBHYLi7wjcf7zDjGSF2h0DmgwZ4ASc/4pANtzRsqgIYOyMYIAgIW3wwD2RlPj3XlMnZqY6ocbPsl5SWj0SspDGoxerwe4Xqgk8mCk1SCw98JRAKRVY3YcdlxxrzrXNN4HaVyx4s5NXHrBXVPWmWuA5gyuV/FcAmrjmV6LQL9soPjIznDXI8959+VAPjOZU9rYHmu29yYUA9su5V5c9ipqmM1eMFAXBPopB7RBBQFYk4AQsFWR9Zw/myga5GcI2s0g5QFzyeUD4JAKroJAyhHyZnCIrTPPCEqF3ACUxi4B6kz6wmahA47p2oY5dkoeoCT2Qug+xmoSTwhngGZCIfMz+yFqGDJSZBR75G37TgpqptHHKVUO4YCYdHd2UDQV/A28A8plxA7SnqjmxCYcJHygfwEuXY28g+w9kw4gZTzxHfKYdIie6B8cBbRLhPCQ4yAPRevyZlJgkwENE1Q7uJGHJBMmZ4WSOxSXLQ3fBXoXvMEQYWSI5Kb3A4OV7vPZQGuBcmOV4c94Sd+MiF4159MLkyeB1pjAylbyMOOE208mEqYyo3DBc4wsDie6QHHslNyZQ2Gme9+U42ZmCkYIkdkum6RB7rrCH6dIvMifsjKIc0w4wpHSrEfh/Ne2JQ9UMbcOa0YCXlg1HcXtHJb6Q9SAcPqXlSk1wiEui0HhPuphw4yFRZ6WME0Q1WltJgJktj3UxVoBzCe/wo+pRLRhMjIpZ8NA4BH1JxjyO6wMcF6GfVBCO7KDi0F0KxbCkKF4QRmCopsg4CeYThTQ7HNxLHb6lt/mMI+nqpwQ5VakXDBz7J9lV05JCHai0tTKJdrbW9jMVM/KRW1l9V35s+6rFGq90QVJ2ltUrESEVJdhLUzlwiUp3VaqYB5U9o+nvuHAuEoTS9LLnMEGCVftA0aNp2x9kDe0s4MMsjuQXoXTrCWuNOQeVsTRtHbSa1zGhqi9ItxRIDmYKt9i1rQNnpwo3WacMSh0G29HY0DbI+E/Tt21qwYeCUlrzt4Ttg1xu2ANOSES7Dl9qbNbeM/QznWrtRswWw3cQOD6rm64YWPIXd/iBoH47p+oRTMmmQuJuo9Pfp+oXFu5hAp1HAGPdbccDhFNHz7U6r1ssot9EC6YkBeNkA+spx0AyOSkEGVO2uypKR4M+uUoSDg8rycQAQsBM5CJWJbQ60xhKaSeybBngJbSRhGhTY+0nkIik4uH5soVrjEevKepmBIRiwthgc5RFJxHJQrCE/S5mVy+AQxruIRdJ8gAFBUp/mgj1RlIBpEGVyAaYfScCAJkqQtiXbQDwoukQCDKkrYncIXK2LbSNr+Ejo1Fp7bgu1OgDuoUwTnaP6LinwlBGqNnIJC7V8P48hgPYBLz/hkR/zRs22MMG5G0+AQEFQILGyOEVTc4YI5915TIuTWx9D4cRiEoGeV4G4yve/CQxyPVixYoJMSKv5HD2S03VH0H4XHGvetZLH+uVyx4riPNMZE/ZdT9aE7Hx6ErlrxXIJqT2JPyvR6D8ZQk/3Gc362WtrOho7wq/U+okgqw65ArOxwSFX6rckhXk2LnywepJGQga/pwj6gEKPuPpOULFgNclxzKjbmA4qRruk4cFG3IgmZlKkiUyPrc9zKFf3wiK7gCT6oao4HjCW+Bi5BasIeoeABlE1oEIV45hB0MTGKjAcuch6wJkE4TzyZkhMPIzlKk3YSB3ggHKZdEkhvKdqfU6Ey9xaIlLlYyPQ04zwYTTwZgHCW50fKae8Twg5JSQ24bQQCmXGXZKdc4Ec5TThPyh5ZD4fAhw9EnPcpRmcpp4IMjChhJ2L3QcpO+eMheEiYleDgeiu9Ffo9zghe7jmcJDiQVkgnErnYSSFyAM8/CxpB+yQDPZKYcQYwh5QaXwLLh2WAyUlpnMpWDiFDaYxCmkDBSpEyEgH1XhcB91yCXAvfmAEZpVB1xctaBMlRwiYVu6N0/zbhry0nupitzoJulZYKtBtnp4ERhVjmqTPKtPVB8i12NMDuqla/W4kBM1v21Es+NTlk3MkKIiI7DlF027u0SmaTDHCKptxlZEnR6/GuBurSAaQFH1acmFLFjnNPsgq1IEyAuhJ2dlgmgLyMjAjunW2ZPACfbTBHEEo2hQJgRPynWVFhTZHtsh/pT1KxJOGqdtdO82ARz2U1adNvfB2IXOhsdJu9ipUtLqkyGlGUtEuHfmbAV9s+mS2N9KR8KaZ02zZIYMeyD1aHx8fu7Na2uiVGvAhWrR9DDy2WQfcKeo6G1taHsxPorDYaMym0Oa2VLyNjsegWPlg2ldPimW4+VetK0ptFrYEIPS7drWgOarFZsDQBwo77L0cajwg2zsQAPpn7KWoW4YAQDIQ9tIAIEo+k3cRyjpIPa0KaD/pUz07aG5v2ATg8IFtOACFbuidP33ArQrGmxvJkSKOuzrDhlJlq1HRG32j1aDoywjPZcP+MPS9XROo67atIhtYkgxgr6EUrVptIjkQVy9/aV6Xp1KTr9tOHMJdIHGV6zG4zW34PjuXPKOocm+zkO4oljiDhCuLh3U7qFvMkBQrwWkhwKRmwbHwX8WfeuRJEAHuElroPCyNx9FgEHlV0mhjaY40weyWCZTQLR9+EtpJMFTQEmPMcQU8xxI5MJgcfCda8wpQDCabhEIhnaChackTKeYTiVxAdTJiCUXSdiJQFN8kDCNogxmIXAOw6mQOVI2bm/T8qLpdto7qStQAQRyESpCXfZtnwlcW6o3nLgu1+gCHW9M+wXEvhK6NUbtxJGF2v4fSKNOf9IS86/ZkSn9yRs63AIH1T6otu3gmPRCW5G0fT2RQDXAZM+68nPs2Md0PsP8A5J1MUxjBTwEJEhp6sWLEJxibqTsIwcJxNVQQ0nkLjjX/AFmAab4GYXLHivP8SR6rqjrNwNN5+cLlbxYDpqkHGV6LQfjKEmnkZzlrRHmuM/Cr1Rw3GT9lPa4ZquJwf6KAqGD9lfjyhMuxmoRHCjq+DBKOrO2hAVzJ3fsoaFXQDWgyY+6jrnBJ4UjXkyYMKNuAcpckFEja78+qFqO9ETWgkgIOs4j2SWhybGqgHf4QtTAKfqTM+qHe5oxOEuQ6C4sHeZJnEdkw7aTgJ2o0TMlMOgDJAlJk76CX9jdUs4KFcRJHZOvwZJlMED0QNfJPA28AYhM1CBwE9UcBk5hD4y7j0QtEoR+ySXZSnvlNuJGQhbCVtHhmZlIeQvXGTwmagkZKElHpEHd/Re4XnHZeSSVdsrnu4LBkAgpMw6OV7hxI4hRZ1WegAmTK92tmTx6LwcY5WTGCVNX0NTFgtMCV7I7FNuc0flhIc/gwo2hJju+JASS4EZSMnLjACUG7vg8KekTYRaUd72tAK2n0XpgZQ8wjsqDodl5lZrtvBW7ejNCdW011VrCQMKzpMbnMjNNQhZQut6pa4MjjCrdgwuMwrJ1/RfSvqlJzSCD3Vf0xv1AAKtrpNTaZp+KjaTJaiyQB3R1Kg0jiSmqFOBJ7o6gwYhqyJu+j2GKKSEmgAyT/AEQFzbkZAU82iXfyymbizmZEeiCMqGThaIOnSeTxlTFlal0BzV5QsiXAbSp/TrP6RLUxzsVDFbF6VbUw4NcFdNMtaTqbQACRwoS2sWkgtZlWTTbWo0AiYAQbmaeHFwS1rQYBBaMIz8O3bLWxKTZUiCJAKkvI2s3AR7Iase40QptHOqYHJUxZW0UwE02kfMJUpZ0SWiR9kyKIqx21t2NcC0qVtmNkf7Ia3obTwjqDQ36uEzhHKFEragAAjPypKkWtySAoinW8tsgpi81gU2FswUa5Fz4J4XIq120aLgSTC270LpTm21MubBgSVqTw/wBKuNUvm3D2zTxEhdFdO6b+FtmkMIxAWzosPpx9WR4r6i8hGMPRiw99FtKjBEQFz14+VqVTS69F4Bw4A+i6KvXbbdxdiAVy5/aBvG07SuJnla+g++bZ821MluRybfNiq5sAxhQt3abjvbn1UxeO/ilpxlCvZiQZla706yRpgrUuErRAPG0kRlYHAkbipC7tQ6XNGVHOYWmHfosnPppYXyaWDURy9CozuEL1rv1SGTOOF60AElVaLNj4MEcpxhTLcp1hyoICGudiDhEszCFYQRwn2E8HhFQDYZTIIwYRVIkmAgqZ25CLpumCApoCyRo4AgDCkLUiQQflRlAwFJWZlwgQpFtm1/CUj+92GTyPsu3fD4Ndb03DuAuIvCJw/vYH1IhdueH0eRTwJ2hK1H4ZBR5mjZVIQAIOAimBzyEPQBDAQMlFUyR2Xk5s2YU0PNaeISwDGV42duIS1XYwxeL1eKDj1IqZYTMQlLx/5DPouONfdZNcKT4zyuVvFrBqzwJK6s60ZNFxB9Vyt4tbpqtInkyvReP/ABFCarIzmrXSfMfMckqvvPsp3XD/AB3bowe3CgKkudOFo+wmS5GK0GQ77ICqCDAR1aIzEoGuR6IGKp+4HXM8n9FGXX0zmFIVzAIUZcOEHcISZd8hojqvOMoOtKKrunug6riAZKW2NgNPDiMZQtQkmDj4RDngHHdC1T9UyEodyMPJ/wD1D1CCCYT1R2coeqR2Svc4ZcQAcph+RM4TrzJ5lMOBgwEDsONCHn+UOwe6YcJKW4bRkpp5nG1A0GjxwB7pD3AAALODBSXIOwqPC6BCZqER9ITj3RhMVRniJ9FDOSHYcDwcJLpJ5hEOiJ4TZIIJ9PVX1H4KtoacAIBzK8cS38pA+yWCJ4j3hYWbiVO05TQ1ucRM5WSScynPLaBnErzZniFO0neImDyvckJRpAd+UptLCmidzEBrjycJ6i0ucAOeyU2hDQZRen23m1g0NzK5xtBKZaembMtDXuBJK6V8K9Kp3OkNftEkTJWhNEtvIbTaRzGF0l4RNB08Uz3aAtLRRUZoq62d4WaR8b9FOna3u2w2oC6fVa90ykS4R2W9f7R9gW1KFwymYkN/WZK0/odkalQS0hZvlYtZm0bv0/L1MUSQoWhc0H2RttbPn6gpKjp8MEN7d07TtvLOWj9Vhv8As9xCPAq1sfMHH7Ly+sDSEnhTNhTa5oDRCc1Cz3UuJKiMbLNKitWlu0v7GVZ9N09rgAGqFt6DqdQgt7qx6ZULSJ7KK5CxRTZL2mmNZBIU1b2cQG90zY1GVIhufdTFsWtcB3RNWXIqh2ytYgEY9VJG3IbIEJuk5oAMBeVb3aQ3lFGNIljX4dvmSBkGUUw7BkZQwqOcS6AvH3Wzn+qPg7glKV0BG45CJF2yJkKu/jHTyIXv4t3+qPZco2KnJImbrUy0QDGENpdtd61qLKNIEguE+wQtjaXOqVhTayRMLdXhr0GLfbXq0skgrS0ekeV2+jA8p5OGkxu3yXXw56WZZWlMGlBgduFtKhRFCkGRgBCaJpjLWg0bQpCtDRzELRzzS+yPSPmGq1MtTkc2RGu1G0rOo7HC4/8A7QOpyH05LpwAF1N1nqLaFk9u4NkHK4k8a9aN5qNSh5gjcTgrV8XCouTMTM92Wl7GobiqC8kyUwTBmV690vPukOOIlbsFwVZt2eOcXc90NWtGVATGfVPtyVhCLJCOSO1oHHOUHaIh9F1OQSkt+k8FSlRjagOAUM+1PAKxc+hlF3A2sGui1Uhlp9E42cA8JBpup4hLBOAqMoOLpovRyRlyh1uCMommTwhWGHYCKpkEjKGqOuwikTztlGUo7BBMMH6e6KpGMTlcCw+gcjH3Una85UTQdByRClrUgxBUir9jafhI7/q1OBnAXb/h7Bt6Yz+UT7Lhzwle4azTb7gyu4/Dx80KQH+gINT+GQceZKjZ9vJa2EXTFQAyP1QttG0GUYzIH7rx+R8mxBOhym7GQlpI4ShwkMaerFixQcYvHCRC9WLjin9X6a6pave2Z9O0LlTxg024psqvayQJXYHUwiyceQQVzH4vsYbarjGVueNm3FopZuMhxt1AxwrvaeQcqvvJBVo6sIF7VAx9RVVqGCRA/Va18clfIqYxWMtIKAuIRlb3/VA1yIKF8CU7Aa+RM5UZdOlsKQuJA4UXdPjGZSpdDER9aQTGUG8yMhF1SSCYQryIJ4SWx0UgerEZPKGcWgHuiag+kz8oSrgA+qBjUhl55j9ULUBmCZ7p95zPrhDvLsiZ7pF8nUMOcZTL5BhpOeU+/I4gpk8HhQ20Ghh8HEhNuMYylvaQZ9+U1UOCZQPknn2EkxxwUjdBysJxKbcXE5CH3DX9inOBlDODiCfROOfA4ymnGRBKFhKmGGDgn90ktz/ylOa2ZAkhJLsrTM67M2kGOCsmBHC9zwSvOxkSpVHcngBPdeiJiQvAAQlZj8sLmqJR7AmClho4EpIkjIlOMaSclQibHGtIbkqZ6etvMuQRBHqolpkQrV0rQJduDf2TIrc1EJPgtVvTNIMDQMeq394O1N9NrB6LQwG17SQRwtyeFF6bV7fqjuPjC0ca2zVCMn34mmTf9oDpard9PfjqTQ4UiHO9RC0PolgGOA2zn0XZHU1lR6i6WuKFRodvpensuXqWkO0+9q2rsmi8smOYVLzUKqZtfSc192N9ofp2QNOdvAQF1RFN3HCtdtaB1IDb25UVq9oKYJLYXnGm+T6F0hjSgCYU0608ylxyoDSZ80AHurrZWzqtIbW8BckMjyisP0uHElq8p0XUXjurLcWZDiCzlAvsxOR91yihi46HbC5DDk59ypujc7oMjhV9lAtcI7I+3DsAklFVj1N0T9K4JbCx+55lDW89kfTadvCJX0TvGaZe3BK9dLuU8Wfb5SRTfUIaxhM4wJRRgJnmoGc3aZEwEfpWlXOq1mtpU3Fu4CY5U3ofRGoanVYatJ7WE8ALc3RXhvSs9j3UwTg8LS02hlk5l0ed8n5vFpYtJ2yH6A8PwxzK1ejPGCOFvLQen6drSa4t+MJ/ROn6NsxpDAI4wrNTpMpta3aFfyZY4Y+njPnWs1mXXT3S6B6bDTaIAhM3RaGEmOEXUgSAceyjNTqilbucSYA/RU09zKcvtRqLxV1gWlnXbu/KCuHuv9V/HavWdvmHELqvxu1tjLWs0VM57rjfXnfib6rVLvzOkQvWaWGzEkY6dzciPkDtKQ+T3XrKe3BdKzynFxzhaOLkTmlQiY4Xrn94XvkkOgGfhe7I5j5T9qK6mMvIzhJa4AQQnnUyTPZMupknBKXOPAzHIU5rXCDmUg2uNzEtrXbcjKcYST/yqeTBGa5LuPUSx9MEDHNdlsQnmGfsijTa8DcMpD7Z7DLW4Wbl0jhyjQxaxS4YpgEgwiaZ7HlCsB+6JpjOFW20Wd9h1uO+2YUnazuACjKG7gDJUlbTuAkrqFt2zavhK6dYYS0CCPuu4fDymRRpieGiFw34TAf32zOYb/VdyeHQm2pmcwI/RI1PGCQ3HW9M2lasBa0ElGClH5TKCtXS0ZhH0zAheOyXZvQfApo7HslrwEL1JZJixYsUHGLFi8JhccQvU0iyefYrmLxg2G1qlxjBXUHUZBsXN9iuYPGNgNpVPrK2vFvhlLP+RHHvVmbqoZ4cVU6hyccK19WANuqnuVUqp9FsQ6K+XsaqbS3JUfcYxKMqk+mUBXJBn1USVlfcB3J+kiFEXcSSSVI3NRxJbKiLh5MtKQ0Mi37gdUujJCGfMIl5O3JCGq44PCU2PirB6hMe6EqGeRx6Il7gSYlCPBAMFA+exiTGKjgXcplxkkDlOO9QmXObkxCW6J5TG3l0ZymnEAGBz7p10RMpioY7SlWGht5Lj2AHumXQTESnKh7YymSSDgoWibbQ25pyZx6JtztvrlOuOMlDvLgf9kLCQkmThNuPYcpZxmZTLzmQguw0iSjEnlNnLvyr1z8wQYjhZ9LgBK1UZx4/B+owkyYwEt7Z+Uhol0EyoaJTFBoPCVwIH7LA0ei925wMfKnsncewQAdydbPIwm+e6XSmfVSkrO3MJpNJcARzhbE6RsfLoeaGcjlUOxZvrNaG91tnQbYULFpA/lVvBj3TsDJPbASafmXIbBwcLaXQtB1BrakwIyqBptk+5vmtAkStlgM0nSS9pLSBycSrsIXOytPLtiXOv4gUdKpst6lQubwGqk61Z2uqag/UbBoaan1Ob7rX17qV5qeo7A87QYGcK56RQvrSnSrOJcBBnsVX1aWeLgzR8Vk/S5FkT5JC0oOY0tc0yOJUVr9oTRLoyr2dPpXlg2+tWg4+sehVW1ymfKc0j1XnMuD0XtZ9H02rWqx3EpmmyLjZHdbF0WnvpAc4ErX1nTIveIytmdO0potjuq9F3G3Rl3aNiI4yo6pQaDEK2XFmTTJDRwoW6to/lU9cDUyGdRYDICeo044aBKypScx05T1FoCnsavkdoBzXQQpSi0FuAgqNMcnKsWg6HcalUaym07Zymwg5uoisueOONyB7TSri+eGW9MuJ/QK89OdI0bJn4m6ZveRjGApnTumjYWo/h7YA4H9USa1YUHUabC4gLb0mgd3NHifL+fUYuGFhGi9TaNol62heuphr8An+XK3T07V069oNuLOsx7XQQQeVxv1RRujevdVa5rmnKsvhl4r6n0peU7G7rOdakhozkLXyaaXp7UeHnqFqnbfJ2dataIDeE+9x7HhV/pLqbT+o9NpXlpWaS5uW7phTrzj6fRefywlGVSOjwNVCIOVVurdQbb2b3Ejg4VmrVNrCTAWrvEjVfJtakGNoJT9Jj9TKkVdXk242zmTxv6gdUqVKTXDM4nhc93DgapdH2WwvE7V33OpVGb5JJMTK1xUhzp7917CEb4MpS2wEbTMgr1rpwTCwyMcjsvHA8iFaSrorSk32LL2sH0JO6QZOUndIAMSk7jMAQjXIDdDk7m7Rz3SDC8LjkE8pLRtkZK5q0dF82LYQBxgp2k1pMDgpoEjsUppJ4wq7Q9dWFtaPThEUww4cOcYCDpzgEoui+HKFXudbTtDhtKVQnY2IWfhvLO0g/KfbUacAQUVTaHgAxlVcunhPlFnFq5w4YLSoDdxCkrak0OB3AkJv8KRlpRNtTLSs7JglBmhjzxmbI8KGObrtMiOAPfldx+HH/b089hC4e8Kif78piAePnldw+HBi3pQYwFS1X4JF7F/JG0LemSxoB/VGUg5uHDKYtQ4tDiBKMleMyO3RvQ6MAPKUvAvUkIxYsWLjjEkz6JSxccQnUZJtHE4AGVzL4wgfgq5HaV0/1DTa6xqHgwuZfF9n+GrNGYBytnxfNlHUupo4z6teDd1AYkOKqbzklXHq+kDeVQDnceVTazC1xBctuPC5KmWQPVd9OAo64JeQc4R1V8AqNrvMEjCCSE7iPuiA4wou4MElHXLzJO5RlVxMgDuq0nzQ+IxUcCJ9UNUgBEP4kBC1XPAMZS3wPiwWocyZQzjBzMJ+o5xOQmHuntKC0GnXIxWMxCGcQCn6hH7oeoGmUthJ2Je6MOKYMTM5S3Ce/Cazx6oXQSsRUdBAMEJpwkziEt8A57JBdjIS3wGn8jT5ccY7pqpBITxnOJ+E28SAIhQ3RL4GnggR2KZJAEQnqsdgmCEAcWHOxgO5XjSCctSjtAkiU1uPYwtbgzRwySWuj2hetbBXgg5Jn3XrQciMFR2cL5mQvMk4wvASMeiUCCp2nI9yBlOU5Ka2kcFP0Qf5hn0UJcnEtotNz7umAO62/p9PbYsb6tWq+nmh15TJHdbfsGB9OlT28wAr+n4bsVn/AIqiw9GaT5tcV3jjMqV60ujSszQpmD6BSuhWTdP0rzHgNeRKhLu0qatdEEFwBWhijS5M3LNSl/opejMP4qagAkrZ2k1mfgjQqxkYKrOodOVrUefTp4ByvLfUa1ICm8xGEjPirlGjo88JqmbE6Tuw/wDEae8jaQSPdRPUtttqVGCBCT0mXXF1vByApHXrffVMjJGVja/HUE2ex8Lm+7ajXLKL6d5JaeeVsvphgdQY557DCqNXTv48huCVcunWmm1rSOBCxn2evxu0WGpTY5uDmFCX9HaSD+yn5bsj2UFq1ZjZ4H3TBiIepRbMFNHy2CQZKau71o7xCAFw6rUgOXJNhOe1Fu6T0qprd+yifyAjd6ldBdLdFW+m0GVgxpxMRwteeEnTVxTpMua1M7n/AFA+i3tY03soBm3gL0Xj9NGEN8lyeA+ofLy3vFjfBC6hbU2Ui1rW8cQoanYUt5LWgeoVjvraoXGQVHtsntcXESt3DNVyfPtTOUn2a76/6fpVKTr5lH6mjMclag1K3ioDTAEFdHdQ2Pm2dVrmzLf0WheobbybqowNzuVq1KJn498Z9m4v7P3UF7b0hbOqvc1pDSJ9V0jRrl9Nrp5C5Y8ETtrAEEGRP6rp2xqTbMiDhYPksaVSRsYsu9uxWoVS2kTMGOFoXxe1c0LSuS7kELdeu3badq+ZBAJXK3jhrjqNGq3zuQ45K7xWK57n7FHyGS2onNfVt6bvUazw6fqOVXnuKK1Cv59dzpMkzlCOwBnsvS44lObpUJJHCQXCSCVjjJ5+EiZVjhLkTZhcAJC9D5j1Tb5BieUkbmpdh1YRIXoInBwUwHOI9VmWge65yOUB/f7ylghDjkHsnGkuOAYSG3Y1RQXS+oeqfpugxCFpOIP1TCJY4cjgIVyS+FQXSJORko2kTECMeqAplvMIui8zG3CKhe5ElRqSAXEFHUG03mCFGUXSMhSFqQTBwULSapnKTi7RsXwxY+nrtKBgxn7rtvw3M29MOHIGVxP4XR/fNIRPH9V234btmhTJiIErE8nBQxSaNvRZXka3G07cAMbtP6otvGShKOGjb8BGMnuvBZOz02N3QruvVixKHmLFixccYsWLFxxE9QEGyfI7FczeL278LWLcCCum9faDYvn0XM3i+B+ErSMZWz4r3KGpf3qzjjq8h13VxOSqVcGHZgK59Xz+LqkYknCpNw4lxC2olPI6YJcEN4MqLu3qTry0SFD3hnAdlBNpAR5ZG3UT3QLgDOEVW3bjMoZ4McmEiRYQM7bMTHyhawIJEoirAdMQhqp3Gf2S2w0gSoNpkIaoTnPKKq8SeEK8HJCTIalQM7ICbcRwnHkRjlMvnkQhfRKbY05wjJTTjBmU47vgz8JtwJzBS6obEbeASTHKaOBzhOP3cAhNE9oUPlBCDUG6Bym3F054SnAfovCHAdvZL6J5GngRg5TTo7p2pJJmE1tnhQEl8hZkACcJIJEgBLdmO8LARP8AytSVJmaeHcSI490oOjk8FJLSM8ThesHrlQcLdtmT3XrQOwXgIPPZex3mES6OFCZynqBO4D3TEBFWwBMypXLJJ7QJF22fULd/R1q69r0iQC1gBkrSGhZumRzK6N6KtBaae25e2NzZE91oaeFsrZ5qELLJqDnBlO0p8OgYV10DoymzTKbqlIB7xuwM59VUNAonVdYpiZDHAxEjlbrtKTWUm0qbQ0egWnBows7aVe7KB1B0owWDj5YHeYWr9Q0Gox25lPgxwui9Zt2/hC0ASVry60ulUquApghTOKkiNPllBlX6Jpm3rOZWbBhTOpsbUuCZBEJFazp2Dt1OGlDuuvMM75WB5Sow2s+ifTl5vvBbm2pgbsSi9NriiAI+6FunNLO8punUdTbOfVYL4Pd41SLDcaiynSkmCqrq2sh0t3CU1qWpOawjsqtc3nmOJnPZSmO6VhFa+qVHwHd0foo826a18kEhV8VHTuhTfTRdUvqYz+Yfon442yjqctRdHbHhjpNGpodq4MBL6YdwthUtNY1u2Bwqp4TM/wCiWw7bAtieS0CQFuZcrxpRPlOp/czyf9lav9LaRIAUJc2rWA4V3uKILTiflVPWKRY8lqPT523Rm6jGkrKf1AwC1qRgRhaG6ltz+OqYwSt8623zLepyRHZaa6is3fjnEiRK3cXMDL3fd0W7wdpBtXHJcJwukLEubbNgdpK558K2BldvqHAFb+ZXFKzE4ws3yMbSSLmDt2V/ra/bRs3kvgjlcW+NXURuLupR3SHOOZyAukfFTqZltaVhuP5SBnv/APSuJuu9adqOp1HOdME8FXdBi9LFfyUcj9XLZXahLi5/umSTHykeb3AKTvLskQtjFFpFbI+Tyo4jIAleNJjIA9UhxDjl05XkQSAmvohC3bieYC8IkiCkbiDx85Sw6Sk7SbFBgIwTKwCBBkrzdnmD6L0Hdwce67ZZG6jwEZjPsnaZkTEJMNIBhYw5SnGhm6w1gJAMJ5mIBCEZUJETwiKLyeeQoqnZLlSC2ggjKLpOxBhBMcZGJRdNxMcA+yMUiQpExAhH2hjJhRdNxB9VIWpBggR3KBoi/g2P4YVHN1yicgFdweGz91CnzwOFwv4a1XU9doDs5dxeGj/8PSjP0hY3lV+zKjX0D5Rty2YQ0O3ThFAoO1cdoz2RQmZXz3IuT1eKXCHN3qlJsGUsHCUWYuz1YsWLgjFixYuOI3XjFi7H/pcz+L7Js62MwV01rYBsKhI4GFzR4vAOtK0YwVseL7ZQ1P8ANI4t6zG26qA/mkqlXBG6Vdut5/G1cgycFUWtgmVtRdFPN2DVyYyeVE3hgSApSq8RAMqJuiS7nCXkYuFkZVMncUO4zwETWH1GUNUO0EhJkWUC3DQT3Qj2kBE1HT2hDVXYLZMpTb6Gxr3BagMwUNVhvyiXmHQhqmPqgFL6Ya+QSp3TLwQJ5RVRoOY/RDvx8IG2ElY04gdkzUJJ5IkJypExkJkyCltjUhtzYPKbe1pMyU45x3QSmnOHDTJQ8hCNpHC8cRGXJRInJykOeOdoJQMmxp7icDiE2OcJxx3JLWtIkSoslMKGOTE8LxrTJlyx5HrwvGuaMZ+VqvszT0n+WTHulM9IK8xEwV4G9ySB8qao4c+yz2KSOO5HqvQZAXHC2gAwSi7UASZQogjIRdsWwDJBCOD5OLF00wOvabdriSe3ddF2ddlHSKOxxP0DHphaA6MqN/vSgYmXCQVuVlw2nSYxj8cn0WlgkopspaqLlSNreGNpuqOvCzJW1W3FOh9WFrnoSpT07SaZfgubuMnKNvOpdz3NY4c8yrcJUjKzRc50iw6rqhuHmmxwjhV3ULyla0ySQXFR1z1DRoU3Oc8SVRdd6qde1DRovMTBVbU6uOFcl/x3jMuqyKMUHaprrrqsabHYnsmre5qBoM5UPaUw47y4yjmuDMyV5bUZ3nlbPrHi9DDR41BB7q5eBLpSjULae1wQ1N4dle3FSWQfhV9xsqJDavcQSGlQFWoRmVLaoYBwcqv1ngGExc9CsktqCWV/qEEKzdHDzdWt2RlzwAqcyq7duaFevDmn52uWrduS8K5ghbRjazLUGd1eGlI0dJtwARFILYDHlwiFS+gqXl6ZSx/IB+yuDHD+VaWqVyo+bOVzkxF0C0HHZVPX42GPurNeXEU3buyp+r1zVcQ2PZdpotyKmon9pWbtjntcDxEcLW3UmnBt28luCZW2jab2HcOVU+qdGHlmswSQf2XocUlW0xckqlaIvw8BoXcNMLbmraqKGlElw/LHK1J0xNrdEgwVYOqtfFvpFQudkCOeV2bT+o1YazUuDRvjb1iQ+tQZV2zjBXNV/dvuKznvzJV68VNbN1qNRhJJ3Hvwtb7w4w/j5VrGuaRDeyFDskZBwm31eJC9LwPzcdk29zJJ5WhFcFGUuRJeBj1WMqbsYhNvdMg4TBqbDxHuuk+CUwrcQ7GEsVdozkoNl00uhyd8xrsgyEuMt3QcouPITvBHJlYHOHDimGu9iPdLa8bhmUQAUxxJyP0XoMfdMhxaZGTyl7vXCCVEpjtPbJcDlE0jPBygGuO4bSiqLnd0oK/YkKZMZwiqLjwThR9OoXYwjaLjAOSptAtB1OS4ZUhbkh0+nuo2kcgkQVJUC0EOOMqJMhLkvvhy8nXaAie3xK7l8MAPw9JoP8oXDHhw+NetwR9J/rhdyeF3/b0yAYICxvKfhkaein9yo2/agNpiUUCBlBWznBgBCKBx7L5/NcnqMU+B1pCVPumdwWbsxJSWi0sqHpWSfVNglehzvRQGpjm71Sk3uXoPoVFBqQFrY/wFX124C5m8YHH8FcCDwV0vrLj+DqASTC5n8YnbrSuIiAVseK7Zn6mS9RHF3Wjv8ZUMcn9FRq7iHZwrt1k+burBgScqkVtpfuC2opUU87e4Er/lOVE3L5BaDlSlw7dyoi5ADjJS2vkCDoBqSZKYqmRgcIh5gyR/whqvqAEiUi7BWCVSQfVCPBLpIARdV27059EM/j3CU2NXALUl2YwhqkZ9kW8kmELVBzBKS3yHXAxUadsSAENU4xyES8ADgzyh3gOaTKBsKKGHZ5bx7pl4Mye/CePcJl4IyYMoaY1DLmiZBCaIh0nkp50TJCacc5wELYdCHHOcFNukwSMJbyTwAQkEO4ChdAtiDG445XrSBgNAWBvMkBZtEx3Qkoefxg49FgIxtEE4SnNaW4iQkAnAI44WsZwskGBPCyATzkdl5DtwMJWZiOO6ns49b2/oveTEQvRnsvNuZXV8nCmyeEZbiBACFZHA5RdDcGwiiuSWT3TdZ9K8Y9uIIytvaZciu6jJwY5WmdEcW3LQ7jcFtfTnbaVNwP5eFdxdFbP0mbbOumlYsoUD9RAaAo6/1SrZUd739pOVUrTVaj6zKZcZBxKM165fVoChtIJGUebNsg2RpNL6uTj3BL7qG71B/lsquDJ9U7YUXOcHO5KBs7PaASAFM2jIIAXm82WWV2z6JoNLDBFKKJS2pfTAGUW0CNsZ7pq2H07icJ92BJHKr9m1DgxjSOAFlUnacApt7nNIBP2Tb6hI5wp2D07ITV3SHEHhVp7nlxBPdWPVngAwAQeVW6jf4kiTJTIR5KuodDtKdwgBbQ8IrZtfqK1kTDwfhaxpA7hGMrcXgbZurdSUHNBIaBPpytHTR+9HnvIT24pM7a6VpNpacwNPGFOOr7FB6HUbQsWNmcImrdh0jE/K0M0HKZ87cubM1GuXsIaVXarDUqKWqva4Q4oGqGiYMJuFbSnmnudIHdTLWxhRmpWjbik5sTuCk3OEbXCUNWzkYVyEndlKaTKi3SBZ13VWtjvCoHir1C2y0+qwVAC1pxPK2nrlxTtbSpUJGBmVyd43dWurVX27K2S7iey0ITco2xeODlI1D1JqjtQ1CrVc7cXOMyZUUG5wJQ7q26oTkmU62rAyrOCKb5J1D9hTjAgJl7oMgpfmyIQ9RxBJ3cq/7Gby3YvfOHZSHN3gjBTc4nmUpru4z/wgqx3KQxVouH1NwvKVw9hhwgIl8PbIH2Qz2FwgDKrZMe12ixjy3xIJZWmIIT1M7sgoCkHAwfVFU3BvKGLfuTOKXKCw8mAeyzd6GU1vHsvWuky0o2xNBVJw7coimXTJQdJ0OHEotpGJOT6LqOtBlMxBGJCJpPEgA8oSmdveflEM5GMKaBkw+lUduAIkKRti5xzhRdF8ENGfWVI0HGQRnt6LuOgOi++HTz/f9qJA5n9Qu6fC2oDa0j22j7rhLw+cBrdBzsEmAu6vCuDaUhH8ohY3ll+1I0NBKppG47d00mmRMJ0EhDWw20xKfk8Svn01yeojPgdkLwHPCSDjKye6Ux6kx5p9UrlNA+i9ElQ0OjP5HF7MJEx3WFwhC0GpIG1UzZ1I7Bcy+MUCzuJk4K6V1R8Wb4E4XNXjI4Ns65j/AFFa/iv5Moah7ppnE/WkC7qgnglUuq4SZgD4Vy61Lfx1XA5MYVKqfmJMLbiuCtmf3AtY88qKugXEzKlq7RHCirswIA5KVOjsfYC8ngHCHeOczPZPvJAhDVXNM4SJF2LoDrNO6QmHgAxHKIrOPIH6od+D2kpMm6Dr3B3yMbpQ9QgciUTVZiShaoPYcJLCQPWIIBJieyHqYbM4RFRnAMFMVRiJmEp8MdFoHMEHEe4TNRwBTr2zM/TCYcc8Lm3QxDbnQU24buU44DhMvOCIKGg0ePOMZSTIcJISpgD2Tbi1zhmIQkM8dJMrGmHRI+SvTJd9PHssDZ7cKGyY0h6MSBCzaTiT8pThI5wvAYEBa7szTI9XSlBsLznsvQMZJXI497cLD6L0COCsgclS+DkesA3I2kC1scnlCtmZCKpz+aIlMxrcQ+CT0Yu/Fs7Elbe022P4Ome5C1BpAJu2Gcytx2D3U7Ck8CfpCs4G7dCsvSRPWGguuafn2/5m5IJVqs9EteoNONEbad5REDePzKG6YvH72sIcN+FO1G3WkXwuqQLQTJg4hc16lqSGxl+nacWVSrY1rSs63qsLXMMEEQUXbU4Iz9lcNc0ujrlgNZsWRVY3+K08wP8AdVSlTLXAOELD1WneCdex7jxGtWrxc9rskbemSJJynXNkifhItwQIiD2RDWF2HjKrG7FoGqMlyHrkNaeMIyu0tB49lHXU7cQVFDNxC6m7cHZUA6fMgEqcvyRu3DnsFCuaC6eyfjRS1Egi1aXvaIXRX9n7RA6sL52Q4gAkcQtB6Ham5u2UW8ucAuv/AAf0RumaTRBpw4tGf91s6DDvlfweQ89q/Rw7fdm3adx5Fuxk4AWU7jzXfmyVGV7h0BpMpVrX+oYj1Wm8SfLPn0srbJV+G5chHvl0BY+4nlDl43uJQxhQtz+BVUwclC1XhjC4xjuU49+7Kitb1AWlrUd6CU+EbdAtooHif1OzTbCpuqlsgx/yuLeudbqatqdSq98gEgD7rcPjf1q976tpTqH6pHOFzvcVxVqlwbA91eXH2hwioR3HrCCCNuUvcRDXd/dJZAErHEEyMK/hiuyjmk3wz1zyHCTATLn7ySZwse47jlMufH5k5ukV4DgdmOycBb2whQ4uy3+qcbUAh3qgUhrXA850NlhhMlzjmJXsh8gHleEkCByolGzoyrg9ZkhwHdEB5Pb4TDQSOIS95EIEqCbY4ZjGEpjjMiZTDnAkDhOtDmkD1S5EoKpmT7oqi53LkDTdmDiEZRcHGCcJkVwJmw5jgBJyEQx4JGUEx20wRgp8OBGCiasWpexI0Yd+VxCPt3QQSomiXHvtUlauDWgRnlckC22X7w+cH61bkxAeI/qu6/Cp7jb0uwLRx2XB/h+//rds6IG4LuzwoG6jTI7Nb39lj+WS9GRe0D/cRuagZptE9pTspqgfoAThML55Ls9RB8CwZXo9T3SA5KHGUpodGQsey9BSOyUHA8DCGhykez6L0nGe68LuwXm6eSoC3AmpuItKkZgLm3xlaDZ18xgrpHUoFq+e4MLm7xhk2dec4MLX8YuWVMz+5HEXXBcL6pJyHEFUuqBMkq5dbO3XtUuI/Mc/dUt8l0n7Lai+BGR/cN1JIJLceqiL0bp29ipisDtiCPZRN3HBmUmfJ0HTI18x6oaq45g4hP1HQSAcIWqCRnOcJEkXoNMYe73Q73BvJHsnKp/VC1zJz+iU+B9qjHkkZIKZe0DtyvNy8fWBbtxKVI6rGKlNuYmZQz8ItzS5pIKGe3159kloKLBa3/kEw9k5HHZF1Ggk90PUEH/dA/6GpgxGcJozmOyfeEw6SYnC7oYnYgtBKQT9XHCdMduyRtJwosJISIccYJXoDiZ3YXhZHM4S6Ygy3Pqgab6J4P/Z');

-- --------------------------------------------------------

--
-- Cấu trúc bảng cho bảng `department`
--

CREATE TABLE `department` (
  `ID` int(11) NOT NULL,
  `KHPhongBan` varchar(200) NOT NULL,
  `TenPhongBan` varchar(200) NOT NULL
) ENGINE=InnoDB DEFAULT CHARSET=utf8 COLLATE=utf8_general_ci;

--
-- Đang đổ dữ liệu cho bảng `department`
--

INSERT INTO `department` (`ID`, `KHPhongBan`, `TenPhongBan`) VALUES
(1, 'HR', 'Quản lý nhân sự'),
(2, 'IT', 'Công nghệ thông tin');

-- --------------------------------------------------------

--
-- Cấu trúc bảng cho bảng `position`
--

CREATE TABLE `position` (
  `ID` int(11) NOT NULL,
  `TenCV` int(11) NOT NULL
) ENGINE=InnoDB DEFAULT CHARSET=utf8 COLLATE=utf8_general_ci;

-- --------------------------------------------------------

--
-- Cấu trúc bảng cho bảng `position details`
--

CREATE TABLE `position details` (
  `MaCTChucvu` varchar(100) NOT NULL,
  `MaCV` int(11) NOT NULL,
  `ID_User` int(11) NOT NULL,
  `NgayBatDau` date NOT NULL,
  `NgayKetThuc` date NOT NULL,
  `LyDo` varchar(2000) NOT NULL
) ENGINE=InnoDB DEFAULT CHARSET=utf8 COLLATE=utf8_general_ci;

-- --------------------------------------------------------

--
-- Cấu trúc bảng cho bảng `salary`
--

CREATE TABLE `salary` (
  `HSLuong` int(11) NOT NULL,
  `BaseSalary` double NOT NULL
) ENGINE=InnoDB DEFAULT CHARSET=utf8 COLLATE=utf8_general_ci;

--
-- Đang đổ dữ liệu cho bảng `salary`
--

INSERT INTO `salary` (`HSLuong`, `BaseSalary`) VALUES
(100, 60000000),
(200, 7000000);

-- --------------------------------------------------------

--
-- Cấu trúc bảng cho bảng `standard_times`
--

CREATE TABLE `standard_times` (
  `date` date NOT NULL,
  `checkin_time` time DEFAULT NULL,
  `checkout_time` time DEFAULT NULL
) ENGINE=InnoDB DEFAULT CHARSET=utf8 COLLATE=utf8_general_ci;

--
-- Đang đổ dữ liệu cho bảng `standard_times`
--

INSERT INTO `standard_times` (`date`, `checkin_time`, `checkout_time`) VALUES
('2024-06-23', '17:50:00', '17:51:00'),
('2024-06-24', '19:21:00', '20:21:00'),
('2024-06-25', '10:10:00', '17:12:00'),
('2024-06-26', '01:38:00', '01:40:00'),
('2024-06-27', '01:01:00', '01:05:00'),
('2024-06-28', '08:50:00', '17:51:00'),
('2024-06-30', '07:21:00', '17:23:00');

-- --------------------------------------------------------

--
-- Cấu trúc bảng cho bảng `user`
--

CREATE TABLE `user` (
  `ID` int(11) NOT NULL,
  `Email` varchar(200) NOT NULL,
  `FullName` varchar(200) NOT NULL,
  `Sex` varchar(4) NOT NULL,
  `BirthDay` date NOT NULL,
  `Telephone` int(10) NOT NULL,
  `Address` varchar(300) NOT NULL,
  `ID_Department` int(100) DEFAULT NULL,
  `HSLuong` int(11) DEFAULT NULL
) ENGINE=InnoDB DEFAULT CHARSET=utf8 COLLATE=utf8_general_ci;

--
-- Đang đổ dữ liệu cho bảng `user`
--

INSERT INTO `user` (`ID`, `Email`, `FullName`, `Sex`, `BirthDay`, `Telephone`, `Address`, `ID_Department`, `HSLuong`) VALUES
(1, 'nguyenvanb@gmail.com', 'Nguyễn Văn D', 'Nam', '2024-02-26', 987573456, 'Ha Noi', 2, 200),
(2, 'nguyenvanB@gmail.com', 'Nguyễn Văn B', 'Nam', '2024-05-12', 987545673, 'Hải Phòng', 2, 100),
(7, 'nguyenvand@gmail.com', 'Nguyễn Văn D', 'Nam', '2024-01-11', 987578362, 'Hải Phòng', 1, 200),
(14, 'nguyenvanA@gmail.com', 'Nguyễn Văn C', 'Nữ', '2024-02-14', 987578362, 'Hải Phòng', 1, 100),
(16, 'nguyenvane@gmail.com', 'Nguyễn Văn D', 'Nữ', '2024-04-01', 987578362, 'Ha Noi', 1, 200),
(17, 'test5@gmail.com', 'Nguyễn Phạm Nguyên Anh', 'Nam', '2024-03-04', 987578362, 'Ha Noi', 1, 200),
(20, 'test357@gmail.com', 'Nguyên Test', 'Nam', '2024-02-23', 912478394, 'Ha Noi', NULL, NULL),
(21, 'ts@gmail.com', 'blabla', 'Nam', '2024-03-05', 912478394, 'Hải Phòng', NULL, NULL),
(22, 'nguyenvan31@gmail.com', 'Nguyễn Văn Test', 'Nam', '2024-04-05', 912478394, 'Hải Phòng', 1, 100),
(23, 'ts231@gmail.com', 'Nguyễn Văn E', 'Nam', '2024-02-27', 912478394, 'Hải Phòng', 1, 200),
(24, 'nguyenvan313@gmail.com', 'Nguyễn Văn D', 'Nam', '2024-05-29', 912478394, 'Hải Phòng', 2, 200),
(25, 'nguyenvancc@gmail.com', 'Nguyễn Văn Test', 'Nam', '2024-04-12', 912478394, 'Hải Phòng', NULL, NULL),
(26, 'hgf@gmail.com', 'cxvxcvx', 'Nam', '2024-04-05', 912478394, 'Hải Phòng', NULL, NULL),
(27, 'nguyenpham6273@gmail.com', 'Nguyễn Phạm Nguyên Anh', 'Nam', '2002-12-15', 912478394, 'Ha Noi', NULL, NULL);

-- --------------------------------------------------------

--
-- Cấu trúc bảng cho bảng `userimage`
--

CREATE TABLE `userimage` (
  `ID` int(11) NOT NULL,
  `UserName` varchar(200) NOT NULL,
  `Image` varchar(300) NOT NULL,
  `ID_User` int(11) NOT NULL,
  `FaceDescriptor` longtext CHARACTER SET utf8mb4 COLLATE utf8mb4_bin NOT NULL CHECK (json_valid(`FaceDescriptor`))
) ENGINE=InnoDB DEFAULT CHARSET=utf8 COLLATE=utf8_general_ci;

--
-- Đang đổ dữ liệu cho bảng `userimage`
--

INSERT INTO `userimage` (`ID`, `UserName`, `Image`, `ID_User`, `FaceDescriptor`) VALUES
(62, 'Nguyễn Văn B', '1718382681898.png', 2, '[-0.11144912987947464,0.15211910009384155,0.04643545299768448,-0.14367279410362244,-0.14611785113811493,-0.018095439299941063,-0.057723745703697205,-0.11099748313426971,0.1444150060415268,0.05402333661913872,0.19437432289123535,0.0075263590551912785,-0.27828359603881836,0.02466432750225067,-0.022239267826080322,0.07155274599790573,-0.21302811801433563,-0.0641457810997963,-0.007186590693891048,-0.08434734493494034,0.039595093578100204,0.05108880624175072,0.03655741736292839,0.1087939441204071,-0.09596012532711029,-0.28143540024757385,-0.0504932776093483,-0.12417541444301605,0.05771537870168686,-0.13868087530136108,0.04635630548000336,0.01653503067791462,-0.19265177845954895,-0.13126233220100403,0.041053351014852524,0.0416250005364418,-0.14087435603141785,-0.1528177410364151,0.26225900650024414,0.038179315626621246,-0.0758514404296875,-0.013618621975183487,0.050890155136585236,0.2705066502094269,0.11509089916944504,0.0331437923014164,0.06437510997056961,-0.05755244195461273,0.19710394740104675,-0.207502081990242,0.03159691020846367,0.1586170792579651,0.18020741641521454,0.06900862604379654,-0.019130537286400795,-0.2000950574874878,0.08288080990314484,0.11793219298124313,-0.32809051871299744,0.18332265317440033,0.1134631410241127,-0.1383780837059021,-0.011637428775429726,-0.01254713162779808,0.1937059462070465,0.10176276415586472,-0.08875229954719543,-0.18503254652023315,0.11900697648525238,-0.09314120560884476,-0.08936628699302673,0.09874166548252106,-0.10922659188508987,-0.20035821199417114,-0.18674463033676147,0.039795953780412674,0.2801964581012726,0.10164298117160797,-0.14369197189807892,-0.046415749937295914,-0.11421109735965729,-0.06560635566711426,-0.02352876588702202,0.03408890590071678,-0.08686956018209457,-0.06160059943795204,-0.10016613453626633,0.002453837776556611,0.21517258882522583,-0.028968878090381622,-0.061241213232278824,0.28872156143188477,0.047956183552742004,0.04748908430337906,0.02484983578324318,0.07765424251556396,-0.18817774951457977,0.06223227456212044,-0.07844498008489609,0.008730930276215076,0.037128791213035583,-0.12592236697673798,0.05683203041553497,0.08533105254173279,-0.20643766224384308,0.1635357290506363,-0.02102494053542614,-0.011867781169712543,-0.057284463196992874,-0.06091189384460449,-0.19381742179393768,-0.061971358954906464,0.21438084542751312,-0.2648118734359741,0.26881855726242065,0.19869942963123322,0.10326261073350906,0.12917178869247437,0.07760254293680191,-0.013750654645264149,0.06513949483633041,-0.03662463650107384,-0.11159826070070267,-0.0856693759560585,0.07932798564434052,-0.01863129995763302,0.03633037954568863,0.03742001950740814]'),
(63, 'Nguyễn Văn B', '1718382704040.png', 2, '[-0.0786525085568428,0.23537538945674896,0.048052120953798294,-0.07593616843223572,-0.13258828222751617,-0.047072336077690125,-0.0713801458477974,-0.029013879597187042,0.14512507617473602,0.10022278875112534,0.22476956248283386,-0.005547281354665756,-0.27113285660743713,0.02435995452105999,-0.08633740991353989,0.14014001190662384,-0.19107910990715027,-0.057807620614767075,-0.04758754000067711,-0.0008222590549848974,0.07544822245836258,0.02628863789141178,0.07175403088331223,0.14005352556705475,-0.004678451456129551,-0.30971142649650574,-0.06590183079242706,-0.10741730779409409,0.0986524447798729,-0.12595519423484802,-0.013224256224930286,0.006283505354076624,-0.23063567280769348,-0.13626039028167725,0.026952143758535385,0.022328795865178108,-0.09950901567935944,-0.12609781324863434,0.24035798013210297,0.054584257304668427,-0.04840253293514252,0.021082768216729164,0.006563873030245304,0.33582833409309387,0.1317509561777115,0.08514612913131714,0.08919264376163483,-0.08859238773584366,0.09027157723903656,-0.24653510749340057,0.06963907927274704,0.2049838751554489,0.07959575951099396,0.07513784617185593,-0.0006752159679308534,-0.21582680940628052,0.07880816608667374,0.12797094881534576,-0.2991569936275482,0.14780071377754211,0.07667706906795502,-0.01689629815518856,-0.024014178663492203,-0.11924988031387329,0.24796688556671143,0.10555367171764374,-0.12124531716108322,-0.16454558074474335,0.10250285267829895,-0.11285551637411118,-0.029461050406098366,0.07428939640522003,-0.13977977633476257,-0.1625509262084961,-0.28102394938468933,0.041551072150468826,0.35814791917800903,0.12159497290849686,-0.17100928723812103,-0.04380122572183609,-0.13625359535217285,-0.08599697053432465,-0.029859324917197227,0.011609955690801144,-0.08977342396974564,-0.07414171099662781,-0.16319476068019867,0.012225308455526829,0.18423768877983093,-0.039098598062992096,-0.02853759005665779,0.24278230965137482,0.039681144058704376,-0.01071006990969181,-0.027099529281258583,0.0895107090473175,-0.17224472761154175,0.003090208861976862,-0.13870474696159363,0.019564857706427574,-0.08031481504440308,-0.12214592099189758,-0.07153210788965225,0.09367822110652924,-0.1944945752620697,0.0648215264081955,0.015969064086675644,-0.06702321767807007,-0.12238319963216782,-0.04043859615921974,-0.24937252700328827,-0.08179961889982224,0.212802916765213,-0.23185473680496216,0.2709868848323822,0.2135257124900818,0.1191018670797348,0.09274937212467194,0.06718779355287552,0.05618518963456154,-0.0001683896261965856,-0.05481655150651932,-0.10179107636213303,-0.08378861099481583,0.060287512838840485,-0.01879914663732052,0.004315689671784639,0.030804669484496117]'),
(65, 'Nguyễn Văn B', '1718382741324.png', 2, '[-0.12311102449893951,0.19478152692317963,0.049494337290525436,-0.037334904074668884,-0.13699980080127716,-0.05461777001619339,-0.04067108780145645,-0.04307619109749794,0.15062713623046875,0.11635975539684296,0.2419320046901703,-0.03404081612825394,-0.28975385427474976,-0.013942984864115715,-0.0645996704697609,0.04749852791428566,-0.2234804779291153,-0.054714273661375046,-0.008739893324673176,-0.0009697512141428888,0.050316181033849716,0.001715049147605896,0.03489499166607857,0.09398652613162994,-0.04630493000149727,-0.2698778510093689,-0.002432938665151596,-0.11652855575084686,0.13960406184196472,-0.13446900248527527,0.008818715810775757,0.07653341442346573,-0.2223612368106842,-0.14548704028129578,0.009000007063150406,0.06954184174537659,-0.13613219559192657,-0.0687120109796524,0.2497578114271164,-0.02209422178566456,-0.058821529150009155,-0.014772601425647736,0.02926250919699669,0.31446897983551025,0.1445859968662262,0.060977961868047714,-0.010940857231616974,-0.09557729959487915,0.12268544733524323,-0.30292004346847534,0.07470358163118362,0.2799175977706909,0.12931054830551147,0.0683959424495697,0.0885261818766594,-0.22325782477855682,0.0916932001709938,0.07027293741703033,-0.2088669240474701,0.15749256312847137,0.1296609491109848,0.007160486187785864,0.003501170314848423,-0.1438109576702118,0.18933655321598053,0.050961434841156006,-0.056315042078495026,-0.13712643086910248,0.08603820949792862,-0.10497954487800598,-0.09397952258586884,0.12641406059265137,-0.09610237181186676,-0.18246935307979584,-0.2506205141544342,0.023085756227374077,0.28241661190986633,0.13908277451992035,-0.1847653090953827,0.00616847537457943,-0.09996535629034042,-0.09663446992635727,0.046228863298892975,-0.04854638874530792,-0.10161332041025162,-0.12517422437667847,-0.17467404901981354,-0.038132473826408386,0.17524614930152893,-0.02133048139512539,-0.004035086836665869,0.1921645998954773,0.04295756295323372,0.005017682909965515,0.013126300647854805,-0.011076042428612709,-0.1352034956216812,0.04119887948036194,-0.17662720382213593,0.021488597616553307,0.0021908264607191086,-0.16261902451515198,-0.062471359968185425,0.08204350620508194,-0.19811305403709412,0.06707188487052917,0.056836530566215515,-0.017160244286060333,-0.026466896757483482,-0.07144356518983841,-0.2486109882593155,-0.003296494949609041,0.23770882189273834,-0.2661322355270386,0.36567384004592896,0.13669969141483307,0.09934152662754059,0.06962337344884872,0.09723974764347076,0.04218168929219246,-0.014833535067737103,-0.018127521499991417,-0.09460782259702682,-0.09759300947189331,0.04553725942969322,-0.08096123486757278,-0.04174470156431198,0.020596584305167198]'),
(66, 'Nguyễn Văn B', '1718382763169.png', 2, '[-0.17393401265144348,0.183546245098114,0.0626857802271843,-0.041338469833135605,-0.16433687508106232,-0.03258310258388519,-0.04058191925287247,-0.06324150413274765,0.15767605602741241,0.08266030997037888,0.27687034010887146,-0.02249491587281227,-0.21223033964633942,-0.025500008836388588,-0.050648778676986694,0.09692835062742233,-0.14805227518081665,-0.04160159081220627,-0.07259289920330048,-0.0293216984719038,-0.002415937604382634,0.035616979002952576,0.011805489659309387,0.10339454561471939,-0.019176451489329338,-0.3310120105743408,-0.029470685869455338,-0.0954488217830658,0.16165821254253387,-0.1365484744310379,-0.012294103391468525,0.08210761100053787,-0.24792777001857758,-0.18629899621009827,0.04604717716574669,0.06428201496601105,-0.11411240696907043,-0.0743844136595726,0.221596360206604,-0.02785545028746128,-0.06821677088737488,-0.03117169439792633,0.043017227202653885,0.28629863262176514,0.13836857676506042,0.08585531264543533,0.011909497901797295,-0.13301299512386322,0.1286851018667221,-0.209641233086586,0.0751265361905098,0.21123936772346497,0.13591121137142181,0.09983626753091812,0.014910134486854076,-0.1505836546421051,0.08720023930072784,0.12857455015182495,-0.2953477203845978,0.12742385268211365,0.1270236223936081,-0.06329778581857681,-0.04181843250989914,-0.13518467545509338,0.24344651401042938,0.10139191895723343,-0.0637311264872551,-0.1728341281414032,0.12909431755542755,-0.10881581157445908,-0.05249973013997078,0.114976666867733,-0.08785589039325714,-0.192189022898674,-0.2651222050189972,0.08213318139314651,0.31467780470848083,0.18130803108215332,-0.18175144493579865,-0.03255920484662056,-0.11726534366607666,-0.09030681848526001,0.039095133543014526,-0.011831844225525856,-0.08297094702720642,-0.15503475069999695,-0.0812893956899643,-0.032240767031908035,0.20345346629619598,0.027216721326112747,-0.017600886523723602,0.20876380801200867,0.03916848823428154,-0.013346479274332523,-0.01845032162964344,0.024952759966254234,-0.13747049868106842,0.0234807301312685,-0.1219586655497551,0.0023739063180983067,-0.030313918367028236,-0.08096285164356232,0.005826334934681654,0.09175069630146027,-0.185737743973732,0.12442230433225632,0.02051975019276142,0.0023765533696860075,0.004070192575454712,-0.0770212784409523,-0.17940856516361237,-0.06676477938890457,0.2053162008523941,-0.2603166997432709,0.35155582427978516,0.11908794194459915,0.11221124231815338,0.12566009163856506,0.0806044489145279,0.08320137113332748,0.01287806872278452,-0.05068478360772133,-0.09611859917640686,-0.07624588906764984,0.12396997213363647,-0.09949969500303268,0.028068235144019127,0.015460239723324776]'),
(67, 'Nguyễn Văn B', '1718383010157.png', 2, '[-0.10376811027526855,0.2108224481344223,0.0706426352262497,-0.08252782374620438,-0.16585960984230042,-0.0324493944644928,-0.0905957818031311,-0.09112117439508438,0.12553933262825012,0.11148657649755478,0.22976230084896088,-0.05098353698849678,-0.23546014726161957,0.033063583076000214,-0.07266602665185928,0.09909027069807053,-0.16785277426242828,-0.06868307292461395,-0.0338192842900753,-0.04214153066277504,0.007980100810527802,0.05748029798269272,0.061173439025878906,0.11028546839952469,-0.08320650458335876,-0.277220755815506,-0.0013255164958536625,-0.08661790937185287,0.09477908909320831,-0.12697924673557281,-0.008117725141346455,0.09656346589326859,-0.2882198989391327,-0.13795161247253418,0.04606003314256668,0.08164452016353607,-0.12470690160989761,-0.11822281777858734,0.23657207190990448,0.04111189767718315,-0.05884501710534096,-0.004283275920897722,0.012221083045005798,0.2911420464515686,0.10759596526622772,0.046411462128162384,0.04701893776655197,-0.11398015916347504,0.1118679940700531,-0.22082358598709106,0.0913827046751976,0.19880245625972748,0.1279606819152832,0.06675868481397629,-0.04219067469239235,-0.22093383967876434,0.09312828630208969,0.15887302160263062,-0.29553982615470886,0.1778845638036728,0.10372421145439148,-0.054926954209804535,-0.01829804852604866,-0.11024995148181915,0.25047481060028076,0.11554373055696487,-0.05230177193880081,-0.15257389843463898,0.1116294264793396,-0.05932369828224182,-0.05435490980744362,0.11737542599439621,-0.09214955568313599,-0.22096160054206848,-0.22613300383090973,0.07095170766115189,0.2648385465145111,0.11516697704792023,-0.22732096910476685,-0.03879355639219284,-0.06125589832663536,-0.08981769531965256,0.0016723390435799956,0.020506851375102997,-0.11492785811424255,-0.05635226145386696,-0.10679880529642105,-0.010116339661180973,0.25721901655197144,-0.012268468737602234,-0.041321802884340286,0.2969658076763153,0.041297782212495804,-0.016706904396414757,0.021162331104278564,0.0074430289678275585,-0.12960000336170197,0.033030543476343155,-0.14865151047706604,-0.01087464950978756,-0.014158155769109726,-0.13068528473377228,-0.06097943335771561,0.09406071156263351,-0.21971726417541504,0.10010591149330139,0.0026413577143102884,-0.05678953602910042,-0.06752025336027145,-0.11454223096370697,-0.18786747753620148,-0.08469444513320923,0.2573963403701782,-0.2453276664018631,0.30190205574035645,0.16733811795711517,0.1586994230747223,0.14397379755973816,0.09587383270263672,0.0367790050804615,0.06990709900856018,-0.030426647514104843,-0.08969675749540329,-0.05265244469046593,0.16045233607292175,-0.09092159569263458,0.017367759719491005,0.051324691623449326]'),
(68, 'Nguyễn Văn B', '1718383140120.png', 2, '[-0.12866371870040894,0.16876567900180817,0.06415227800607681,-0.1104971170425415,-0.20042014122009277,-0.00025332890800200403,-0.07113653421401978,-0.05738036334514618,0.17140834033489227,0.05296894907951355,0.29456374049186707,-0.018190689384937286,-0.2757360339164734,-0.01956922747194767,-0.050295546650886536,0.14434979856014252,-0.22668923437595367,-0.06575430184602737,-0.04509394243359566,-0.06378805637359619,0.04221298545598984,0.09151832014322281,0.06506416201591492,0.12340358644723892,-0.03742671757936478,-0.3542218804359436,-0.06940526515245438,-0.09221342206001282,0.165808767080307,-0.2053844928741455,-0.023198701441287994,0.07031115889549255,-0.22454510629177094,-0.15778666734695435,0.030672680586576462,0.05976575240492821,-0.08974558115005493,-0.2092486321926117,0.24837985634803772,0.01502737682312727,-0.04951592534780502,0.06622523814439774,0.02325144223868847,0.2843269109725952,0.10301289707422256,0.07422231882810593,0.056545671075582504,-0.0726807489991188,0.12206678837537766,-0.2280520498752594,0.06450214236974716,0.21363228559494019,0.19282104074954987,-0.011104317381978035,-0.008037038147449493,-0.20044459402561188,0.07506123185157776,0.1362535059452057,-0.3000154197216034,0.1612471044063568,0.11845099180936813,-0.08077157288789749,-0.03014935925602913,-0.07325244694948196,0.19647647440433502,0.09549844264984131,-0.06739302724599838,-0.1295081526041031,0.15980204939842224,-0.0403396375477314,-0.06366562098264694,0.05541190877556801,-0.14387157559394836,-0.2068137675523758,-0.1807311624288559,0.05749938637018204,0.3182162642478943,0.12949688732624054,-0.24147148430347443,0.002537371125072241,-0.07892169058322906,-0.04378968104720116,-0.05090297386050224,0.025377457961440086,-0.14517444372177124,-0.11972314864397049,-0.19568060338497162,0.035112425684928894,0.19068798422813416,0.010024763643741608,-0.009154605679214,0.3187629282474518,0.09330036491155624,0.006479455623775721,0.0497731976211071,0.04332342743873596,-0.1484685093164444,-0.01612098515033722,-0.1049659252166748,-0.013695945031940937,0.07682494074106216,-0.12629075348377228,-0.062353283166885376,0.10416948795318604,-0.20707711577415466,0.14216864109039307,-0.02849074825644493,-0.054775454103946686,-0.03849724307656288,-0.09612247347831726,-0.15383419394493103,-0.020389089360833168,0.23147404193878174,-0.21881313621997833,0.25100404024124146,0.1934393346309662,0.10602579265832901,0.16844600439071655,0.09688129276037216,0.06354796141386032,0.04051613435149193,-0.07870372384786606,-0.14675608277320862,-0.14508375525474548,0.1123511791229248,-0.09212304651737213,0.05039890110492706,0.06447568535804749]'),
(70, 'Nguyễn Văn B', '1718464219670.png', 2, '[-0.09081920236349106,0.1939733773469925,0.03033381700515747,-0.10060689598321915,-0.16219334304332733,-0.05417430400848389,-0.10646259039640427,-0.07862940430641174,0.14188817143440247,0.11108439415693283,0.27736857533454895,-0.02123597264289856,-0.26548880338668823,-0.015934467315673828,-0.09093920141458511,0.10110122710466385,-0.18103377521038055,-0.028930606320500374,-0.07383120805025101,-0.020192647352814674,0.029231365770101547,0.027239609509706497,0.07870598137378693,0.12315047532320023,-0.04223798215389252,-0.2538374066352844,-0.021426642313599586,-0.10511215031147003,0.15217193961143494,-0.18835477530956268,0.011693897657096386,0.05812360718846321,-0.2815077602863312,-0.14748647809028625,0.020382797345519066,0.059900734573602676,-0.11582622677087784,-0.13771526515483856,0.25751689076423645,0.013185229152441025,-0.08193852752447128,-0.02498176135122776,-0.006507886573672295,0.27320870757102966,0.15833362936973572,0.04652102664113045,0.013354692608118057,-0.09123507142066956,0.1371973156929016,-0.22846080362796783,0.06635446846485138,0.2125365138053894,0.17129091918468475,0.05836810544133186,0.003255049930885434,-0.20891794562339783,0.11897528171539307,0.1711326539516449,-0.3057982921600342,0.1063399612903595,0.08920422196388245,-0.019406024366617203,-0.012146265245974064,-0.10819074511528015,0.2336544543504715,0.09519477188587189,-0.08754366636276245,-0.1269480288028717,0.1230573058128357,-0.0709705576300621,-0.027816900983452797,0.14342965185642242,-0.1117696762084961,-0.2068812996149063,-0.24437472224235535,0.028007715940475464,0.26842057704925537,0.13561414182186127,-0.22591324150562286,-0.05196122080087662,-0.08342931419610977,-0.08966521918773651,-0.01994905434548855,-0.04211483895778656,-0.1283721625804901,-0.07939189672470093,-0.12665550410747528,-0.014514680951833725,0.20757687091827393,-0.01726551726460457,-0.020725369453430176,0.2701925039291382,0.032809946686029434,-0.02065281756222248,-0.0007644342258572578,0.016596591100096703,-0.12692028284072876,0.013156674802303314,-0.12857666611671448,0.015298974700272083,0.0010573279578238726,-0.13292190432548523,-0.05433410778641701,0.08028408885002136,-0.19666559994220734,0.09213279187679291,0.035259269177913666,-0.040173985064029694,-0.07088536024093628,-0.11172425001859665,-0.2128968983888626,-0.04655998572707176,0.26154378056526184,-0.2518116533756256,0.35507962107658386,0.156572625041008,0.13158491253852844,0.09138943254947662,0.09547646343708038,0.03372091054916382,0.015166739001870155,-0.06743743270635605,-0.0809023305773735,-0.09709318727254868,0.1283494532108307,-0.11632446199655533,0.051307860761880875,0.010104591026902199]'),
(71, 'Nguyễn Văn B', '1718464501362.png', 2, '[-0.06146080046892166,0.17144574224948883,0.09322862327098846,-0.11086162179708481,-0.16172686219215393,-0.042072828859090805,-0.01669667847454548,-0.10758224129676819,0.1472911238670349,0.08057519048452377,0.3259315490722656,-0.00663948617875576,-0.25470003485679626,0.030259808525443077,-0.059548843652009964,0.03606225177645683,-0.18400627374649048,-0.040091559290885925,-0.05010933801531792,0.006203743629157543,-0.016328679397702217,0.031038949266076088,0.05896243453025818,0.06697250157594681,-0.06891470402479172,-0.2800254821777344,-0.024116486310958862,-0.07955759763717651,0.17237795889377594,-0.08951469510793686,0.024953749030828476,0.10736631602048874,-0.2692934572696686,-0.1522236168384552,0.02411765418946743,0.05155463144183159,-0.1249263733625412,-0.12271535396575928,0.24942444264888763,0.007814306765794754,-0.10796543955802917,0.026675531640648842,0.012017962522804737,0.2603149712085724,0.1584126055240631,0.04934678599238396,0.03372811898589134,-0.11638710647821426,0.12146855145692825,-0.23327326774597168,0.09294004738330841,0.19384220242500305,0.16206160187721252,0.03614203259348869,-0.00002382556522206869,-0.2120400369167328,0.06987611204385757,0.06491035968065262,-0.2672441601753235,0.13077054917812347,0.1603589802980423,-0.040312133729457855,-0.0017823269590735435,-0.14314180612564087,0.17623786628246307,0.06683717668056488,-0.08270768821239471,-0.12333323061466217,0.1255227029323578,-0.09837692230939865,-0.0639210194349289,0.12800337374210358,-0.10829698294401169,-0.17150495946407318,-0.23032017052173615,0.058199379593133926,0.29222604632377625,0.13943463563919067,-0.20624187588691711,-0.0488700233399868,-0.09217571467161179,-0.05898270010948181,0.020484983921051025,0.0016018410678952932,-0.0561814084649086,-0.1272536814212799,-0.1324252188205719,-0.04383222013711929,0.21811281144618988,-0.028754357248544693,-0.05935640260577202,0.24710412323474884,0.01741900108754635,-0.00423657288774848,0.010497509501874447,0.05096248909831047,-0.16143885254859924,0.03844251483678818,-0.14830949902534485,0.04009115323424339,-0.012561829760670662,-0.09838251769542694,-0.05484488978981972,0.11288995295763016,-0.17527002096176147,0.14201590418815613,0.000517031701747328,-0.026000751182436943,0.015485783107578754,-0.11016429215669632,-0.159321591258049,-0.06446679681539536,0.2198231816291809,-0.2463131994009018,0.3339062035083771,0.11899633705615997,0.08591649681329727,0.10526050627231598,0.10671266913414001,0.046181570738554,0.022725852206349373,-0.007857920601963997,-0.11527162790298462,-0.14347834885120392,0.0672873705625534,-0.10960198938846588,0.04822465777397156,0.01469801552593708]'),
(74, 'Nguyễn Văn B', '1718804013934.png', 2, '[-0.07016462832689285,0.1771828681230545,0.0426628552377224,-0.11338519304990768,-0.13404101133346558,-0.0029453388415277004,-0.08503448963165283,-0.034496333450078964,0.16372987627983093,0.10189169645309448,0.25922101736068726,0.0055030714720487595,-0.26654523611068726,0.03563292324542999,-0.16312189400196075,0.04307491332292557,-0.19624626636505127,-0.0448550246655941,-0.05831167846918106,-0.062497448176145554,0.05885474011301994,-0.004537305794656277,0.029434414580464363,0.09965717047452927,-0.07572992891073227,-0.25583699345588684,-0.02828790806233883,-0.058867018669843674,0.15929289162158966,-0.1875036209821701,0.062205199152231216,0.05283148214221001,-0.22134561836719513,-0.15844643115997314,-0.0070052179507911205,0.08404360711574554,-0.07584689557552338,-0.127761110663414,0.2695251405239105,0.04575704410672188,-0.08913574367761612,0.04765260964632034,0.013618400320410728,0.35361653566360474,0.14404179155826569,0.06763961911201477,0.0031059046741575003,-0.032926879823207855,0.1422245055437088,-0.2708406448364258,0.06065550446510315,0.23680536448955536,0.19044412672519684,0.05526699870824814,-0.03142049163579941,-0.20280706882476807,0.06737860292196274,0.1610754430294037,-0.25987333059310913,0.13314682245254517,0.055593885481357574,-0.049509819597005844,-0.001471854280680418,-0.09113242477178574,0.15481111407279968,0.10646805167198181,-0.10714836418628693,-0.13572436571121216,0.10048186779022217,-0.09318388253450394,-0.04123716428875923,0.1087723970413208,-0.10017013549804688,-0.16112768650054932,-0.21558168530464172,0.08032625168561935,0.32616478204727173,0.1050756648182869,-0.18585024774074554,-0.035031117498874664,-0.08902835845947266,-0.06728378683328629,-0.04105633497238159,-0.009595022536814213,-0.1569589078426361,-0.04669813811779022,-0.11762871593236923,-0.0165126770734787,0.17692254483699799,0.008888250216841698,-0.06169361621141434,0.2509382963180542,0.04594075307250023,0.011540541425347328,0.038761477917432785,0.0881275087594986,-0.17350001633167267,0.043112147599458694,-0.14223992824554443,0.013269773684442043,0.06772240996360779,-0.1406564861536026,-0.013150832615792751,0.0707302913069725,-0.20868563652038574,0.12123939394950867,0.014425360597670078,-0.02449624054133892,0.011211562901735306,-0.045741815119981766,-0.19408485293388367,-0.06568959355354309,0.2966732084751129,-0.250301331281662,0.27512380480766296,0.21603137254714966,0.11085392534732819,0.10121427476406097,0.18301987648010254,0.015769828110933304,0.06432894617319107,-0.009110655635595322,-0.058984000235795975,-0.1128012165427208,0.0414685383439064,-0.10157036781311035,0.021884305402636528,0.0014040801906958222]'),
(81, 'Nguyễn Văn Test', '1719415376418.png', 22, '[-0.12515506148338318,0.13474269211292267,0.028724033385515213,-0.023193085566163063,-0.07462555915117264,0.0714631974697113,-0.04815453290939331,-0.06652063131332397,0.1201256513595581,0.010296950116753578,0.18832197785377502,0.07755478471517563,-0.18490253388881683,0.13175995647907257,-0.004834223538637161,0.08300188928842545,-0.2010868936777115,-0.10701273381710052,-0.16612936556339264,0.006320215296000242,-0.02512107603251934,0.07466012984514236,0.01439276710152626,-0.011929456144571304,-0.17478962242603302,-0.23930904269218445,-0.06605803221464157,-0.1834321916103363,0.07414077967405319,-0.10209962725639343,-0.017685052007436752,0.0033387511502951384,-0.13598686456680298,-0.07467783987522125,0.0654422715306282,-0.0023291928227990866,-0.09210623055696487,-0.06260561943054199,0.2410566359758377,0.04362528398633003,-0.215831458568573,0.0447218120098114,0.05707099288702011,0.30855631828308105,0.1670399010181427,0.01624969020485878,0.04243956506252289,-0.06278041005134583,0.08157013356685638,-0.2759578824043274,0.17751754820346832,0.11053257435560226,0.1987013816833496,0.1439318209886551,0.056484512984752655,-0.19454562664031982,0.035991422832012177,0.09174074232578278,-0.15327244997024536,0.18265588581562042,0.14717669785022736,-0.05157973989844322,-0.005803571082651615,-0.052735425531864166,0.13433071970939636,0.11249317228794098,-0.09408151358366013,-0.13206706941127777,0.1427568942308426,-0.05882226675748825,-0.0949285477399826,0.07938270270824432,-0.1378234475851059,-0.24113303422927856,-0.2463868260383606,0.06493610143661499,0.31825974583625793,0.1431395411491394,-0.2090315967798233,-0.05597890540957451,-0.010437865741550922,-0.058586254715919495,-0.0217071995139122,0.1072906106710434,-0.0927240401506424,-0.0531289242208004,-0.0037721944972872734,0.021118149161338806,0.2550114095211029,-0.017627688124775887,-0.04390877112746239,0.1926700621843338,0.007787874434143305,-0.11023976653814316,0.04935348033905029,0.13855937123298645,-0.07932800054550171,-0.06114297732710838,-0.13569781184196472,-0.003611503867432475,0.02697346918284893,-0.09891217201948166,-0.05972423031926155,0.1791689395904541,-0.19185508787631989,0.19990386068820953,-0.03457611799240112,-0.05365068465471268,0.005316972732543945,-0.008652999997138977,-0.060263197869062424,-0.04208432137966156,0.23348240554332733,-0.14869324862957,0.21347041428089142,0.21845953166484833,0.03917314484715462,0.07403003424406052,0.03715977072715759,0.04838169738650322,0.016591036692261696,0.1029416173696518,-0.2563360929489136,-0.12183383852243423,0.07615761458873749,-0.030824171379208565,-0.05359788239002228,0.060142915695905685]'),
(82, 'Nguyễn Văn Test', '1719415389785.png', 22, '[-0.07857658714056015,0.10259096324443817,0.030918562784790993,-0.05692458525300026,-0.08472666889429092,0.030899934470653534,-0.12181955575942993,-0.07286429405212402,0.07710003852844238,-0.022884247824549675,0.195376455783844,0.03585323318839073,-0.21396386623382568,0.12142433971166611,-0.03426653519272804,0.09194937348365784,-0.1575447916984558,-0.0751505121588707,-0.13793103396892548,-0.02846466563642025,-0.00039811222814023495,0.10175874829292297,0.028347976505756378,0.023062674328684807,-0.2128533571958542,-0.22857040166854858,-0.08939078450202942,-0.08765694499015808,0.05871488153934479,-0.09208579361438751,-0.025944355875253677,-0.0032657186966389418,-0.25409671664237976,-0.04833831265568733,0.06075252220034599,0.09402243047952652,-0.10614646226167679,-0.09743953496217728,0.191589817404747,0.11267450451850891,-0.18344485759735107,0.079060398042202,0.06459729373455048,0.26904529333114624,0.18250735104084015,0.031018946319818497,0.05255236104130745,-0.06717340648174286,0.11156024038791656,-0.2980416715145111,0.14047156274318695,0.11451761424541473,0.18681754171848297,0.13958922028541565,0.003995401784777641,-0.18643884360790253,0.06050809472799301,0.18604892492294312,-0.11877559870481491,0.11310534179210663,0.10228931903839111,-0.005866403225809336,0.006546487100422382,-0.0016575040062889457,0.22718720138072968,0.12288639694452286,-0.1400904357433319,-0.09574835747480392,0.14380553364753723,-0.059258054941892624,-0.11350781470537186,0.07126083970069885,-0.11432204395532608,-0.17066629230976105,-0.32851484417915344,0.08655644953250885,0.38316744565963745,0.09849619120359421,-0.2014988511800766,0.0031538375187665224,-0.06896960735321045,0.014965550042688847,-0.03647685796022415,0.07347392290830612,-0.15369926393032074,-0.004821741953492165,-0.037961188703775406,0.03597152233123779,0.3053606152534485,0.006740550976246595,-0.03769507259130478,0.22104911506175995,0.04330193251371384,0.00869386363774538,0.07454168796539307,0.11053675413131714,-0.12242244929075241,-0.14811190962791443,-0.13228173553943634,-0.047296520322561264,0.020300697535276413,-0.06867951899766922,-0.0617278516292572,0.23269744217395782,-0.23867358267307281,0.23315872251987457,-0.01590621843934059,-0.0814075767993927,0.03729768097400665,0.0457371287047863,-0.06966327130794525,-0.05218761786818504,0.15114650130271912,-0.22496147453784943,0.18146613240242004,0.1850198656320572,0.05900184437632561,0.08710741996765137,0.13067778944969177,0.04364463686943054,-0.00903016235679388,0.09661900997161865,-0.21257007122039795,-0.14487095177173615,0.09407156705856323,-0.02550988830626011,0.004196608904749155,0.05048845335841179]');

--
-- Chỉ mục cho các bảng đã đổ
--

--
-- Chỉ mục cho bảng `account`
--
ALTER TABLE `account`
  ADD PRIMARY KEY (`ID`),
  ADD KEY `ID_User` (`ID_User`);

--
-- Chỉ mục cho bảng `attendance`
--
ALTER TABLE `attendance`
  ADD PRIMARY KEY (`ID`),
  ADD KEY `ID_User` (`ID_User`);

--
-- Chỉ mục cho bảng `department`
--
ALTER TABLE `department`
  ADD PRIMARY KEY (`ID`);

--
-- Chỉ mục cho bảng `position`
--
ALTER TABLE `position`
  ADD PRIMARY KEY (`ID`);

--
-- Chỉ mục cho bảng `position details`
--
ALTER TABLE `position details`
  ADD PRIMARY KEY (`MaCTChucvu`),
  ADD KEY `ID_User` (`ID_User`),
  ADD KEY `MaCV` (`MaCV`);

--
-- Chỉ mục cho bảng `salary`
--
ALTER TABLE `salary`
  ADD PRIMARY KEY (`HSLuong`);

--
-- Chỉ mục cho bảng `standard_times`
--
ALTER TABLE `standard_times`
  ADD PRIMARY KEY (`date`);

--
-- Chỉ mục cho bảng `user`
--
ALTER TABLE `user`
  ADD PRIMARY KEY (`ID`),
  ADD KEY `ID_Department` (`ID_Department`),
  ADD KEY `HSLuong` (`HSLuong`);

--
-- Chỉ mục cho bảng `userimage`
--
ALTER TABLE `userimage`
  ADD PRIMARY KEY (`ID`),
  ADD KEY `ID_User` (`ID_User`);

--
-- AUTO_INCREMENT cho các bảng đã đổ
--

--
-- AUTO_INCREMENT cho bảng `account`
--
ALTER TABLE `account`
  MODIFY `ID` int(11) NOT NULL AUTO_INCREMENT, AUTO_INCREMENT=14;

--
-- AUTO_INCREMENT cho bảng `attendance`
--
ALTER TABLE `attendance`
  MODIFY `ID` int(11) NOT NULL AUTO_INCREMENT, AUTO_INCREMENT=125;

--
-- AUTO_INCREMENT cho bảng `department`
--
ALTER TABLE `department`
  MODIFY `ID` int(11) NOT NULL AUTO_INCREMENT, AUTO_INCREMENT=3;

--
-- AUTO_INCREMENT cho bảng `position`
--
ALTER TABLE `position`
  MODIFY `ID` int(11) NOT NULL AUTO_INCREMENT;

--
-- AUTO_INCREMENT cho bảng `user`
--
ALTER TABLE `user`
  MODIFY `ID` int(11) NOT NULL AUTO_INCREMENT, AUTO_INCREMENT=28;

--
-- AUTO_INCREMENT cho bảng `userimage`
--
ALTER TABLE `userimage`
  MODIFY `ID` int(11) NOT NULL AUTO_INCREMENT, AUTO_INCREMENT=83;

--
-- Các ràng buộc cho các bảng đã đổ
--

--
-- Các ràng buộc cho bảng `account`
--
ALTER TABLE `account`
  ADD CONSTRAINT `account_ibfk_1` FOREIGN KEY (`ID_User`) REFERENCES `user` (`ID`);

--
-- Các ràng buộc cho bảng `attendance`
--
ALTER TABLE `attendance`
  ADD CONSTRAINT `attendance_ibfk_1` FOREIGN KEY (`ID_User`) REFERENCES `user` (`ID`);

--
-- Các ràng buộc cho bảng `position details`
--
ALTER TABLE `position details`
  ADD CONSTRAINT `position details_ibfk_1` FOREIGN KEY (`ID_User`) REFERENCES `user` (`ID`),
  ADD CONSTRAINT `position details_ibfk_2` FOREIGN KEY (`MaCV`) REFERENCES `position` (`ID`);

--
-- Các ràng buộc cho bảng `user`
--
ALTER TABLE `user`
  ADD CONSTRAINT `user_ibfk_1` FOREIGN KEY (`ID_Department`) REFERENCES `department` (`ID`),
  ADD CONSTRAINT `user_ibfk_2` FOREIGN KEY (`HSLuong`) REFERENCES `salary` (`HSLuong`);

--
-- Các ràng buộc cho bảng `userimage`
--
ALTER TABLE `userimage`
  ADD CONSTRAINT `userimage_ibfk_1` FOREIGN KEY (`ID_User`) REFERENCES `user` (`ID`);
COMMIT;

/*!40101 SET CHARACTER_SET_CLIENT=@OLD_CHARACTER_SET_CLIENT */;
/*!40101 SET CHARACTER_SET_RESULTS=@OLD_CHARACTER_SET_RESULTS */;
/*!40101 SET COLLATION_CONNECTION=@OLD_COLLATION_CONNECTION */;
