-- phpMyAdmin SQL Dump
-- version 5.2.1
-- https://www.phpmyadmin.net/
--
-- Máy chủ: 127.0.0.1
-- Thời gian đã tạo: Th6 07, 2024 lúc 02:00 PM
-- Phiên bản máy phục vụ: 10.4.32-MariaDB
-- Phiên bản PHP: 8.2.12

SET SQL_MODE = "NO_AUTO_VALUE_ON_ZERO";
START TRANSACTION;
SET time_zone = "+00:00";


/*!40101 SET @OLD_CHARACTER_SET_CLIENT=@@CHARACTER_SET_CLIENT */;
/*!40101 SET @OLD_CHARACTER_SET_RESULTS=@@CHARACTER_SET_RESULTS */;
/*!40101 SET @OLD_COLLATION_CONNECTION=@@COLLATION_CONNECTION */;
/*!40101 SET NAMES utf8mb4 */;

--
-- Cơ sở dữ liệu: `qlcc`
--

-- --------------------------------------------------------

--
-- Cấu trúc bảng cho bảng `account`
--

CREATE TABLE `account` (
  `ID` int(11) NOT NULL,
  `Email` varchar(200) NOT NULL,
  `Password` varchar(200) NOT NULL,
  `ID_User` int(11) NOT NULL,
  `Role` varchar(10) DEFAULT NULL
) ENGINE=InnoDB DEFAULT CHARSET=utf8 COLLATE=utf8_general_ci;

--
-- Đang đổ dữ liệu cho bảng `account`
--

INSERT INTO `account` (`ID`, `Email`, `Password`, `ID_User`, `Role`) VALUES
(1, 'admin1@gmail.com', '12345', 1, 'admin'),
(2, 'nguyenvanb@gmail.com', '12345', 2, 'user'),
(3, 'nguyenvan@gmail.com', '12345', 17, 'user'),
(6, 'test357@gmail.com', '12345', 20, 'user'),
(7, 'ts@gmail.com', '12345', 21, 'user'),
(8, 'nguyenvan31@gmail.com', '12345', 22, 'user'),
(9, 'ts231@gmail.com', '12345', 23, 'user'),
(10, 'nguyenvan313@gmail.com', '12345', 24, 'user'),
(11, 'nguyenvancc@gmail.com', '12345', 25, 'user'),
(12, 'hgf@gmail.com', '12345', 26, 'user');

-- --------------------------------------------------------

--
-- Cấu trúc bảng cho bảng `attendance`
--

CREATE TABLE `attendance` (
  `ID` int(11) NOT NULL,
  `Date` date NOT NULL,
  `Status` varchar(100) NOT NULL,
  `ID_User` int(11) NOT NULL
) ENGINE=InnoDB DEFAULT CHARSET=utf8 COLLATE=utf8_general_ci;

-- --------------------------------------------------------

--
-- Cấu trúc bảng cho bảng `department`
--

CREATE TABLE `department` (
  `ID` int(11) NOT NULL,
  `KHPhongBan` varchar(200) NOT NULL,
  `TenPhongBan` varchar(200) NOT NULL
) ENGINE=InnoDB DEFAULT CHARSET=utf8 COLLATE=utf8_general_ci;

--
-- Đang đổ dữ liệu cho bảng `department`
--

INSERT INTO `department` (`ID`, `KHPhongBan`, `TenPhongBan`) VALUES
(1, 'HR', 'Quản lý nhân sự'),
(2, 'IT', 'Công nghệ thông tin');

-- --------------------------------------------------------

--
-- Cấu trúc bảng cho bảng `position`
--

CREATE TABLE `position` (
  `ID` int(11) NOT NULL,
  `TenCV` int(11) NOT NULL
) ENGINE=InnoDB DEFAULT CHARSET=utf8 COLLATE=utf8_general_ci;

-- --------------------------------------------------------

--
-- Cấu trúc bảng cho bảng `position details`
--

CREATE TABLE `position details` (
  `MaCTChucvu` varchar(100) NOT NULL,
  `MaCV` int(11) NOT NULL,
  `ID_User` int(11) NOT NULL,
  `NgayBatDau` date NOT NULL,
  `NgayKetThuc` date NOT NULL,
  `LyDo` varchar(2000) NOT NULL
) ENGINE=InnoDB DEFAULT CHARSET=utf8 COLLATE=utf8_general_ci;

-- --------------------------------------------------------

--
-- Cấu trúc bảng cho bảng `salary`
--

CREATE TABLE `salary` (
  `HSLuong` int(11) NOT NULL,
  `BaseSalary` double NOT NULL
) ENGINE=InnoDB DEFAULT CHARSET=utf8 COLLATE=utf8_general_ci;

--
-- Đang đổ dữ liệu cho bảng `salary`
--

INSERT INTO `salary` (`HSLuong`, `BaseSalary`) VALUES
(100, 60000000),
(200, 7000000);

-- --------------------------------------------------------

--
-- Cấu trúc bảng cho bảng `user`
--

CREATE TABLE `user` (
  `ID` int(11) NOT NULL,
  `Email` varchar(200) NOT NULL,
  `FullName` varchar(200) NOT NULL,
  `Sex` varchar(4) NOT NULL,
  `BirthDay` date NOT NULL,
  `Telephone` int(10) NOT NULL,
  `Address` varchar(300) NOT NULL,
  `ID_Department` int(100) DEFAULT NULL,
  `HSLuong` int(11) DEFAULT NULL
) ENGINE=InnoDB DEFAULT CHARSET=utf8 COLLATE=utf8_general_ci;

--
-- Đang đổ dữ liệu cho bảng `user`
--

INSERT INTO `user` (`ID`, `Email`, `FullName`, `Sex`, `BirthDay`, `Telephone`, `Address`, `ID_Department`, `HSLuong`) VALUES
(1, 'nguyenvanb@gmail.com', 'Nguyễn Văn D', 'Nam', '2024-02-26', 987573456, 'Ha Noi', 2, 200),
(2, 'nguyenvanB@gmail.com', 'Nguyễn Văn E', 'Nam', '2024-05-13', 987545673, 'Hải Phòng', 2, 100),
(7, 'nguyenvand@gmail.com', 'Nguyễn Văn D', 'Nam', '2024-01-11', 987578362, 'Hải Phòng', 1, 200),
(14, 'nguyenvanA@gmail.com', 'Nguyễn Văn C', 'Nữ', '2024-02-14', 987578362, 'Hải Phòng', 1, 100),
(16, 'nguyenvane@gmail.com', 'Nguyễn Văn D', 'Nữ', '2024-04-01', 987578362, 'Ha Noi', 1, 200),
(17, 'test5@gmail.com', 'test73', 'Nam', '2024-03-05', 987578362, 'Ha Noi', 1, 200),
(20, 'test357@gmail.com', 'Nguyên Test', 'Nam', '2024-02-23', 912478394, 'Ha Noi', NULL, NULL),
(21, 'ts@gmail.com', 'blabla', 'Nam', '2024-03-05', 912478394, 'Hải Phòng', NULL, NULL),
(22, 'nguyenvan31@gmail.com', 'Nguyễn Văn Test', 'Nam', '2024-04-05', 912478394, 'Hải Phòng', NULL, NULL),
(23, 'ts231@gmail.com', 'Nguyễn Văn E', 'Nam', '2024-02-27', 912478394, 'Hải Phòng', NULL, NULL),
(24, 'nguyenvan313@gmail.com', 'Nguyễn Văn D', 'Nam', '2024-05-29', 912478394, 'Hải Phòng', NULL, NULL),
(25, 'nguyenvancc@gmail.com', 'Nguyễn Văn Test', 'Nam', '2024-04-12', 912478394, 'Hải Phòng', NULL, NULL),
(26, 'hgf@gmail.com', 'cxvxcvx', 'Nam', '2024-04-05', 912478394, 'Hải Phòng', NULL, NULL);

-- --------------------------------------------------------

--
-- Cấu trúc bảng cho bảng `userimage`
--

CREATE TABLE `userimage` (
  `ID` int(11) NOT NULL,
  `UserName` varchar(200) NOT NULL,
  `Image` varchar(300) NOT NULL,
  `ID_User` int(11) NOT NULL,
  `FaceDescriptor` longtext CHARACTER SET utf8mb4 COLLATE utf8mb4_bin NOT NULL CHECK (json_valid(`FaceDescriptor`))
) ENGINE=InnoDB DEFAULT CHARSET=utf8 COLLATE=utf8_general_ci;

--
-- Đang đổ dữ liệu cho bảng `userimage`
--

INSERT INTO `userimage` (`ID`, `UserName`, `Image`, `ID_User`, `FaceDescriptor`) VALUES
(36, 'Nguyễn Văn', '1717147072346.png', 2, '[-0.11144912987947464,0.15211910009384155,0.04643545299768448,-0.14367279410362244,-0.14611785113811493,-0.018095439299941063,-0.057723745703697205,-0.11099748313426971,0.1444150060415268,0.05402333661913872,0.19437432289123535,0.0075263590551912785,-0.27828359603881836,0.02466432750225067,-0.022239267826080322,0.07155274599790573,-0.21302811801433563,-0.0641457810997963,-0.007186590693891048,-0.08434734493494034,0.039595093578100204,0.05108880624175072,0.03655741736292839,0.1087939441204071,-0.09596012532711029,-0.28143540024757385,-0.0504932776093483,-0.12417541444301605,0.05771537870168686,-0.13868087530136108,0.04635630548000336,0.01653503067791462,-0.19265177845954895,-0.13126233220100403,0.041053351014852524,0.0416250005364418,-0.14087435603141785,-0.1528177410364151,0.26225900650024414,0.038179315626621246,-0.0758514404296875,-0.013618621975183487,0.050890155136585236,0.2705066502094269,0.11509089916944504,0.0331437923014164,0.06437510997056961,-0.05755244195461273,0.19710394740104675,-0.207502081990242,0.03159691020846367,0.1586170792579651,0.18020741641521454,0.06900862604379654,-0.019130537286400795,-0.2000950574874878,0.08288080990314484,0.11793219298124313,-0.32809051871299744,0.18332265317440033,0.1134631410241127,-0.1383780837059021,-0.011637428775429726,-0.01254713162779808,0.1937059462070465,0.10176276415586472,-0.08875229954719543,-0.18503254652023315,0.11900697648525238,-0.09314120560884476,-0.08936628699302673,0.09874166548252106,-0.10922659188508987,-0.20035821199417114,-0.18674463033676147,0.039795953780412674,0.2801964581012726,0.10164298117160797,-0.14369197189807892,-0.046415749937295914,-0.11421109735965729,-0.06560635566711426,-0.02352876588702202,0.03408890590071678,-0.08686956018209457,-0.06160059943795204,-0.10016613453626633,0.002453837776556611,0.21517258882522583,-0.028968878090381622,-0.061241213232278824,0.28872156143188477,0.047956183552742004,0.04748908430337906,0.02484983578324318,0.07765424251556396,-0.18817774951457977,0.06223227456212044,-0.07844498008489609,0.008730930276215076,0.037128791213035583,-0.12592236697673798,0.05683203041553497,0.08533105254173279,-0.20643766224384308,0.1635357290506363,-0.02102494053542614,-0.011867781169712543,-0.057284463196992874,-0.06091189384460449,-0.19381742179393768,-0.061971358954906464,0.21438084542751312,-0.2648118734359741,0.26881855726242065,0.19869942963123322,0.10326261073350906,0.12917178869247437,0.07760254293680191,-0.013750654645264149,0.06513949483633041,-0.03662463650107384,-0.11159826070070267,-0.0856693759560585,0.07932798564434052,-0.01863129995763302,0.03633037954568863,0.03742001950740814]'),
(39, 'Nguyễn Văn', '1717149058174.png', 2, '[-0.12311102449893951,0.19478152692317963,0.049494337290525436,-0.037334904074668884,-0.13699980080127716,-0.05461777001619339,-0.04067108780145645,-0.04307619109749794,0.15062713623046875,0.11635975539684296,0.2419320046901703,-0.03404081612825394,-0.28975385427474976,-0.013942984864115715,-0.0645996704697609,0.04749852791428566,-0.2234804779291153,-0.054714273661375046,-0.008739893324673176,-0.0009697512141428888,0.050316181033849716,0.001715049147605896,0.03489499166607857,0.09398652613162994,-0.04630493000149727,-0.2698778510093689,-0.002432938665151596,-0.11652855575084686,0.13960406184196472,-0.13446900248527527,0.008818715810775757,0.07653341442346573,-0.2223612368106842,-0.14548704028129578,0.009000007063150406,0.06954184174537659,-0.13613219559192657,-0.0687120109796524,0.2497578114271164,-0.02209422178566456,-0.058821529150009155,-0.014772601425647736,0.02926250919699669,0.31446897983551025,0.1445859968662262,0.060977961868047714,-0.010940857231616974,-0.09557729959487915,0.12268544733524323,-0.30292004346847534,0.07470358163118362,0.2799175977706909,0.12931054830551147,0.0683959424495697,0.0885261818766594,-0.22325782477855682,0.0916932001709938,0.07027293741703033,-0.2088669240474701,0.15749256312847137,0.1296609491109848,0.007160486187785864,0.003501170314848423,-0.1438109576702118,0.18933655321598053,0.050961434841156006,-0.056315042078495026,-0.13712643086910248,0.08603820949792862,-0.10497954487800598,-0.09397952258586884,0.12641406059265137,-0.09610237181186676,-0.18246935307979584,-0.2506205141544342,0.023085756227374077,0.28241661190986633,0.13908277451992035,-0.1847653090953827,0.00616847537457943,-0.09996535629034042,-0.09663446992635727,0.046228863298892975,-0.04854638874530792,-0.10161332041025162,-0.12517422437667847,-0.17467404901981354,-0.038132473826408386,0.17524614930152893,-0.02133048139512539,-0.004035086836665869,0.1921645998954773,0.04295756295323372,0.005017682909965515,0.013126300647854805,-0.011076042428612709,-0.1352034956216812,0.04119887948036194,-0.17662720382213593,0.021488597616553307,0.0021908264607191086,-0.16261902451515198,-0.062471359968185425,0.08204350620508194,-0.19811305403709412,0.06707188487052917,0.056836530566215515,-0.017160244286060333,-0.026466896757483482,-0.07144356518983841,-0.2486109882593155,-0.003296494949609041,0.23770882189273834,-0.2661322355270386,0.36567384004592896,0.13669969141483307,0.09934152662754059,0.06962337344884872,0.09723974764347076,0.04218168929219246,-0.014833535067737103,-0.018127521499991417,-0.09460782259702682,-0.09759300947189331,0.04553725942969322,-0.08096123486757278,-0.04174470156431198,0.020596584305167198]'),
(46, 'Nguyễn Văn', '1717325424909.png', 2, '[-0.17393401265144348,0.183546245098114,0.0626857802271843,-0.041338469833135605,-0.16433687508106232,-0.03258310258388519,-0.04058191925287247,-0.06324150413274765,0.15767605602741241,0.08266030997037888,0.27687034010887146,-0.02249491587281227,-0.21223033964633942,-0.025500008836388588,-0.050648778676986694,0.09692835062742233,-0.14805227518081665,-0.04160159081220627,-0.07259289920330048,-0.0293216984719038,-0.002415937604382634,0.035616979002952576,0.011805489659309387,0.10339454561471939,-0.019176451489329338,-0.3310120105743408,-0.029470685869455338,-0.0954488217830658,0.16165821254253387,-0.1365484744310379,-0.012294103391468525,0.08210761100053787,-0.24792777001857758,-0.18629899621009827,0.04604717716574669,0.06428201496601105,-0.11411240696907043,-0.0743844136595726,0.221596360206604,-0.02785545028746128,-0.06821677088737488,-0.03117169439792633,0.043017227202653885,0.28629863262176514,0.13836857676506042,0.08585531264543533,0.011909497901797295,-0.13301299512386322,0.1286851018667221,-0.209641233086586,0.0751265361905098,0.21123936772346497,0.13591121137142181,0.09983626753091812,0.014910134486854076,-0.1505836546421051,0.08720023930072784,0.12857455015182495,-0.2953477203845978,0.12742385268211365,0.1270236223936081,-0.06329778581857681,-0.04181843250989914,-0.13518467545509338,0.24344651401042938,0.10139191895723343,-0.0637311264872551,-0.1728341281414032,0.12909431755542755,-0.10881581157445908,-0.05249973013997078,0.114976666867733,-0.08785589039325714,-0.192189022898674,-0.2651222050189972,0.08213318139314651,0.31467780470848083,0.18130803108215332,-0.18175144493579865,-0.03255920484662056,-0.11726534366607666,-0.09030681848526001,0.039095133543014526,-0.011831844225525856,-0.08297094702720642,-0.15503475069999695,-0.0812893956899643,-0.032240767031908035,0.20345346629619598,0.027216721326112747,-0.017600886523723602,0.20876380801200867,0.03916848823428154,-0.013346479274332523,-0.01845032162964344,0.024952759966254234,-0.13747049868106842,0.0234807301312685,-0.1219586655497551,0.0023739063180983067,-0.030313918367028236,-0.08096285164356232,0.005826334934681654,0.09175069630146027,-0.185737743973732,0.12442230433225632,0.02051975019276142,0.0023765533696860075,0.004070192575454712,-0.0770212784409523,-0.17940856516361237,-0.06676477938890457,0.2053162008523941,-0.2603166997432709,0.35155582427978516,0.11908794194459915,0.11221124231815338,0.12566009163856506,0.0806044489145279,0.08320137113332748,0.01287806872278452,-0.05068478360772133,-0.09611859917640686,-0.07624588906764984,0.12396997213363647,-0.09949969500303268,0.028068235144019127,0.015460239723324776]'),
(51, 'test73', '1717760973526.png', 17, '[-0.07857658714056015,0.10259096324443817,0.030918562784790993,-0.05692458525300026,-0.08472666889429092,0.030899934470653534,-0.12181955575942993,-0.07286429405212402,0.07710003852844238,-0.022884247824549675,0.195376455783844,0.03585323318839073,-0.21396386623382568,0.12142433971166611,-0.03426653519272804,0.09194937348365784,-0.1575447916984558,-0.0751505121588707,-0.13793103396892548,-0.02846466563642025,-0.00039811222814023495,0.10175874829292297,0.028347976505756378,0.023062674328684807,-0.2128533571958542,-0.22857040166854858,-0.08939078450202942,-0.08765694499015808,0.05871488153934479,-0.09208579361438751,-0.025944355875253677,-0.0032657186966389418,-0.25409671664237976,-0.04833831265568733,0.06075252220034599,0.09402243047952652,-0.10614646226167679,-0.09743953496217728,0.191589817404747,0.11267450451850891,-0.18344485759735107,0.079060398042202,0.06459729373455048,0.26904529333114624,0.18250735104084015,0.031018946319818497,0.05255236104130745,-0.06717340648174286,0.11156024038791656,-0.2980416715145111,0.14047156274318695,0.11451761424541473,0.18681754171848297,0.13958922028541565,0.003995401784777641,-0.18643884360790253,0.06050809472799301,0.18604892492294312,-0.11877559870481491,0.11310534179210663,0.10228931903839111,-0.005866403225809336,0.006546487100422382,-0.0016575040062889457,0.22718720138072968,0.12288639694452286,-0.1400904357433319,-0.09574835747480392,0.14380553364753723,-0.059258054941892624,-0.11350781470537186,0.07126083970069885,-0.11432204395532608,-0.17066629230976105,-0.32851484417915344,0.08655644953250885,0.38316744565963745,0.09849619120359421,-0.2014988511800766,0.0031538375187665224,-0.06896960735321045,0.014965550042688847,-0.03647685796022415,0.07347392290830612,-0.15369926393032074,-0.004821741953492165,-0.037961188703775406,0.03597152233123779,0.3053606152534485,0.006740550976246595,-0.03769507259130478,0.22104911506175995,0.04330193251371384,0.00869386363774538,0.07454168796539307,0.11053675413131714,-0.12242244929075241,-0.14811190962791443,-0.13228173553943634,-0.047296520322561264,0.020300697535276413,-0.06867951899766922,-0.0617278516292572,0.23269744217395782,-0.23867358267307281,0.23315872251987457,-0.01590621843934059,-0.0814075767993927,0.03729768097400665,0.0457371287047863,-0.06966327130794525,-0.05218761786818504,0.15114650130271912,-0.22496147453784943,0.18146613240242004,0.1850198656320572,0.05900184437632561,0.08710741996765137,0.13067778944969177,0.04364463686943054,-0.00903016235679388,0.09661900997161865,-0.21257007122039795,-0.14487095177173615,0.09407156705856323,-0.02550988830626011,0.004196608904749155,0.05048845335841179]');

--
-- Chỉ mục cho các bảng đã đổ
--

--
-- Chỉ mục cho bảng `account`
--
ALTER TABLE `account`
  ADD PRIMARY KEY (`ID`),
  ADD KEY `ID_User` (`ID_User`);

--
-- Chỉ mục cho bảng `attendance`
--
ALTER TABLE `attendance`
  ADD PRIMARY KEY (`ID`);

--
-- Chỉ mục cho bảng `department`
--
ALTER TABLE `department`
  ADD PRIMARY KEY (`ID`);

--
-- Chỉ mục cho bảng `position`
--
ALTER TABLE `position`
  ADD PRIMARY KEY (`ID`);

--
-- Chỉ mục cho bảng `position details`
--
ALTER TABLE `position details`
  ADD PRIMARY KEY (`MaCTChucvu`),
  ADD KEY `ID_User` (`ID_User`),
  ADD KEY `MaCV` (`MaCV`);

--
-- Chỉ mục cho bảng `salary`
--
ALTER TABLE `salary`
  ADD PRIMARY KEY (`HSLuong`);

--
-- Chỉ mục cho bảng `user`
--
ALTER TABLE `user`
  ADD PRIMARY KEY (`ID`),
  ADD KEY `ID_Department` (`ID_Department`),
  ADD KEY `HSLuong` (`HSLuong`);

--
-- Chỉ mục cho bảng `userimage`
--
ALTER TABLE `userimage`
  ADD PRIMARY KEY (`ID`),
  ADD KEY `ID_User` (`ID_User`);

--
-- AUTO_INCREMENT cho các bảng đã đổ
--

--
-- AUTO_INCREMENT cho bảng `account`
--
ALTER TABLE `account`
  MODIFY `ID` int(11) NOT NULL AUTO_INCREMENT, AUTO_INCREMENT=13;

--
-- AUTO_INCREMENT cho bảng `attendance`
--
ALTER TABLE `attendance`
  MODIFY `ID` int(11) NOT NULL AUTO_INCREMENT;

--
-- AUTO_INCREMENT cho bảng `department`
--
ALTER TABLE `department`
  MODIFY `ID` int(11) NOT NULL AUTO_INCREMENT, AUTO_INCREMENT=3;

--
-- AUTO_INCREMENT cho bảng `position`
--
ALTER TABLE `position`
  MODIFY `ID` int(11) NOT NULL AUTO_INCREMENT;

--
-- AUTO_INCREMENT cho bảng `user`
--
ALTER TABLE `user`
  MODIFY `ID` int(11) NOT NULL AUTO_INCREMENT, AUTO_INCREMENT=27;

--
-- AUTO_INCREMENT cho bảng `userimage`
--
ALTER TABLE `userimage`
  MODIFY `ID` int(11) NOT NULL AUTO_INCREMENT, AUTO_INCREMENT=52;

--
-- Các ràng buộc cho các bảng đã đổ
--

--
-- Các ràng buộc cho bảng `account`
--
ALTER TABLE `account`
  ADD CONSTRAINT `account_ibfk_1` FOREIGN KEY (`ID_User`) REFERENCES `user` (`ID`);

--
-- Các ràng buộc cho bảng `position details`
--
ALTER TABLE `position details`
  ADD CONSTRAINT `position details_ibfk_1` FOREIGN KEY (`ID_User`) REFERENCES `user` (`ID`),
  ADD CONSTRAINT `position details_ibfk_2` FOREIGN KEY (`MaCV`) REFERENCES `position` (`ID`);

--
-- Các ràng buộc cho bảng `user`
--
ALTER TABLE `user`
  ADD CONSTRAINT `user_ibfk_1` FOREIGN KEY (`ID_Department`) REFERENCES `department` (`ID`),
  ADD CONSTRAINT `user_ibfk_2` FOREIGN KEY (`HSLuong`) REFERENCES `salary` (`HSLuong`);

--
-- Các ràng buộc cho bảng `userimage`
--
ALTER TABLE `userimage`
  ADD CONSTRAINT `userimage_ibfk_1` FOREIGN KEY (`ID_User`) REFERENCES `user` (`ID`);
COMMIT;

/*!40101 SET CHARACTER_SET_CLIENT=@OLD_CHARACTER_SET_CLIENT */;
/*!40101 SET CHARACTER_SET_RESULTS=@OLD_CHARACTER_SET_RESULTS */;
/*!40101 SET COLLATION_CONNECTION=@OLD_COLLATION_CONNECTION */;
