-- phpMyAdmin SQL Dump
-- version 5.2.1
-- https://www.phpmyadmin.net/
--
-- Máy chủ: 127.0.0.1
-- Thời gian đã tạo: Th6 27, 2024 lúc 09:38 PM
-- Phiên bản máy phục vụ: 10.4.32-MariaDB
-- Phiên bản PHP: 8.2.12

SET SQL_MODE = "NO_AUTO_VALUE_ON_ZERO";
START TRANSACTION;
SET time_zone = "+00:00";


/*!40101 SET @OLD_CHARACTER_SET_CLIENT=@@CHARACTER_SET_CLIENT */;
/*!40101 SET @OLD_CHARACTER_SET_RESULTS=@@CHARACTER_SET_RESULTS */;
/*!40101 SET @OLD_COLLATION_CONNECTION=@@COLLATION_CONNECTION */;
/*!40101 SET NAMES utf8mb4 */;

--
-- Cơ sở dữ liệu: `qlcc`
--

-- --------------------------------------------------------

--
-- Cấu trúc bảng cho bảng `account`
--

CREATE TABLE `account` (
  `ID` int(11) NOT NULL,
  `Email` varchar(200) NOT NULL,
  `Password` varchar(200) NOT NULL,
  `ID_User` int(11) NOT NULL,
  `Role` varchar(10) DEFAULT NULL
) ENGINE=InnoDB DEFAULT CHARSET=utf8 COLLATE=utf8_general_ci;

--
-- Đang đổ dữ liệu cho bảng `account`
--

INSERT INTO `account` (`ID`, `Email`, `Password`, `ID_User`, `Role`) VALUES
(16, 'nguyenpham6273@gmail.com', '12345', 30, 'user'),
(17, 'thor@gmail.com', '12345', 31, 'user'),
(19, 'admin1@gmail.com', '12345', 53, 'admin'),
(23, 'vanle@gmail.com', '12345', 47, 'user');

-- --------------------------------------------------------

--
-- Cấu trúc bảng cho bảng `attendance`
--

CREATE TABLE `attendance` (
  `ID` int(11) NOT NULL,
  `ID_User` int(11) NOT NULL,
  `FullName` varchar(300) NOT NULL,
  `timestamp` timestamp NOT NULL DEFAULT current_timestamp() ON UPDATE current_timestamp(),
  `Status` varchar(300) NOT NULL,
  `Image` text NOT NULL
) ENGINE=InnoDB DEFAULT CHARSET=utf8 COLLATE=utf8_general_ci;

--
-- Đang đổ dữ liệu cho bảng `attendance`
--

INSERT INTO `attendance` (`ID`, `ID_User`, `FullName`, `timestamp`, `Status`, `Image`) VALUES
(126, 31, 'Nguyễn Văn B', '2024-06-27 18:05:13', 'check in sớm 20 phút', 'data:image/jpeg;base64,/9j/4AAQSkZJRgABAQAAAQABAAD/4gHYSUNDX1BST0ZJTEUAAQEAAAHIAAAAAAQwAABtbnRyUkdCIFhZWiAH4AABAAEAAAAAAABhY3NwAAAAAAAAAAAAAAAAAAAAAAAAAAAAAAAAAAAAAQAA9tYAAQAAAADTLQAAAAAAAAAAAAAAAAAAAAAAAAAAAAAAAAAAAAAAAAAAAAAAAAAAAAAAAAAAAAAAAAAAAAlkZXNjAAAA8AAAACRyWFlaAAABFAAAABRnWFlaAAABKAAAABRiWFlaAAABPAAAABR3dHB0AAABUAAAABRyVFJDAAABZAAAAChnVFJDAAABZAAAAChiVFJDAAABZAAAAChjcHJ0AAABjAAAADxtbHVjAAAAAAAAAAEAAAAMZW5VUwAAAAgAAAAcAHMAUgBHAEJYWVogAAAAAAAAb6IAADj1AAADkFhZWiAAAAAAAABimQAAt4UAABjaWFlaIAAAAAAAACSgAAAPhAAAts9YWVogAAAAAAAA9tYAAQAAAADTLXBhcmEAAAAAAAQAAAACZmYAAPKnAAANWQAAE9AAAApbAAAAAAAAAABtbHVjAAAAAAAAAAEAAAAMZW5VUwAAACAAAAAcAEcAbwBvAGcAbABlACAASQBuAGMALgAgADIAMAAxADb/2wBDAAMCAgICAgMCAgIDAwMDBAYEBAQEBAgGBgUGCQgKCgkICQkKDA8MCgsOCwkJDRENDg8QEBEQCgwSExIQEw8QEBD/2wBDAQMDAwQDBAgEBAgQCwkLEBAQEBAQEBAQEBAQEBAQEBAQEBAQEBAQEBAQEBAQEBAQEBAQEBAQEBAQEBAQEBAQEBD/wAARCAHgAoADASIAAhEBAxEB/8QAHQAAAQQDAQEAAAAAAAAAAAAAAwACBAUBBgcICf/EAEoQAAEDAwMCBAUCBAMEBQsFAAEAAhEDBCEFEjEGQRMiUWEHCHGBkRQyI0KhsRXB0RYkM1IlYnJz8RcmJzRDRFNjkuHwNlSCg5P/xAAbAQACAwEBAQAAAAAAAAAAAAACAwABBAUGB//EAC0RAAICAgIBAwQCAgMAAwAAAAABAhEDIQQxEhNBUQUUIjIjYTNxBkJSFWKB/9oADAMBAAIRAxEAPwDx7uKcATj1TWlzu2PdELRAMx9EtXY5UhCm2YjhEggR2KwCAACYTwAeST9FdWW5NGWNH7SJlHaSMcoLS6YMAIzTA8qJKuhaYSA6CTxwjNDCMuyEFvGYCeCCVCmSKYDYIIJRmkfzRlCpkRJyjU9p5lEkmUnQSnjEYR2F38ogINNwy0/ZEa0g7nOH0RpIlkimInbifRGZ6EoDCOWhSWMDsxkokvkow+eA6QjUBiSUMjO0FHotMADKdCPwUYeC6oIbz3W49E6cb3Ure3aINSo0Z+q1MsipAgH2XUPhJY/qOpdNbtDh4oJ3eq0RXsCtyPoV8GenqOk9K2zWUwC8DJ5wF0gUWtMfcqh6IosodP2lNrP/AGYJ+pWyNbJ3AHCKbrRlvym2UnVL6tLS6r2ZLQdseq+dfxG1K81Tq/Vbm5c4llc0hPO1v/ivpTqlky8tH0XNkuHYLxT8bvg/qGkdSXOqW1m79PdvLy4dnJmLKlChuODlI4LTMOXU/gpcXFp1TbOoucN8SAFrFp0ddPqCKTuYyF3r4F/C3UKmosvq1q5rARBI7f5K5ZYvofDE4bZ6y0CrUr6bb1nzucxpP4VqWBzYPCiWVs60o06DTLWACVPBI4Erl5ZXJtDFpGmanp9WlrAqtc8tc4QOw9lC1y3Aqu3vdtcQPN2W+vtKFV4e+mC4ZBSq2NtXxWpNePQhPhy/Ck0Jljs5kywreLuFUABw2hwlb/oD317PxHsDTJHspo0+yAj9NTj02o1OlTpMFOmwNaOAFWflLNHxSKWOmZDe5WC2eRKdCysQdAnNJKQbARViFdgemgRYBwsxOJRIHokWg8hSyemD2g+iWzEIkD0WNpUsrwBtBHZOAT4HokpZahQ1ZAlZiTlJUEomIhINGcJyShdIb9FlKFlQiRiAlA9FlJQuhJJJKEEo19p1pqVB9td0g+m8QQpKSiddFNJ6ZrGlfDzpvR7o3dtQqufO4Co/cAtlNNhbtLQR6JyStyb7KUUiIzS9Pp1fHZasD53bo7+ql8JJKW2Wkl0YgeiykkqLMFoPIBWUklCCSSSUIJNcnJjnRgZUKk6QJ37iZ7IR5nKI5w78prvQFMXRhybGTxAWJJ44TvusCB2EohLRWa7bivp9VvHlleSfiXYvoanW3NyCfwvYlyA6m4RMgrzP8a7dlO7fUDADJnCfG3DXsM4zrI18nDyIfHZSqUBoaThQ6v8AxO5Eo9NxDZJhHLoe4bssbBxZUgdyrw1wymPUrWrasRUbE491a1Kx2NiCUl7BkkWIqjwwPU8Ij6oc4SchQKdbytBwiOq5BBQ2KcWyzpVGSMZ9Vd6JUALnjC1qk/gz+FdadUa2iTxJVWuy+tGwvu/U8ITrpolVhuue8INS6LhEwgbLWz5ZbzgcosiAUNrWjMZTmiD2ISbR1GmPBJyeOyI32Qw7MDlPbPBHKFbBYRuz3RmjghCbznt2RDtcRB/qi3RYRsj932RgQBAjKEBGSntEkQ5EAw9MgDAj3RmmMjlBYPN/oisAmRJVkokUiY4A90Zm0iYkhR6c5JCPTk5BKuiWSGCcwj0ZbMHCjUwWmf8ANSqJAz3TYpMpscCHzOCpFtughAiHbgAZUqk0QNpOVohaKd+wQABwEZ9V1z4G7XdV2TSAYcHCVyctggkCPVdW+CjKjupLLwcODwRCfGgIptn0u6Wbs0i1YO1Jvb2WxUgHALWujW1X6NbB4Mim2Vs1NoAjtKHO15GbGn5Mc6lmVB1PQNM1mgbfUrOnXpkcPHCtAGxh35TmjiVk8mjYlZoNP4L9DUbr9SzTCDO4N3yAfwtw0rRLLSaAo2NuymwdmiFZNayJ9U9je39ULysZXyNA3YIT24lvokQAeQodzqNO2JaSCfZAl5dEbROn0CcDIVI7XN37WfaEhrj+zJR/bzF+US8SVIdaqdmN+yTtZqkYaAp9vMrziXaSphq9aBwkdVrkCY9cKvQmC8sUXKx7KkOrV5jCQ1SsCJIhT0JAvPFF2TCUj1VN/iVYyCcdlg31wf2v7KehID7hFy4xmUg8FUf6y4id5WRd3EA+IZRfbsF8jZebgsBzfVUhua7zO8glO/UVhHmPup9uyfc/0XW5vqlub6qk/U1D/McJGtUOZMKfbsn3P9F3ub6hYL2juFSeK8iDUKz4rmyN6noMn3L+C58Vg5MLHj0pjeFTio453ErO8nnkqegD9zL4LjxqfO4YWBXpESHhVAcCSHHsite1ohV6Jf3EvgtQ4HusqrZdOYYBwp9Gr4jQUEsbiOx5lPTCpJJJY4SSSShBJJJKEEkkkoQSSZVq06NN1Wq8NY0SSey1S++JfT9pcfpmsu6rhz4du5w/ojhjlk/VAuSj2bcktOtfiRpV3X8FtC7pzwatBzR+Stotbtl1TbVpPDmOEgg4RTwzgrkhazRbokoVQ8wOE8uMYQyZnKWFOSoYciShOInA4T3ygXFZtCk6q7Ia0kwmJGHIwm7CUA4Bgqk0nqSy1eu+latqgtz5mgTn6q6aZTHBx7ERyKTpDagOwjgrzj8cqbxUc4GASZXpB0gLz38daTg0kGZMfRNxfrJDsC/kR50uHOFQgfRKnVkAA8Jl1AqOk90wPgdpPGFNs1ZHTok0KpdVknAVq2qS0NCoqRG4SrSm8kNPHsqr5FXZZU3mW94yUVtUF2SCojKgEkDgJMrkiHFJnKuglvssG1ojaVdWtwG0WAzwtZp1HOeBkSrllTawNnhLvQLjssH3MCZgKK67De8iVFq3QyCSorqwBMFCXXwfN1pBPsijbPMD3KH5YhxiFktBg5IQnRHnbvA9fRGaN5ADohAAyMZRWA7uY9VGi9IKR/LP5TmtBG0rDJEgumeE5gHflSr7K0EptMEF0oreMBDZAmERnuYCsFph2B0QJGeUZjmjEygU4jzOmfdGZtkZn3V2USGgxnMojNwGM5QgCeIRWkSGkQUaXwUGZnJMQpLI2zP3QGk4xj2RqQnOcdkaISGEOwD24Um2aQZEFR2Dh+0QpdsNzuICdBfIPaJJbJbK638CYZ1ZYmR5jx6nC5KRlsRAXWPghUDep7I/9eJ9FoirAj+1H0w6Vzo9qTAmkDAV40ADcIIWvdJvc7RrUjtSb/ZXdesKNF1QgQBJ9kvMm5tGeElFuwla6p0RvLg0e6Ja3dG5bLCD9Fz7UdVuuoLg6XpxiTDntP7VDp3Gs/Dy6pi9un3lhWgOqGSaZKL7S47ex0MrbOrsI5JCJjmYUHTby31G2Zd2zw9lQSCDypbv2nCwSVOjVpq0V2qXzrcbQ7Jwtfddio6TUkn3UvWnl1VzRyufXd/qLNUdTpvMA/tIwV0eHhUzHmm7pG7sqgcFGE7Znlam3VtRZXaw2rWtPcu/yWx29R76Ac5sH6rXkwuAqM7JLXhvJyl4jT5d3K1/UNdFrVNPY5xHp2Q2dRNfSDmMLicRCqPHlJWC50bQ2oA2CQnb8TugBav/ALQSzDPN6LB6hc1pbUpkHsD3V/ayYPkbI+4ETuAjunU67HtkEH3Wm3GuXFVuw0SzdwZTKGv1Lem2m07jJ5KJcOTQNs3oPHbhZ8RgMBwhUlpqxq2L65b5m4hQmanfPDqxpjYDGEn7eTdFM2cVRJh0ALJrMwS6AtQfq96dzwAGt9EJ2qalWzRe0AZyJRriSZDdm12PgteD9UN93Ta/Y6plalb6hqDHNfWqAtmMKXuuLhzq1JpkCVT4vj2ytmyNr0+dyI24pkgBw+i0gajf0d81XEycHsmW1/qNR5eX1YPrwiXDb9ybN3fc02u/cPdZ/U0jmRhaJcXl6KpcypU/Kk2/6t7HPdVfxlT7OlbZds2uvqVKgwuBwEOhq1GrTNTdH+a111u40Z/UOJOYKba21WiGua5xl3BKi48F2yuy8HUFLxvC2u5ieymHVKQYXh4kDAlUlzYVavn27R7KNTt6DQ4ucd8qvRxsumXVHXS+tsLDzGFsenVC6JPK5/Rt6/6jdTa6AZW86XSqljA4wVn5WOEY6GY070XaSwOFlcg6KG1KlOk0uqPDQO5MLS6vU9NuvAuvopbzDS+GkLaNT0bT9YYGX9F1QNBAh5bE/QrTa/QGgf42yg6yc6m4yJeeOVp4/p2/MGSbN5tb22vGB9vXZUET5TKOoWm6Pp2k0/C0+1ZRaedvdTUiVX+PQSEkkkhIVfUWdOcCYE5Wo0Lq8sKBNq5kOOfLlbnrNB9xYPZTZud2C0ij1F0/pzTbal4ja7XGWmk5b+JJKLT2Zc/k3SM3OsV72iaNcHynAjuth6Uc79DE4DuFrFbXdB1Ai20izuatVxw4UXx9JiFt/TtjWs7QC4YWud5tp5CdnlH0qSoyxi/It5lDgAH0T0x3suajTJsaYGQgXJqeE402AvA8onujH2HKHWZUexzWO2kiAY7o12Zp21Rr2j3OqVbypTv9Kp2oAlrmN5+v9FsFMHlUuk6NrFpeVqt9qXj0nZY30/0V81u3Cdkkn0ZceKSezBEg+64N8dLcmi7uCZkey74WyFxP44091rVIbwD+YV4d2v6N2JeORHlXUAPGd2yVHBgARhG1UgVpJPOVGa9pYOYRRVLY3JTlsIHDcrK2qAuG49vwqgu2EepU21fJMjCGVewCSRaeK0boKGKwiCcqOKu1m1p7pm+TPCRJJBx0WNCsS9pmVYuuQGgZj2VFQqHxG5wpzqzYGOPdDJfATaZIq3IIgT75UZ9aQWtOT2QKlxnAQH1QOAfqVQtr4PABZOG908S3lYaNpgNjCyMiScpX+zpP+hNnkz7ou4Y2nI5TGgjvynwAP2x/misHY9gJIIGEUOMw0ITQSJAGE+mDu80woVYdkkwTn2RmiTxCjAt3ASZRmuxgyVaKYdoDHZdyjjDZUdrsbi37o7XBzYRexQVjyYRmETjBUdhnCOBkFWQkUnkOyfoFIa4dj9VGpy08YKkM9hlNSK2S2vdAAIGFJoCTG4qHTJkH09VNtgd88p0QSbA2iV1D4LvjqWwDR+2oJXL3Q5oC6Z8G/L1DabSZFVqfjBS3Z9MujHk6HaECJpgK7vaPjW1Si+Yc0jCoeiH/APQFk2J/hhbVTaHiI7clKzvxnZlgrbOYdI29HRuob6hvJDpdDj3mf81b9Y1aGoaeKJeDLsgHKtdW+HOjatejUanj06wEE0qhbI+yHb/DTQ6ThU8S+fnipcOcPwnfc421JjfTbLXouxp2OgWlOiIY6mDHMK/aPLA9EKztGWlBlCi3axgho9ApAEcrm5Z+c3I1R0jVtUovbXcSMlaxeaVqNW5L6L6QZHcZldB1LT/1DN7ANwVDUoPpuIcMtK2cXN4oRlx+TtGkajo2pm4puO8gH9zDwto063qss2MrE7gO6minvyWnlOLXgbcZ7rbLkOapi1ja0abrFCra3jqjWh+9Y07Srp1D9VSZPmmJW21dLtrgh1WkHOHBKLRt20mim1gAGAAjjy/GNFPFZrLenrlwNfAeexWK2iV3MNetDHAYHK20UyDAbKz4BqAjwwfYhD95ItYrNBtrG6u7llIxtDokZVt/ss9pbUpimXA53LZ6NnTpvLmUQw+wUoUHRhqqfMl7EWFlAzSqraPg7mgHkBMpaBWbLTceT2C2Btsc7gZRW2zhG0EpL5Mi/Qs1g9OOc8jx/wCGf+rlFo9P0aXlbJHGVsZtnTOfwsi2cDIHPsq+6l8k9AoX9P27qYaHuBBRrfSm0qTqTnk7u/dXhtKkTtj7JrbOpMbED5La2y3xzXm9N2Yduc6o/wCpRafTtuCSKlTbzHZX4sav7YEIv6J4ALRnghC+XJe5foI1v/ZqwfVLy1//AGdxAUtuk21IGm1kByuv0LgZAWDYVCZxz6oXym+2WsKKWno1jTO51EH2Mo7dPtwPLSAEzCszYvkTn7p/6IkQQhfI/stYIlaLSiM7Amt0mzDt7aLCSZkgcq1NmSIIT2WYbgmUHr/2F6SIFLT6Ukta38KwtqGwS4D8IjKFNhkBESZ5XLQSio9CSSSSghLG1pO7aJ9YWUlCCSSSUIJJJJQgkN9vQqO3VKLHO9S0EoiShAbaFJghlNrR/wBUQskRkJ6Y8+iu2wJJLYxxzhMPErM54WEaM0nYyeyzt7pzWjsnAHvClgKNjI4xyn7fZZADuQnAmYUsYoIYWgDlcZ+N1L/caxcB+0z6Ls1V21pPouM/Gmo9+n1tzREEf0T+Ntspqpo8javH6lzTgg8KC0mPKpGsvP6hwLpP/N6qFSf5YBymL4CyfsFDi0iTOVPt3wJ9VWeJDoJ+ql0qo2zIhDJC6smVagYB6pgqyOfoo1SruPKaKnYpLVhxVFhRqy6e6K+sSS7uoVCrAknnhYqVi7hKb9g0iUamCQcpj68CDEqI6tJEjKHVquDSSVVAVs8NCZESSnjByMFMBBOMJ8DgoKTZv7Mlo3SOFlonlLIgSntgiThS0gWOlv8AKMD3RWncAUJo3doT6bCCQeERL0FaO85RGEA45QwPeE8DcJGYUTJZIaZkNyEVkxmCo7NoznHZGY4DPE9kQIdjTPoj0nRMmEBnmiCSisB4LUyL0Qk03CfWc5Uim8OMxAURjY8w/upFKJkhMSfZTdEsQTgEgcqZbFu4GTnsotIwOB9VKoOG4I430DL+ycYLcCPddG+ETi3XrKTxWaf6rnRPlHougfCg7ddtXNORUYc+krQnoHH+x9Ovh8d/T1nif4a2xtPEh0Faf8N6od0/Z7WkwwdlutPmXNP4SOQ6kZ4KpBKTSGgFE2giPRMORifsEg94MeG4+6xvZriE4S7ysBx7tMFZB7QQhCMoFezo1x5mwfUI6wonXRCAdJpcA4WRpNIcvJ+ynpJnqz+SEEaVR7uKcNMtx6/VTElXqT+SURhYUBxKcLOgDO1HSVecn7kBfpqEz4YWfBpf8gRElXkyDRTpjhgSDWjhoCckpbIY2tmdon6JQPRZSVEEkkkoQSSSShBJJJKEEkkkoQSSSShBJJJKEEkkkoQSSSShBJJJKEEkkkoQSSSShDBTdhz5uU9JQppMF4TvWU3w3dyAjrEZlXbFvFEEKTh3ThTI/mRElLZaxxQzZ7rOwJySlhKKQC6pB1F8EghpiCvP3xgr3Bt6zDUJbBGV6Fqz4bo9CvP3xhp7qFYEx5T9lr4n/YXKK80zyfrNQC4c0cBRKTxEzwpGuEi6fujBVcx5Ikc+6Z4qgMmmFe8TM5UuhUBYIP1lVlapGC0e6Pa1PKICppgVqya6oCeeEhWjET6IBfJPsmmoYMkpD7oryronNqkDIA+6Y+sJyfwogrTnkpjqjgcoPHYXkyS6uJw4xCFVrkgCUF1SJMHHoo76xJwR90LoJKzxw1u0YEp4HqEUUdw3UzA7pkQY9ErZtTMEzwnsbPJhNJjhZac55Vgtj3YcACfdEG4QQMFCa6DPqitO7kYVk7CNJhEYPSR6obCR7yiDGZwrf9FUPbMYMo1IwRPcZQmE8kCEUEFkgf0RJslB2wHYRAT2KE10gEIrCAUa6KC0iZ/0Uqm+DHP2UWljgqTTfIyYKZGyiVSPmEKdTLZBVfSdt4OVMomSHEJkW7KkWVPLcT91v/wsft162gAxUbII5ErQGkbRAhbz8MaoZrlsZM7xx3yFoT1QEFUj6mfC8NqdJWNTG4Mj6YC3ERC0r4UO39IWhnt/kFuoXPz/ALsuHuZTXvYwS9wH1ULWL/8AQ2j6gOQJXHdY+O/S2l3tWw1DW6dKrTMOYSZH2V4ePLLtdFTyeLpK2dtbXou4qN/KeDOQvPrvmH6JY4tOsDB5DHFb78PvihovWbf+i77xgDBxEp2ThuKuLspZJf8AaLR0ZJYaZAPqsrEOEksEgckCUi4DkgKEMpJhrUg7aajZ9JynSPVSiGUkklCCSSSUIJJJJQgkkklCCSSSUIJJJJQgkkklCCSSSUIJJJJQgkkklCCSSSUIJJJJQgkkklCCSSSUIBq3dtQe2nWrMY53AJglFa4OEgqj106Yy7o/rKVR1QjBaJET3+6t6BlojhG4/jYlZX5+IZJJJAOEsEgCSspKEI7L23qlzaVVry3BAOQg1NYsaNYW9SuwPMCPdav1c06bUN1pdUsrvMvY3+6F0lRpXlU3N6Q6sDIa719Vshx4vH6jZhlnn5UjegdwkLKaz9uE5Yzatow79p+i4J8YGh9Os4tjBj8LvZ4P0XDfi+w+FXEcAgBa+K9sCfaPHHUkNu3NHO45VTTqADP3Vr1UNl5VHcOI/qqGm/8AlJmE6O1oTlVSsM95BPmwpFpVLwY4VdUqQ4iOUe1qEDBwVTpCvK+idunvKa+o5s+YIBq7RO6AgPu6IE1HiAs7e9B+Otkk1jAMx6wsG5nl3CqK2sUWSGmYUWrrTnGGNj+6jUpKynovzcEtkAqJUuWh3mO0qjqahcVSIqED0CDUFw4byXGEvwCtnnIB9BxBwCsuY148RuPUKc+kKrSXc9lBdSfRcTtJCTtm66ByZIPZZDpwRjsiljK3mHPcIcECOyIrRkE8AYRABuwEJxPqn0+/pzKiRVhIPoiZI4ymMI2zPKe0zwYCvRbCMMAAorTH/WQgYMjKIx0mQES2UyRTMZj7Iog5lR2uJIwitOeEaZQdjoHspFLIHZRWmccI1MSQTwjg37lUTaURjlS6DyHgEkqFTIPCl0paYcE6KKlotKZET7Ld/hm8jXbd0g+cd1otLLc+nK3H4ePazWbbiRUET3KcugYfsfVH4Pu3dG2hk4Gfwt6kLQPgwd/RlsQMY5+i34N9Vg5H7skLTZrnVT91CqzmGnsvHWtaRpd/1Vq1S6nf4wmOwheyOpbeq6hVLQIc0iR9F4h63ZXtOstVp1DWpONQEFvcQnrE83HcYSpk48/SzttWWDum9CDS0OIB7krqHwA0+hpWtV6FGqH0nO3iOx9FwZxe+jsbd3Rc0Ygk/ldm+WenfjUqgu/FJFQgOqDMH6pXE4mXBO5ztUdDlZ4ZsTSjR6ss3E0oPZFqEhjiOQCh2rNtP6opEiCky/YxR6OTdRa71BQZVr2V881KVVuD3E5WNd6u1XUBYvsa76b5DasDBxlb3X6N0+vVqVTVqDxHboEQEyl0No9F73ND/wCIdx+q6UeTx0la6FPG2+zWNPpVdUFzcVNWr0q1KnvY2ZaT9FHtda10ahSbSque9rtvmfAd/ktvHRVoy58ele12MLdrqYiD/RGuujtKudhaatFzCDuY7J+sony8Nu1f/wCBKDXuH6e1ipq1s51eiKdak7a9o4+oVsothp1vp1I0rcHJlxPJKlLmZHFybj0MEkkkgIJJJJQgkkklCCSSSUIJJJJQgkkklCCSSSUIJJJJQgkkklCCSSSUIJJJJQgkkklCCSSSUIVOsuv/ABKbLSxZWaeXOHCsqTC1o3coiSLy1QtY15eQkkkkIwSwRIiYWUlCFWzQbc3BubhxrOPAcMD3WKnTtk64bc0C6g8GT4ZgFWqSNZJrpi/Sh8DWt2gCZ905JJAMWjB4K4n8Xf8Ag1iczK7Z9Vxn4vN/3es7uQVq4v7MF9o8U9YEi+rCZ8xWtsqSCA0LYutjF9Wc3BLjwtVpOJPK0w6EZ+w1WoZ4iE+lcBjTvdA9UCo8ckyoF5Wxg8IWrAiSbzVh+ylweSqurc1HTucXZ7oD3kmQhOqEme6GklRG7CGpOCiU2CQ5xP2UUVA0j6p/6jscIHFldk8PptbP9k/9SSwt7eqrhWcTg4RGOgHdwUFUMo4QHOaIc7y9kTaHiHESfRAe0gGMhOpvLAIdhY0zZJtAX0fBJdJWA5lUZEH0UyGPb5hMqNWo7IewYHoisFWAcwA+hTg0hsJ28VMOb5uyaGlpIKsg5hjEIrMjIQWnMJ7Q8iSIjsiT0UGaADKfIAmUFhkfRF3CMoiBaZBG6JIRQ53O1R2Eg4MI7Hk4OUXRA7TPAR6e2efoo9MkD6o1J5BzhGmQmMMZlSqL9xEqG1xdj07I9JxJHb1TobBky3pk7Ikraugngazah/8A8QQfdahRO5vOAto6HqhusW7i0ENe05+qcugMaTmj6q/AyqH9GW4nMNP1kLo65j8BXA9F28mSWtIPtC6asGdVNhp7aBXVtTuqRpv78FaJqvww6Yvrx17faNSqVn/ueMbj6roBc1uXED6oT7m3GHvbB9VWOco9FSo54z4YdGk7RoNOex5V/oPRWjaPUbVsdPbRPqFsJubNh/cz7JDULMmPHaD9U15JtaQFx92SAIEDssqKNRsyJFdkfVJ2qWDP3XTB9SkeEvgP1IfJKSUJ+s6YwgG8pEn0cEw69pQMG8pj3Lgp6U/hk84/JYJKvfr2kMy6/ox67ghnqbQwY/xCl+VfpZP/ACyepH5LRJVJ6q0Fol2o0h90F3WfTjP3alT/ACr9HJ/5ZPUj8l4ktef170uwkP1OmI9UF3xI6Qbzq9IfUq/Qy/8All+cTZ0lqL/il0WzJ1ijH/aaP7lRqnxh6GpiTrND/wD0b/qp9vl/8lecTd0lz+r8b+gaYzrVtPf+M3/VRavx/wDh3Sw7Wbef+9CL7XN/5L80dKSXK6nzF/Dthxq9A+weo1T5mPh1TmdVon0h+f7K/tM3wV5o66kuLVPmn+HVOd2oU/sSf8lHd81/w8b/AO9g+4BV/ZZn7E80dxSXBanzcdAsHluDjuaZUSp84PRQJ27yP+6P+qv7LN8E8z0KkvOb/nF6T5p2lZw7EUj/AKqK/wCcjQASGWFwYzHhgf5qfZZSef8AR6WSXmGr85WmGfC0iv8Ahv8AqotX5yqMA09DrCRiXMV/Y5f6K838HqhJeTa3zk1oAp6JVBP/AF2qLV+cbU3AhmjOBP8A80f6K1wcj90X5P4PXcj1Skeq8cVPnE1+QKekCB/zVv8AQKNV+cPqmphmk0hPfxiiXAm/dAPK17HtCR6pFzRgkLxJV+bXrB3mFlbSfWo6VFqfNj1y4+W0sgD/ANZ0q1wH7yKeWVdHuQvaO4WPFp87l4SqfNT1+8+VliCccGVGqfM98RHT/vNq0xAIaUX/AMf/APYD15fB70NzQAk1Gx6ymG+tRg1mD/8AkvAtX5lfiS4AnUrdpPJFNQ6nzFfEirJOttBPpT/zlWvp695AvNk9j6CO1G0aJNZkf9oFN/xS0gEVmEH3XzyqfHz4ivcSOo6jZ/5WBRqnxx+IrhDuqrrPYAQi+wh7sW82b+j6KHWLEc12flDOu6fMfqGA+7gF86H/ABl6+eIPVd+Po+Ao7/iv1s8Hf1RqDvfxVPssa9yerl92fRw9Q6cP/eGfkJjup9LZzcs/IXzcqfErq6t+7qS/+njFAqdedRVf369qDvSbh2P6q1w8RPUyL3PpK7q/SGmDd0//AKggO650Nv7r+gI5BeF82a3V+uVB5tZvT/8A3OkIP+0upPP8XULh5PM1TP8AdEuJgCWTJ8n0qb8QOnHP2DUrdzjwBUGVb2ms2V40OpVQQfdfNvorWKj+obQOuKuXwQ55IP2XuHoi5c/S7fP7mAlDLh42m4h+rKHZ0t91Q2k+IFx/4rvY60qkOnldEf5qcB3/AIrmfxJZNpU9wQl4MSg2xjyW0eK+ug1up1sGS8krU6dQTDZye62z4gSzVK4AI8xC0mnVLXxJ5Vr+iZlWyXVqAN2zlVt1UAncpFV5eJUG4e0AyCVTF1oi+JuJk4Qy4jysKeSz9yG5zifL+EDbJ4sy1oOS/KeC1uHOCBvAMPx9EN9QSS3hD5UWkkSXV2MPlKY6+5gKE90ZmELxYEoW7CWtnKmy0QQsEFpkLIPmmVmBOMrArZrewYc4klg4PCM0h7TIQ3NzLeVhri48QfRFVMjaFUtiB4jUJu2NrxCkh04MgeibUpNdwFaQIBzPDMbcHuE5rmmVkHOx0x7rLhtEtyERRgCJgQCnNTeeQnCDgcokmiD2YPKNScCSCMoTYBgCSntIByJ7o9shJaczCKwx7oDeJRm4gkq4kJFJxnlS6TiCJUJhEiYz3UumcgxKfCkBJFlQ3FvEYWxdGu26tbknAqAkLXKJ8vpPsrzpR7hqtHaD/wAQHJWiL0VBVJH1B+Auo12dEW23IIaM9sLqlLUbgiSRlcd+ATt/RdttmTtB/C6w3DRCHLCMqbRnk2ptJgOodTumWVU0ngPDTC8U9b/NF8RtC6o1HRbKpZeFZ1TTaajST+F7J13z2NYEiS0j+i+ZHxkqGh8RdeY3/wDcSc8yFp48YxhaQuP5zpnRq3zafFKoC39VYtjkimSozvmp+KxEDU7QdxtoR/muCm72+aSsC+JHMn6p9sb4RO7H5m/ipV83+0VNhP8AKKIICiVfmP8AilUmeqC0kz5aLVxMXzwcp36wkD191PIql1R2Kp8wXxQqiT1fXH0pgIFT44/EitJf1fefaAVyYXIIw6E43ZHeVPJhpJHT3/GP4g1QGv6vvy0/9dCf8UutX89WakT/AN8QuaNvHDBPZEbfOLcuhU2yROgO+InVdX/i9TagQP8A57kM9c688y/X793t47v9VobbucB2U4XTuJQpsKzdH9W6u4ydXvCPeu7/AFTT1NfHJ1C4cf8AvXf6rTxdkDzFOF2P5TKJyoq2bYddr1JL7moSRmXlMGrnPnf/APUVrIuickp36rEgn7qrTKtmynVcRMxxKQ1QHMD8LW23QcYc5PF1AwVLrsu2zYjqkjgY9lg6k2JIb/8AStfbcgGJys/qATBdhQhsI1RwgboA4WRqj+C4+qoBcACZSFyO+Fd2SjYTqbiZJwkNTdxuPK18Vz2Kf+odGDKpySLpsvRqTjPnKz/iTj+1x/KohcO9041wREkeuUPmSi7OokQN5WP8S9yVSiueAVn9QQcchTyRKLn/ABB5H7nJG9eTh5+5VN+pJzuSFyZyVXk/YlV2XBvnEETH3TBePnBlVRrEtmUhWEEEyq8mSr9i2/XOnJ/qkLx3/MZVQa5ndKX6sAwcnsr7BcbLY3jpmcrBvXcnAVT+pd6pG4cRJMKrBqi0deOMGcLBvDGHKrN1gDlN8U8zKNFUWjrsz+7KTbv+V0k+sqrbXAGFk3GZUsrx9y0/VkCQfysG5eRhyq/HHJx7JwuQBMygYLVssv1eMuWP1JPBwq7xmuEgQka5HoEKtF+JZfqHczwnMuPUqtFfOeU8XEHElV5MnjRuHR1cDqCwO44qj+y96/D+rOlWpPOwL57dLXJGsWhkiazO/uvoB8NaxdolrJBHhjunY7cWBlejoRPkgn3wudfEeHWlQAdiuhB0Nn2WhfEGmDY1XbYxM/lZ8a2FCW1Z4j+JG6lqldvIDitDZU3OIGI4XQPik0DWLgAyNxIK5s121xmZWePZsy00SatRwEQQq+5rbZyfrCkVqpgT+VBuKmIMZUZm0tIA6q4AwZCH459UCo4B8yUwuYeJkINhUPfXIcQeQhvrEnyuhBquE4Mkoe4CQSo1aJ0w1esAP3IBqgieEJ9YcOnHBQX1ARAI5VRiMRoQLThZbnhDDi4YOOye3DZmSud5GlodBTS30wnTnPdZAEyESKoaJmHD7p+/+Uj7pp86bBGDkIgQz6QfTkASggFp2kSPdEY/bEnCIW0qgmc+yuiEYtPIOE6OCsQ6mfUJzoI3NEeqIggYdjCeCJjKG2PuiNjuUaogZmRg4+iMDOAFGYZG0c/VSKZc2JhEtEJDIMCYUqlIwD7qEw98gqVSHlB3J0N9AyLOhVIb5h91ddL1CdWoeYRvCoaBLm8YVx07UazU6Lp2gPErQo6sCDuaPpx8vLg7ouiSf+X+y62HEDBk91xn5cHud0RRa93DWrsbWtIyPurn0jPmSWRkHWvNaVP+zK+YXxzIpfE3XWOdnxWk59l9P9Ya02dQBxBIiRmAvl98wI2/FXXgTlz2EY5wU/D+jAgv5DnFSqBImUPxtuAEB7wHGOULxXTkiJR27NBNbcEnzBP8YnAKgGqCRGU4VH7oKuyqTJorPLoBhZNd8ZIKheI7PdZ8Q8jKjJWyaK5kSnNrn0UEVNxweE4VHTHPuhWwieK8HhOFf0dhQRW9SsmqeRlUUyaK2OeE4VCRgKC2oZlEFbbgj8IrIrJzKxIyU4VvU4VeKpBEFEFUkxtULoniq39rSMZTmXE4lV/i7XQeE/xBwCChbstaJ4rR3WRXzEGFAFUgQnivECcqaI2WArGZAx2WfF7SDCgCpJyiCpHdU3RErJnigGJIKyKrhJnKhGoSQeURru6FhUyWKznRu7LJr54gqMwndABT9tWTubhC5E8bJDah9VnxhOT9lFLiOxCxvkTP0U8rI00ShVM5z9EhW9DBUTxYGSYS35mVLK8bJhrERKRqnEBQ/F98peMGnlVYTj7kx1Y8QseLLpUXxg7umuqmRnCJSBomOrCcFLxiVDNQjjhLxAGgKIlEvxckFIVZxKiCpPCwam3k59lPOuinG0SvEE8R90jWIOFEbV3TuMRws+LtzIKvyT7AaolCrkEf2SFUF2eVFNTMeqXikEBX2U0SxVIw1Z8UjMBRRU2mCnCo05EKrJRKFaeRKeyq6YwAofiZiICIx894VoFo2Pp2q5mqWjgZ/jM/uvoF8LKviaFaE4Jb2Xzy0SpF9QMxFRp+mV7/APhDW39P2kmfKIH2Cdj2mIzUkdXbtLAJ7LS+vmNdYVJnhbkwjwhETGVqHXQnT6mBELPBfkVGW0eIPi0NmrVowMwuXlxDuV1T4vtP+KVQR5dx+65Lu/iEGVnXZvybSC1Hhw9CodVs+UxPKPWqGInCiVSIxKpikyFchzDBEj1UdzyDMR9FLuRvaMHChVCBgFDaYVDalSBJUepUIcHOM+kLNSq0TEkqPUqS30VWi6+TNR4ncUF7xzKZUqNMAkkeqE55aPKcH1Vb7C1WjnFrqFSltbVkt+qtqNdtRgLHAha85pZ+8Y9US3uH0D5HY9JXOu0aWbDJBBPdPmY9FCt7ylXDWzn0UoFpMA8KIEMdgEtCW4HkcJjfWCnCe6MqxFu3IPPZZa6OMD0WdsAn8LBYYBgyoUEBY9uwiEJ1FzTjhZBAM90Zjw8QRlEqRCOGzxhEbI7ZKc+gZlv4WBRe7nACZaIEaC1FaciSmNpAgNRmMaBtRqS9yBA4dgSUWkQ7BATWBoaYPKTHCYmJTYNICSssqDi0YkiFadPVQ3VKJIkeIAfyqmg6Gw44hWGhv8PUaZ5hwzC0RegYfsj6a/LQ8VOiqZnc0QechdnweDC4d8r/AP8AoumIJ2hsQu4AHt+FctpCM3+RkPUgG0Hnd/KV8wfmPa6n8WNbbOJZx919PdVkW7oGYK+YnzOM8L4uarIguY13PuVowfoxUP3OQVaknB+yE55OVis/JJIwhGpIVmj/AEGFQjunMqk8/mVGNXbysioJlUwtEvfEzCy2r/yulRA4kScLAeCdoMK70VRNFSDuJSFUch0e0qJuhZL+x+qiV7LJnjEdpT21OPNChirz/ZIVDMBSyUiYH+cgFObUHrMKGKoHKc2rHc5VNhJImCr+ERtQkKEHiMkp4e4fzdlHJFEs1JwR91kOHA7qM15Ikp4fBlVZZJbUIHOfdFYS4yADChsd3wp9mwvcHbTCFugvEk0bapVEwIR/0cYmUx145gNNghFt62Q52UmTY+EEw1DSK1Vw2tws1bB1F+1wH3V5oTw55DgCCMfVA1UTdQ0GAUr1HdI0rBFqyPplk2tXa1zZyp2r29O3gBgB+ik6CxpuWiJPKXUzh44bGQEEpSbDjjikURpscwktUKpRcJOfZWdG3fVEcSp1PRXOb+6UfqKIt4XLSNXcMgFxCaSY/etjuenu+8D7Ksu9IqUstBICOOZP3Fy4s4+xWl4Bk9lnfuEjKbVaWCCIKCXRCaqezO01ph/EIkjhYa8Ey5B3xlIvnCloGiR4jRwsbs7gY91H3kyCseKAFaZGSDVDTjuseIPWEDf7LO+eVaoFhi90yEg8AcoG4TgpF0nkYUBaQYPIOE4v9SUHxPQrBcSZPCvRVfBKFSU7eQ2S5RPFEepCQeT2USB8qJge5wiURlQQAZlQmuI4JRmVGyCTKt0irsvNJqhlxSf28RpJ+4Xv/wCClYP6btmgyYH9l89rF7fEYQJAIdHrBXvz4EVjU6YtyZGGkfhOxe5l5H6nard0M2kCFrPW7WmwqyP5StjpZHoqDrFpdp9UY/aUmK/MTBq0eHfjOI1SpHGey486ofEjhdp+N7GDUnVCDuyOcfX+i4jUcPFIas0tSaOrLcUwr3SJMfZRKrjJgxKI9xiSJUWq4cT9ELfwZk3Y1z+Wz91XXEhxaYzlSX1DuIjjuol0QTnlBr3Gp0R3OcOXKO924zkD+6zVftEbSotR3B5VrYzyszUe0YAKC+p29Fh5BBKCXEzBVtUtFJmgbi3yvyPQrHghwLxG1YbUB8lQQfVPdvpx3HZcmO+zW1QIOLMtJnsrKzvxtDKhg+qgEeIZAhMLS3kQjS9mU6ZstN4cJDplEJwB2VFaXj6XlcZarWhcsrNBBV1RWiUDj3WYJCG1xBhxRWvAEDMqwDDWB0zMpREA4I7rO6DxkpwZJ8zgJ4VogTxC1oJCwKomB3THy3ykykGgxBymUQLLiZBCI15P7iPoEFoggOzHZGHOQjSZAoIiSZTmFswSmtMDH5WW7Q71TYICTJtMmIlTtJe5l/Sl38w/uoFIwMBS9LdGo0yGyNwK0qkrBjfkfTD5VKxd0awTy0CPcLvLHA8nPsuA/KXUNXpH0IAI+i9ANDAQQM91JP8AFAZV/IyDqZig7cBEEf0XzG+aeG/FzUiCP+C2Me5X091AB9J88QV8xPm2Y6j8X9QaGgTQaZHfzFaOPuLERf52cMqVPMR6IZMjBhNrP82MFDLyRE5TJIbY/eAcp3iDnCACQQCZSc6MpZad9kjxPQ/0S8VpwWqPvESEt0HCvsPoktqYMJGoYEmUAPJHCzM8jKLorsOx/PKIHgDGEBrxwfRY3+bHZBdhV7kgVAe+U4PPKjB59CneLhRJl2SW1OycHzySo7HkjJCIHeyjdkSQcVIEdvqn+K4xBwo4KfTcJVWgqJtEF3A5K2LSGN8Mh4yQqKza1zZGCr20eKdGBEpOSetGjDjt2zD7cCo4PGSeUmW7mnyuOERrnVX5ElTv0p2bw10pSlrZpcF7B9LqeG8dka+qkPLiQVGtHPp1Q1zFJr0HVH7okHsglG9hRuqJ2gXtOhWFWpHEJur3FO8uyaUulQm0KgkMEJUqNVlUEyTPoly0NSfwSAx9qzfUICzb6q9z9tP1RzaXF00AUnO+ye3RrimJZT2lLk4+4cYSRMwKfiV6gH3VTeXVDc4McCE6507UKgLXEx7lVd1pl3TEuBKGMYt9hy8kuiHfCjVlzYn2VRUBa6JhWVShWaDuHKhV6ThMjK2QdLRgyw8iK55BzwlvbkthYc7byEIvE8RKctmNqgm8nIKwahmAhSDzhLcRnKsGgpccOJwshwPEoIdHmKXiR35RIrxCmodxICQfOYQd0kmf6JTHCuLsFxDNeJiU41eyjh5WS6SBwpooOHCIdynteYJaVG3ifU+qQe4HhEmwGS2Ve3CNTIOVCbUJA4R6bzPsqasraLezeC4Rx2XvP5fK/idMW4LiYDQM+0rwJZ1YMgcZXur5bqhf0vbRGGN++E/BfkY+X+p6DoPlgMcKm6rO6wqT3aVcW4IpgkAD6qn6nG+xf3ABS1+5jjLo8U/HJu29fjkrg9V2ysWjueV3/wCO1Mi4eTmDAXnyuWiuZnCzT/dnce8aCP4MGQolb0Iwj1C7aS1QalQu/cPslsVXiBeTvkHCDcOa5hHcJz3uAzKA54IMtye6Ghl2iFVeyYMzwoz84HHujXABeTKh1XuBg5A9la/oGmMqHb5ZlAe5wH1T6j5PCFUeIgqMNGpVrZtRpIGVGHi0vI4EtVi1sMxlDqUw4Hc3lcSMmmbNEQNDhupn7JDzu2vGPdZqW9RrgWCUhUDztqiD7J3loU2YdTI4H0hOo1qtEyDws+dk+nYpFpcMc+iNOyLotba8p1mjcYcOylNOFr7ZYQeFYW18WnY8E9p9FZKLMbcEzKI0EkE8IDKjXCQcIjSBkGUS7BHPc1xlpystIJDcpgfyfVOpnJJPARJsgVph0clFacoDRBkHPpKK3mS2EVMgbAGCkxxOR2WJnACQIBiU6F2C0TKQwC45UvTnbb2nnJcP7qHTEgCVIsCBf0ychrgVpiBB/kj6U/KM+elCw5AaF6HAH/KV5v8AlBqFvS7mNPlInJXpDxIG1wn3Ct/qhef/ACsj35/gPa1u7GQvmV834Lfi5duJgG3GPeV9Nbt4NE7TDhwvmd85bTS+LlUQZfbSZ+q0YP0ZnjSmeeqx85nso8nlFrGSZQA+JwiZo7HbhJlImRPCCX+aCVkuJx2S60TySCbiO/2WdxlB3GeOE4nOVOmFthWuyZTg70KBu2jCc1x/mwrvQQcuzhLePdBa/wB1kmcg5VpkugofmQMpzXA5cQhB0BZBHMqmF2HD/SE5ryMBBa6DhEa4HEKvJdFpBw71JJhSKLXHMKJTO4gqxswHODCYS5PQcVbol6e54rBsYKuSx1Ih8SCq6lbeDVY9pkd4V0xwIA2yEifVm3HFrQ61eHuD9okFbbYmhcUANgBAVRYaZQvaR8N4p1W9jwVZadaGhVFGq8jPKzylRrhibJDtOb4mKfPBhTbTSh4k1GEfVW9pbNptaXwSMgqyFFleowNaM4wkubNeLBbNSvNLm4DaWJKNT0+3oNHikSt8tvh5qGq3DHUw5rXd1tdt8CxVaKl3cPJ9JhJeZGp8ZHMbC3s3MxUAKxd0LRrXO8Ygjgeq6hX+E1ppx/hZAUC56G0+Cx9AE90l8lL2NWLgqSuzj91ehpicBQa93bvb5jI9Cun6n8OrV9Mmk0A9sLTNQ+Hl7Sc5zJAbmCFI5ot7Ay8GUFaNPuKdu+TTcBPZVlxakCXCR7K31TSLmwe5pBBVWK2NtSFtxTvpnIzY/F7RSXNHacDuoT8GIBVxeU2kEgcqnrtgkAiZW6E70czLBLYzcYhYJP2TA6CYWCQRk5TfYy0EBMZWJjKYSWt8vKwS7lx/CtFBdwMmViZ4KEfUlYDjMklXRTDNJkg4Sc7bO4n6whl5ye3ZNL8gOJghToF0Ea/MjhPL8YQQ4AdiPVIOzMI00AyQx7t3CkMe1Q2uLRO7nsi03kkRAV0mLbotrN7ZgyJXuD5Y7kP6XokuJJa0rw1aukyPTvwvaXyr156bpsIBhjR94Wjj6kY+VqB6gtnzSEnsq7qEA2T49FNs376QHooeuCbVzYHCHqZhjLo8a/HqmBWLxgA5Xm+6O25JB+q9LfH1sl2YaCTj7rzPeSLl0Zg5lY8ups70XeJDy9xZLYKiVHAzI+pRi/yl3A9lFqSZPIS2qM12yPUPmLeyA+WkgFOqDOCo7zgneTlA2aIvQC7Z5cTlVryW4JVhUdvByq+th0OMwrCSYJ5JwgOqAYOUR7gDE8oFQHkK++im60UYIPKR7prTIxI+ycec91wVVbNb0Y2kNk90CraeICQIPqjmDhObJbCNdWgbRAAqURsdkJzIndTKlOY14ggKO+1e3zUyEWOXyRocR4mHchMcKjDLcdkqdQcPw71RGukxtBCctkaH210+mc5HdWlC4ZUYYMH0VWzZKk0BmG8wisHom7xPaE/xWgzu4UJ9N4Bg45WGAxBGCitFE9twwHcDMp4umyDJVeB7IjGu9EyKIWH6trhgI9JwcJxlV7WFsSOVNogFst7JuMGSJ1GG5JwjWj9t60jse6BQdj1+yJbj/fGEnBIBWiPYEV+R9Hfk8c7/AGaqMMEeGAJPZelWHEFeYvk1eX9OO2nL2D/Jem8iCefomf8AVC86rI2CvI8NwPcHK+bHzrM2/FrcXGHWhj3yF9JLurupFwH7e0L5wfOyz/0pUHukTaOgfcLRhX4szR3NHmqtAPKjGMkEyj3J8xEn6qG50cSglHdj/KjG8tOcpB08kphd3KW6eFZKCbxhPDp4HKBPeVkOzMoG7DigocN0cpzanZDa+CkHZkAKlfQaDBxH0TgRyg7z2hPDhwe6svQUOnCyHEHhDa7Ep0z7KMJbCNOJBT2uHAQgSE5rlRaRIpGJknCl0ap3gtKgN3SpVsCXD6oWHG70bPpVG4vHjYwnst60jo+8vabXBsT6hQvhzbUH1WNqNBHuPZdr0qxpBrfDaNvsFzOVyHDSPT/T+FHJFSkaNp/w71R1RpptI9SArSv8P9YpN8U0S4j2XYdBtG7Q0NBkjELd9N0ShXYN1Jv3CwLNOZ1JcSGPdHmBmiawz+E63qY4xyt56F6Mv7+4pm4okQ7gjhd0HRem1PMbZn4VxovTtnYP3UaAH27psFOb2JlKGNfiiFonS9Kyt2NDBgDkKzq6eQ2AIV7TogNwE11NjQSYWj0UjKszb2aXqWmgNJcM/RahqNi3cdrO66XqYY5pEdlqd/bMe4+VYc+Ono6nGymjXdrtyBhVtW0p1dzHMnB5C3S8sW7SQFrd3RNEuc0CfRZNmyTU1RynrTp+jue4AtJ4J4XItas3WlZw3CJ7LvXVdcVqD2VaYmCuJdRtAqluZW3iz3RxefhqNmtPqEghxkeqgXG0EmMFTKlOoHkRj1hCuKPknvC60a9jz018lYQAcn6JgJnhGqATjsgmZkhaImSURpJ54Sc44E4PKw/tkJpPqESXuKkqHO8vJmUt4IhDLimhwGCEYIUmRwkXwIOUxrxnsmk+aTlVZTQUFvJJ9gsip2lDDgD9U7e0jiFcbBaXQVrjB2nKLTc+QowIIkBHpuAaI+6bf9CnSLK0efEBORK9jfKdWDtHgk+bEDtleM7V8uESIK9d/KXXd+hcwABweQQn4KUkYuYrgz13ZEeEPog6x57Rx9ErOpFJuMwsaiXG2fOMKSX5HMi0eQPmBDmuqEQQJC8uX5IuXQYyvWHzA0SKVZwb+0nsvKGqgfqCXtMk4WLMqm2egxvywobJ2KLWIAOclHa4FscmFHrubMAZSXsX40yDVDjLm4+qjvPlImUetM8qNUcRh35VaQ6KsGXAcKDdANdM8qY7g5UK5Jgn0wqabDuiGXSdyDXdMbfon1HEDhAe6YAUeiuyrwMykImZ5TcEzCTYySVwHtGvxY4CZWRJxhNMRyngARIlMXWwKpi2juPwsFsyswT3Sgz3yiq9EI9e38QYwFFaXUy5u/Cs9sSJj3QTbNDZPmJTYulRXjfRGpVHEzOJ9FaWgJG8qJTpBvDVYUBFMQici6CwmhoAwB+E5sETCw7BycKIroQGY4RGtAOeEwZMhPbM4TI2C2Ga2cN/qj0xAwIQWtzJJCO0/VPxO2BLolURDZT7d5F40jJ3AD8rFFoNMkrFEH9Uxvcla4iluSPol8mNRv8AgVWmQTDGgevZeptpNMEHPGV5P+S+4adHuA8kEN9F6tpnc2T+ZTGvwRXIf50R7toaxwjBavnL88DT/wCUy0IBg2j8/cYX0ZvHSwnhfO3552n/AMo1i+CA60dmPcLRg1FmZK5o8s3EgmSojiMRCk3LhuIiQoVRwnlU3bG0jBknBSHHKbu7gpF08d1TREP3N4SnvEpowB6pbtoVUhiY8HOU4O/CFvDiE8O9FQQVp80J+BBAQWuIMpwdPIVVYQVrhzCfuDu6CSJiYTtzQFX+w0grTGAE9jm8d0IERIOQiNMjOEFlhmY4Kn2nmeMQoFMxwrGyLS9pCjaQzGrZ1DoY+G6mGnuF3Lp0OqU2OPC4b0OSHNc8SF3bpUtNNoxC4XMa8j3P0uP8SN90Bu1zZHoui6Q6m1jRj1XPdNDmlpA/C27TK7g0DKXikom3PFtUbmzwy0Qi0am0wAPqq2xqlzfMcHhWDYHAW2M/g4eSDTJDqz4xH1Ues9xBIMLIcDyR6IdSI/0UlNsqEEivut75kTCqq1BsmVb1QdxG7BUO5Y1jSXFZcts6GF0a1qdPaCGrVr5rn7sStj1q/tqIcTVaDPqtQu9UoPJayq059VicWdGDdGr67bU3NeCB65XIOsdFDXmrTHM4XZtXDKtMukfVc76ro+JbPxkcIsT8ZaEcrGpwZy6lZnd/FIwplDp241qoLXT2N3HAkwq+4uH07hwM4PC2Tpq8uKTw+g07ucDK6yk4xs83jwLJk8Wap1J0Xq3T7h+tpGHSZbwtYqFzDHZdu6pqXWp6UTdtnbkEhcZ1Ck2nWeyMAp+HL56YP1Dgrj04kBx78pbt3sUiCJEphxytSOJJCcSDB7JpJOYWSW+iwHc4RJi2KYjCyDHflMJyEt2Vdgj5EYOVgOHc5TQ7mQs45wisW1TCCSZ5UikW8EqM04RaZE8SiVi5FjbEhwieV6w+UmudlZhgnxHNEei8m2zyDG38L1B8pdyW3lZjRINQgTzwtGBfmrMXMf8AE2j2jYvPhgHEBPvx/urxM4QbB00mzlEvHA0XQI8pRz/Y5UHo8tfH6fBr+X17LyHqwDbjbuJ2lexvj4ybWvgDv9F441rF0c91l5C/M9Bgf8I1gG2eDCiVjkgnnujMJ2euFHrkkEAEYWdoFaZCrjtuEcqK+OCSAj1SQYPZRalTkcylj4rVg35/a6VFriRJPKO5wGf8kCocEEKEeyBWLSYBwEBzgTBhFrGHkNH5UZ74OWqMiRXiRmVgGeViSCPQpzTj3XCa1s1mQ304906YcAmb5wkJJ5RJL5LXwPIMzKc0zg/0TZxkylgnGAiiC2EADYJzJWXhs8wU1g3fuHHosOPmIVpETEADgypdEeQAkqI3mDIUth4GUwFtsIZaJTd0rLj2JTeBB7o0VaXQ4FPYfVDECEQETKZ0CSKbie2Ai0nEgyDygMPoSjUwRmMFNxVZUnSJ9CdmE1pIumxBMrNDLJQgf95AAWtKxUXTPoF8ldYO0uoACYYJ9zAXran+2J7LyL8k7mfoKgBMbBj3hetgSGbpynPcULzK8gO5fLXNiQeF89vnvpPb15pj5ndbvC+hFYO8MuaYK+f3z5MLOsNIcTJNF8ZT8C/Fil+6s8i3BIJHMqG/spd0ckqG50nPKjSbDtpjCeSFncDCa50dsJNdHDeVVF2zOQUnOJnsm7txiFmO0/ZDLQVmZiABkp+QEKSHTGERrtwEoKQSCDjJTmn1QwRPKeCfVUGux0mZOfqnB3qAmAyMpwz2Vd9hhGnOCjA8AoLHQeOEUZ7YVFh2c88KdaEAj2KgMPopltyAUEhuPs6l0FWDywF3C7p08SxrHA4wvO3RlY0rtgzPIK730/qTHW7dzhIAlcXnRpntvpWW8Z1HRroPDWHkLcNMeCBK5hpmr0mFpc8AD1K3nSNf05zWl1donGSseNO9HTyNUb1a1A3bCsQHPAha/banamm0tqs9OQrG21i3MDxBPC6MFS2cnKreifsg5cmVqoYMn7qPXvQZLVpvWPU91p9m91vO7gQpJoXHHKTNk1DXNOsabnXFdjdvMuAK5b1v8V7C3a+20+5D35w04XJ+qequpdSruL6r2tk4GMdlrNmG17gO1B7yBkgcqkoz6HuLxbkbFqfW+sX73eG9x3dgCodrfa8X+M4VW/UK6sNb6Q05jWOsq5e3ginIVzaa50/qMNtHRPILdpVTwtIdi5PqaRW2Wq3FekadzTP1Vfrdk64ouIacg9uFv1volC4p7qbJ+gUK+0fw2uYQVif4s0P8tHm7VbM0b8h45OYXR/hz023UaTX0qZdIAyq7rXQ2UtQ8Tw4BMmAu1/CzQ7Cho1vd0gAcGCt0P5InNWL0cvkc96/6euNN0h7TS2+XGF511RhNy8HBBhe3vinYULzpt7ixpLGlsx2iV4s6jpeDe1GARtcQE3jrxdCPqU/Ux2UFSR5ZlCdzBMo7yIIKDmFvR5qYwmMLDnAcpEZlNPui/wBiG7EB7pEwMrBO3gT6BYc4HBxKvvoAzzwnAgQCTlNAB+nCycJiQtqx4AmRMIjCZ4Qg71RGPgpkfhC56RY2p8wK9I/KhWLNbqhseZ/E54Xmu3cQQRnuvQvysXBZ1RUp7hDtrmz2PdPxfujByXeNo91WNTbSa0BSLps0CfRQ9Od4lNpIjuplz/wjB7JmVVI5UOjzd8fKM2VeDyDC8Ya2B+qdBjK9tfHijv064aBJLSvE3UTWi8cDEzmFl5KfnZ6DjU8JFpfsADgQo9ydpOZKNbny4QLsNMgtyssgW96K24fnJlRXubyDBCNcu5wFEqmIKBj4dbGvcSUJx8pwk4gnOENxEwDhVQWiHXjcT39FCqvBUy6icBQHmXF0yq77LbohktgHdlLcCJaSsZH7cpebiRB7ri6NTtDhxJThgyEOdpj+qeHT3KtUytrofI+6zO04ATWknACdz3lEqrQNOQ9uTM/ZNMSTOU7dtEAc+qG4d+6v/ZEFZ5nYcpTY2yBlRKUk+ilMJAiI90XRbQicyJ+iTSRnBWHYxKazbuyZKJAMNG5PECEwROUhMpkUirJLYEkH6KTSgtmYlQ2c5Uqk6QIb7J+OrBkydSkMwg/+9NM90akJp4KCZp3IOJC2REq/I98fJHXYbOq1zsFhI9l6/bPhgESvG/yRvPh1aYgS0A+0wV7IY/yhoAx3TaqNImbUwVy4bf29l4D+fmmWdUaM6API4NzGIK9/3RlhgcBeCPn7Y49QaIXAGA8bo58pWjj9NCJO5I8a3QO4yoD8dlPu/wBxzKgvMk/6K6aLbQwAzkmOyyCIMmU2d2AVjaC6ADBQstMySZlmIWJec+iRESMlYBfOThA18BIyHEkSYRGxEIU+hBTmvKCS0GnTCNIJyEQEBBLiYPCIHIU9BdsfKyHHhMnuiDOYUQyggc3GIKLTOeUBsTwjsJxhSSLX9kinkwrrTrF9w2WN7KlpRPK23p6hVrUD4H72ZI9kuTpGvj4/OVE3Qqj7S9Y12CDwV1Oy1tttbNIncFyit4rLlr3gtc0roGjWx1GlSjhwGAubyEp7Z6ThN4n4ouKnVt/Xbtob2keibT13qrwy5pr7R3AIWy6d03T0y38eo0HEmQorqd5q9d9rpbWNABJ3OjCz41FypHRyyko2VFt8R+qLNwpi+qwDw4reek/iZ1DWqsFepvbIJPBhVGhdBNu75jdWtxUAMmB/ZdPsfhno9rsqaVQe1pAkOzBW7LhcIWc/j8nyyVJG79OdRu1Wk2m93nhD6ssnVbfzNB3FVGlae7RL9jS4xgZWz65UFey3BvAXLyKTR1UlaaOaVugqt7SNcW8g5xlStI6Q0inaVLXUNID6h/a8jIW79MazQZNtWEk4+y2ZmjWt1U8UUwAT2T8C8KlEVydrxktHGqfw0s33MtstrScEDAVxp/wu02hU8c2zd3qAu0W3T9uGgeHOPRNvNLpU2Ha2Byts4znG2jlwnHFKoHPKGgUbGnsYDHutf6jtWUmmpAzhdFvbdoBC591Ydu5pMjsuZkgdfDJz2zj/AFhRbUrBxiFvPQmr0bbRaVLe0kACO891pnUzQ8R3lXfQWl0fAFapWy7zQVWKTSoZOMWzZOs9ZbW0CvTLplp/svIPVr2OvqrwOXEhen/iXcULDRntD2guBESvKuvVRWu3u3YMrbx7btnM+pNLHSKN4nMBBed3KM/mJQnA+n3XRS9zy8/6BlsmeYTTMwnOgdkwzI9UxiGtGD6zwkc5hOORmRCGGuIlyiAZkczEpxg4IlMggzAWRuOfdHQthGAAZT2tBMkoQGcorGmeR90yOhMiZanIDThd4+War4fV5ZESGZ/K4PbtG7mF2n5c7jwetKffc1s/laMT/JGTkX6bPoJpbg6k17QYPryp1WHMInMKt0d00WDbtkDCsX8EmYjCdlVTOLjdnB/jbRJsLgOYf2n/AMV4c6oaad5VMTDjwvePxnbNhXJHLTC8JdXNDLys3Mtec+qx8r9keg4e8JU0HbmCPqg3RlxT7Z7Q3BIcm3HqTJWN6I9sq7kguxwVBquAJAyFLuXbnE9lDeARgoR8OgbscoDwJMtEoj2ujJQagnGeFTCRHrtEQCSq6o6CccKyfgEFV1yIJ28oUy2V7S7aXRhZB3EkYQKVwHtBa6R7IrH4gDlcRL2NnYVrpMOwszmIwhtaBlwSn0GUyMCnKg4JmAnCeAgBxESQiA4wrSoFMKTAgBDnafMnOJiChAy7I+iNRKJVuZJPHspAECeyjW5nspEkcuwPZEyUYJDjknCwCA79uPomOjJBWASMFEkAwweJ/dj0RA6eChMgDnJRGnsUdAsKx2QCFLotIwDj0UNrgFKtnCIH5Kdi7Bl0WVAfwzmCo1Qj9WwP4Uq3kU8qLW2/qAYk9gtkU+xMXuke7PkicYLZH/C/qvZ1OC0eq8U/I/UIJaHEk0hBXtBhJAlOr8Q837hLgjb5jGF4O+fxnh6loTgIguBz6yvd1Z26m7cOAvC3z+MmtoNVvLajgZ9wVo4urMuT9lR4qu2wSVAe6TMqdeHJjuoDgZ9cq6aKtDDnIMJskcJxIJIJACaKgy0ZVbDTQiQR7lYkSJCRbn/7pFskAn8IaCTRmAf/ALJ0AwBCbG0crP7hxB9QgkrDCNkjP0Tmj34TNxbiU9szkIPFh2EHm7JwAwmSScIjPcqmtjF0OEzxKK2HHjj0Q2nMBFYMQSqZYdnIEwtm6T1UadqFOpUM03eR8+h7rWWZP+amWz9rhCXJXo18fJ6clI7drPSLr3RzqllTFRjWCoHME4UnoAbnU6ZcDBhWHwQ6lpXWlV9FvwHtDS1u7Pl9EyjbUtD6hr0bcBtPxS4AcZXMyrx/E9jijHIlkR2uw0WjqFqym9ggj8q2074eWdJ00aTQT6BQujb9t3a0yCJAEhdE0p5JA9e6zxVSsblbqiLpXRFCjtc5g3eqvxpTbGkXCYVzZsYWD1QtTZFF0dgVvSbjbOU5NTOaavXa7VJBiCMfdbQbc19NJwZb/ktP1F7W6k4nMuW36Zcl9iKZHaQsKqTaZ2seoJmkNc6zviWy0h0f1XUelL9t3QbJk4XNNZa8Xr9rcz6K96K1c21223uTG4+UlBhbjOh/Ih6mO0dda8sZESFXX9Xc0tDlMp1WVaG7BxghVWouDZIC6mSdRo8/CC89mv6hULWuz2XP+pHeIXYW56tXInEStI1p3keXZBXKyP2OxijSOXdStaK3tOQrbR9e0zT9L3PqtD2NzkD/APOyq+pWBweWnK5T1FeXlBxY2s7bPE4VYo+WiZsqxK2XHxF60dqtV9KnU8jRAkrkN+8vqScyru5r1K0ucZVFdyXGeV1MMPE87zuQ8xBeIJQXExjhGcZOeyG+Djb/AEWuK0ciaBFshYIA+qfEDjnsmmDhE9Cm7GECfUrBMj3TogySsDaTAwrQt6G5/wDBYALR5ZJOU6IMA88pERhHHsVIwznzEyjMMmDCCBtdIHKK0enKZTFNolUD5oiQV1v4CVvC65tQJgt9ecrkdAAOC6b8FaoZ1vYCYmf7hOxqpIycinB0fR3RZ8Fpceyt3uG3gKi6dJqWVE7plgP9FeObDVozr8jiY+jjfxjpNqafcDI8p/K8HdbN8PUK4Ek7zP8A9l7++LtHdp1ae7SF4G6/AGqXEyIe7+6xclbR6Dh/4qNbtYNM4TbhsDkcJWcEEA8rNy1obAP1WaRPFWVFwImcKE7GZlTLvP2UF0cuS2OgDcSTxhDqcghEcRHl7oLwR+5C+hvQKqc5Vfd7eBhWDxIIB5UG6YIPaEC0Ts53bajWoOlrzHori01mnVID/KR7rVGV2nujMfmWlYnjXuaPI3htwx+QZ+6eH9+xWo22oV7cg78eiurTWaVRu2oQ0pbg10RMuG7SJjCdTcOJUenWa5vlcIPdFa4SIPKBJ9lPQSqWn+bhYYRGXJlQnuQmUqhc4CfZEqRfRPonY2JyUUkbTLkGmdpnunPJIyUTv2BTEXCOJSBHdDDh6cJ24TgQiVghQduRn/JFY+IPdRwRwiMLeDz2TKKZJa7dnupVAkAAKG0gHClUGuOQU7EtgS6Leju8OVCrn/eGgZlTqMeCBGVArEtumg4lbYrRnj2e4fkhc5t0GkwNgn8L2u39q8P/ACQOcL0B5/kP5he4aLZphzgQe4TV+gzLqYyvOwgCV4i+fwONHRHgT/Ggk9sFe3apImF4r+f2m3/DtEq8n9R/kU/je5mn+yPC94PMSFAeTOPVWF9IMhQHt7+qNgOkDcAYGU2dswAsmfqme3ogaYztCLnGTEpoc77LJOfrykTMwEJdGSSSCPRPp+jkxsn8JzTOMhA18Bp7CbE9oPomg4yU9sHhC00M7HAkcp49QmAZTg30KqxiHtyUZozId+ShN+qK1sDKrsIMwz7KVQdBGVEaJypFIgHhC4jIOjcuh+o62g6xRuWk+GTtqD2XaupLS4q2dv1DQAqW79s1Gjgdl5wtqha6R6wV1n4ffFepolg/QNboNvNNrAtDT+5n0WXLh89noPp/N8I+nI7D8Pdf8Ooxhf5SAMngrtWjagHBpDpnK8vdPa1p7dQB06uTRcZbPI9l3DpnVX1GUyTj6rnyj4umd7HKOSOjr9jfmAAcEKVdVfFoOB9FrOl3ocxpB5V017qtEhuMcpkZ0qEZMO7OeatsGpOMiJ4W+dM2NGtZNcSCCMLm3V1pf07upsNSnu/a9rZEoOg9T9R6NTdbmsa1MnGMj8JONx8vyNjxylj/AANo62fbaVVNYxtEytcsNdtbqsx9CWva4doWdQqav1BUFS5t3lnuFZaRodrRc1z6QDh7K5pX+IzF5KPjI6X05e1K1kzxDkBSNQLntJHZVmk3dKkwUwIwrC4rNqMLRBCPyuNMwTx+MrRqerZ3HOVputOb4bo5Eyt51VrdroHC59rzsuAA7rFNPys2QqjnvUA3l4hcr6qtyA9zey6nr1QNa7OSFzfWqYuBU3FNwWnYjlJOBz6oYkEqpuhue6BlXOoU9jnD0VRW5MFdbG7R5fMqlRBePQZQ3COVJcAZxCC8AiImPVaFZimwBDZkphEnCM5skg/VNgcDCNL5ENtAS0kymuaZEjCI76rB9wj7FsYWgZHZIgkAp22RCQA78BQBjWg9+U8SO5MpR2lODZEymp6M8uw9FxHC6D8I65pdZacD/M4jj6Ln1JgJAErd/hrVNHq3S6hJDRW2/lOxq5IzZv1Z9KOmXb7Cgd0yxp/or9xgSJWsdEVBV0i2Mz/Db/ZbU5u5sAJ/I/Y4mLo5f8V6ZqafUDRPlcYXgT4jtP8Ai1w0RAcefWV9BvihQnTak9ge3svAXxRpeHq1y2IO8kx9Vj5O6O/wt42aNZvJOyY90W4pmIOVHswAT6ypFYw04KzSTI5JOiouvK4weOVAfElT7o4MmZUF/OYSWaIMBUmfL/RDLjw6MIjwS6SUF5BOBEIHY5DHuMnaIUK4JcCCpFQkcFBqy4YbyModkb+Djsh2JARGucHRwPZCLSOchZa6COEqiyUKsc5R6dWRg/ZQt090SnIGTlC4lpltbX1eifKTA9Ve6dfG4aXOHmHK1RlQnkqRSvKlHFN5E+iXKFheRtbq253aFmlVY14IIWrm7rHmofyiNuaog7yUKgW2bkyvT7uH5Tn16QxubH1WnNvK3G4ogr1SMvKL02CpG0G6pcB4KwLmiD/xB9JWstqvJzKMHnvlNhiv3KZsf6qiMbxKIy8ozlwWttc4HPCK1zpmUz0ijZGXtAnD1bWTt7ZBwtPomHD3W2aW4+A0eyOMPEqXRdUB/BJBUC5/9Za6e6sLd38OIVfd+W6ae08LRFGW/wAj2p8kT51Ta1oHkIB917npmWiXRjheD/kjqOGrU2tOCwwPuvd9KA0Ap1LwGZm3MbXkNJGV4u+foOGjaM9xAH6mB9F7RrNG0yvG/wA/dN/+zmlQT5bpo+0p3F22Zcjpo8GXgl5g4VfUh2IwrK9BLnEKueIBOfumUC2BjamPH8xRCwx5seiYYjkwhotSGzPYrAg9iB6p0kEd1hwzygaGRkZkTHb1ThsmZTS3G0LLGkETwqWw7CNg8EojAW4BTQODKeAAgew4u+xwEpwAGYWG+4hOaM8SqaGrY9rWOPCMweWI/KG2JwisI4ElVQSYRmOyKwzkobQEZgEZ7KmGn8haTi3AUyhVLTIKhU5meyk0p5CGh0ZfBtvTGrVbS8YS8xIXpDojXBc29Nr3+YxHuvKdpWdTc04EFdi+HfUDyKdPflpGZWPlY01aO99N5G/GTPUmiX4gAlbfa3TRT9RHK5T09qviNY4u8xGQtxoas4hrJP2XLbaO9+xI6iqsc0+UQVR6bQDq8taPeFO1QVLhgcAYhD0+707TGh9d4LhkgmFcU3s0Y5eKNhtTuYKZYOIQ61maVTexiq3ddaJRH8IPL+wjCh1OrdTv3/8AR9rLfWJWh42wVjldl6K9WkQBIVhTun1aflcfRac6t1TcnzUQwHuRBV3o1nrFMzd3QeP+X0S3GheSDJF7UqbCH9wtA157hVcHYEro+o27jS3ECVzHqu5bSqubjGEiaFQnWmc/6neGtdtdP1Wi3FF1Vr3Eyts6hreO7Z3JVWLD+DnuEcVQuT9R0cu11m2q4NA5VBUbkjErceprI0bh0/ZatVpkOIgie66eDo89zI+E6ID24QnjEGFLfTIyWoTmCeFrirOdMjNbkwExzQHHuO6kFkccob2ZyCmKL9zPJkfaeYwE8Ma4STAT3MPMQPRNOSBkBH4/AtugTgG8BYDR6nhGfSMzOE3YARgx3lXQDlZik0PcGnhEqNY0w0hCgDHCQ3TjhGkZ5sk28khbf0Q8U+otNcHAbbhsz3Wm0SAVsnS9U09XsnM/cK7D/VHHtCMleLPpb0FUbU0SyeCSTTaSYhbgPM2SeFovwyqCp07YuaZmkCZHJW9Ej8rRyP2OLi0aH8TKfiaa9zcyCIXgL4ssa3V7pjYHnJj2X0G+ITAdNqbRiMyvAnxjYxmuXBDQMkLHydJM7vAdxZyy1cA4t7ypdQBzMjKi2zQapIAEKU8HaRugpD6KlqRT3ZEnH2Ve4mDAhWN0CZk8KtefRIkOx2Dc8lpxEf1Ud0jMcolTyHB5QKhjJMoDRFsHUIJAKA8uDSEV5J4IUd/uUL30F0cincPYJRiMZQwCchOhJVlhA3059kRg7lMG4meERp91eyBGugJ4MxAlCbxwnsgCYQsLQZpcRgjHZFYQWiCgMIEzlFbtAGOVafsSgzTOJyiNzMoDCASURhPP90VAh2OIOEZoMqOM5KOyI7ookDNJRGT6oLTHHCKwgBMJRMoCYytv0gOFqFp1uTuGFuOjud+nHurXYE6ouqAPh4VfeQLlgPqrSgP4UqrvXAXTfr6J8DKv2PY3ySvnWmhnoY//AD6r3qxxIBcZK8BfJQ4t12jtMkNJzx2XvxgG0d0f/Udmf5IxWIc0wvH/AM+zN/SOmuqGS27aQfuML1++NpHC8kfPcC7oqy3NBAum59MjK0cXcmYcknaPAV0POQfVQKrA53lCsrsONQwVWvDhIKdLRNAHsznshFgmffhSCBzyhu/7KXsgI08yAI9FmYGQAs8nElYe13ZCGmkL9xwQnBriMrAZ3hEAnBHCpoYpXow0Ed5T28YWQ08AIjWTgCUKQSdPYg0ogaAPdNaHDsE9rTIKniximhzW4naisAGQCmM9AjMDjmMKqGpoc0g5RmASIlCDUamCMeypxbDTsK0A5R6UnA4QqYE5AlHpNkzPCDxDjKiTRcRytm6Z1Spp93TqNJ2k5Wt0wOYU+0c4duEEoWqNWHM4Ss9J9IdSsr0KZa+XCJPquq9PXLbwsJOF5b6L1mrZ7QXS3hdu6K6wt/GbTe/kxyuVlwuLPUYOR5w0dQ1bSL26ttttXNORyAqOw6OqVbmbu5e9p5bPK27TtSo3VqNpDvojU2APmnlJj+Ls24puivtOiNHoO8R1AOPq7KvrLTtPtg1tBjG/RRLr9XUplrG5hV9pbakK25z3R6ErUsyQy5PtmyVbaiB5GjCCIp4ACl2WnufTDqj5JCzd2zKFMuI4Scj8toX6lOmUurXEUHBzuy4t1ncjxqr21IyTyupdR6hTp2z+ZgrgvWGpGvdGm1xSVFsTOau0U7nvvLkTkAqzNq0UohR9IsXucHmYV862208tHspPQeGN7Zr1XobS9ft6r6926jVYC5oHfC5frXTX6W4fRo1Q4tJERldps2jxoIgo+qdB6Xr9LxabDRuAMPBifqtWHMoxowczgSyy8os86V9MuKQIfSdj2woNS3J8wAhdjvuldU0OuaV1bCrRJgPAn8qJfdF6fqVIvbT/AE9QjlreV1MPjlX4s85yseTjv80chNGD3QjSkyZgLdNU6F1ex3OZS8emMgsaZI9Vrtzp9ejAqUHtPu2CneEkYPVjL3KpzSDDvsmuZtyAFMfbO5LUF9MgxCNWC5oiuaSMBDcXD2UlzNmQRjsg1A7kx9FYpuwIb3jCfsHY/lItMYGFkYEAcqCpDmNMETnsrzp2oW6jauA4rMk+0qkY0g5OVbaQfDuqTzGHtP8AVFFbEzej6R/CS48Xpmxc8kgUwB+AujDzNlplcs+Czw/pKxdHFMCfsupMI2jb6LTyO0cbF7mq9c0w7TKpPMcLwR8b7bZrFcmP3EfVe/utGbtPqSclq8GfHakW6zWIGNx55WLPqCO5wP1aRxS2B8YgH8Kc8DZBGfVV1IgXBEd1ZbW+HMwEmUdWSemU983PmP4VVV4MK2vgW7nA5VW8j1mVnkqHYmRahIbESo72kjP4UuowfQKNUYRjEygH2R34PEfRR6gMwD+VNc2DMKNXpiJaMqUHZxxrs4TmkgzymtbmDyncYKzdFj2kz5uCi4QxtxJyiDIwreyDgfRPaOEwCMlOEchV4tECgxwMJ4c5wEjvyhDJRWOOWz+VdF2EYd32R2nEcIDCI5BRWujAAKNIoK05go7HA47AKOIbz3RWc5OEytaIHaSB6hFAkSAgg5DQYR2gkcqLXZOyVbuduAAwtu0czQELULXDsuW4aNt/TghGmLmtGw22aOVWX7CbhpHYq1tATRz6YVbfsBumRynQMq/Y9afJVULeobdpMNIIDvcYXv8AYRsEwT3K+fvyZB1LqC3DhIkmR9shfQGi1+0RwE1L8RufUkJ4JBgryj88tLd0HRcYO26bz9l6wqNcGleWPnhpk/DynOSbhokfZaOI/wAzBlu0fPi8YQ9xkKsqjJlXN9Rh5mSqupSeT5QU+cSJ2RCDx2WCwtyPupAovDpc1ZdTgEfjCX40W2RoEYTC2RkTlSPCdjCz4QI9Cq8fgiZHj07LLQZkIppGYgrLaRmIKHxYakJrJGCntaTwisbAy2FkNM8Y9lKYV2MaBnKcBiQE8U/bJRG04AHZTYaaGMbmf6IzB2iE5lPvt+iMyk4Hd6qmhikNFMF2ERjDwispOjKM2jPAlDQ6MkDYz2R6dNzcmYKNRtiXANaZKudP0C5uiCacA+qigX6iRWW9B1Rw2gkq6sdJrVIcWkexW0aZ0tRpsBeyXfThbBpnTTq1UNbSMDuApPH4RtmjjyeeahAqOndPNJwa9uHRytso2dzptVt1bSRIJAUr/Bm2RYfC2+62DT7IV6YOycLiZ8qctHsuLxPCCTNp6N6xZXY2i+rDm4IJ4XT9Iv6NYt/iD8rgN3odxaVf1WnsLSMlvqtk6b61qW5bQruIe0ZBWelPaG28TpnfaLqNRoiDKmUbKluBgZWgaJ1da14cam2ffhbnS1ugaALKrDjsUyEN7J6mtFtUFO2p7g4Baxr2sBlNwa8Z57I991BRbQJc5p+65l1d1U2myoyidxJiQjcUKk32VvWPUdOm2oxriS4YzK5rStKupXZqVBI3d/RWtUXOqV99UmCVeaZpDaTRLP6JbqJcY+fZHsdMFJohsQjXduWtOJhXjbYBohuQol5S8pkQVlm7N0I+KNXthtvNpHJW6aMAfJjK1MU4vAYwCtu0GkTVB9UUFZU5UTdQ0ild0XNNMHcIWl6v0821k08f5Lq7LMOp4C1rqaxYGGRlbONJxyaOR9TjHNgaZzu0t25a+VHvumNN1An9TbU3g+oyVavoinWiRKvrCwtqtMOqQT2XrMaU4qz5nnk4SpHItV+FVjVD32D3W5JkN5H0Wia70NrOkuO+2dUZ/wAzBhem69hRbhon6KBX0qjcNc19MEEQQ4TKuWCMloXHmSh2eS69q5hILHAj1ChvpnhwXorqP4V6fqTX1LZoo1RlrmjH0IXKtf8Ah/rWkvLqloalL/4jASs0sEomuHLx5Pc0c0YEAcpuyDtAKsa1lUadu2NpQHUCzkJfjT2O8m1oj0xBkhWNhio2QdqiilBzICm2bIcIJyEcUrFyd9n0J+BFdz+jbDBw0ST6rrzHEgEgLiXy6XDa/RVo9w80Nk/Zdto5YE7k6o42P9mUXVwnTqnH7V4W+P1L/pN7o9V7v6npOqWFTyEw09l4g+YGzd+udUGCBIHqFjyv8DufT32ec6TWi5JhWgG6mRGFAMNuuJIKtKbWuYSPwkN0gsrTZR3zdocP7qncGyREZV3qHBG2e6pnTvJ90mQeO6A1G4klAc1p/bH3UmoScFqj1IBgNP1S+zQmCc3nb2Uepu2xyfZSjEQUB4wdpCqg/wDRxVpxIMp2exTG4ynNdn9qz6DCMAnP2T2h3crDZIghPBHCuy7ocMiCnD6IY5mUQEhV5E7HyIiFkccpoA7p4xhUi2glI5gBHBBwTEIFKfQIp+iZ0CGaI7hGaS0ThR24EEorTAhEpEDtdPKO1xCisyQCpLSYRdlMl25O4Fbho53UGyPutNoyXCFuWitHgt5MKwZ9UbNbT4PlH5UG5BN3TIAJlT7UbqPJgdlEuGg3LO2cJ8W6MS1I9afKC2kzqO1aGjvI9l79pMLm5gRyF8/vlEIPU9qxzeTzPOAvoHRMt4EI5fqNzN2jFVg2yOF5l+dKg2p8P5A4rsn88r0zViDtleb/AJypf8OqmDDKjXfUym8J/wAhz+RpHz/vrWjvduaOfRQH2dA8iCri9bL3ERyq+o0uOTK3SEKRDdZ0BMMBTHWdAj9gypb2wYAlNjMmAgLUmiL+gojAYCmOsKJOGiVNmZIAWGjzSAolQSkyGLCkBlix/h9Jo3BsKwLZKRaS36K7J50yuFpTP8uQi07OkTlikeGC7mEVtMRgmUNDVLRF/Q0Zw3hEFjT9IUoMAIMfdEawz6hVQXmyIyxpjkSiNs2Y8vKmtpxgNlGpUASJ57KqsJSaItOxBgbVZ6foL7t7WMpnKvtA6Xr37w9zDt9xC6LpPStK1a0+GNwAT4cdzF5OWsaNP0foWnTLalRkk5z2W02vT9K2aAKYH2WyttDRAIaClUpEgEtha44FBGN8pzemQtN0Vteo1gp4mCui6N0dSpWwPggSJyFT9M2BqXNLAhxErs2n6OynbNOyfLzC5H1GbivE9l/x2CUXkfZyLqjQm0aLXbI25wouh0mwG8+66P1Ro7a1J8M4C57p7TaXTqTmxDl5qS2e1x5LL86fRqU4IWt6z03Se8VWSx7TIc3C3S2DH0xGZCZXs21AQ7MoU6DmlNGg2l1qenHY0lwBxJV9b9U6k2kGDcD/AER7nSS18huPon22ltkEtlOjloxPFT0Q62uaxdTTdUcQVE/w+4uiXVy4ytwttIt3tB8MAo40qmDDWjCt5S0jVrTSGsg7Qry3sQ1gACn0tNbuhWFOya1sd0iUrDhplU2x3NkgKs1O1DGmAtoewU2ENGVT31I1OQlRgzS560aYKA/USR34W6dOWjTkt7KmOmltQuAEraOnbd7GZBiU+K9jNORsFvat2YVD1NYtfScJg9itttqQDVr3VBA4yFr48W5HK+oTrEzlt7p7jWxmDyO6tdOsKr6QLXnCV1uFc7W4lTrEFsEgbSvUcdNLZ815c7k6BuoOaYdypNGhTJAc3lTxRovbIymOotb+3PstaRzptkKtYUewiVDr6bblhDqbHAiCCFMuHhhiYUStVeRAJhEkKlJo0XqL4YaBrD6j6VAW1V2Q+mMfcLmGvfCzVtJqOeWeNSk7XME8L0AWvjczPrKMaDalPztDgexEpUsKkNx8yePV6PKVTp6qx0P5B9IRbfRagfG/6QvRupdF6Rqr5qWTGvJ/cwQtQ1b4XXVk91exrirTbnaR5gkvFKOzVHnRnp9neflqaR0bb273ZAb9PRd7o0SWgTkLhXy6UK1HQG0atMtLDBBEEGfRd9pglgLQBhI5MnSF4v3ZHrUt1Mh/ovJPzO6Jb1apqtptpuAOQ3tyvX1anLTGMLy78y9EeE53tBJ9P/BY5O4M7PCdTPEmoWwoXzgDiVJYPJEcjlY1uW6gWho5RKYJpls8DlLttbGZf2KW+2kuHcKjc3zEzwVfX42hxgD1VE8y8wkSi0MxPQF4MGSUAiWy5xx7KW5gInKjVKRmW4CUzVHZGdHqg1MfVHfuJQngEQQFewktnFGgQstjsUwSniB2iUhhBGniSZRMd+6H5W8nlEx6IbLocwJ3eU0e5TgRwFP2ZE6HiIGU8AEYTWnAEp7R2Volj2GBkojcd5Q2CDHKKGhsknCMoeJIkchGbO1BaJRWnsUcSBqeTJUlhgAKOwgGRyisdmSMIqBctEygBuEFbjorwKAAOFplAncBuK3LRI8Bsj7q0vYVKVo2m0jwZjsolxJuWGBypdq2aMyeFCuvLXYcxK0RVIy78j1V8pZnqe0mYnJ7dl9CLZxbTAK+ePynVGjqm0aZgkSJX0KoHawRPoikvxCzPaC1XCNoXnT5xKYd8OK52gHeDn6r0S6CCe68+fN2N/w1vpzDhieyZw1/IYc/SPn9fNh7jz6KueM5wrO98tQ5VdVcCYgrdJ7oRSBECJlNguxKfAIWACMkKnEJGAIOAkQewlOgkp20AcKqZFXuNDe5S2yMJwB9k5okQrooEGmcorWifRZFOXcIjKZPJx7qUglrZgMM7QUVlIjEp7Kcn6KZa2dS4fsptkqKFhedIFb27qjwxoyVuvTXSbrh7a9amNuO3Kl9L9GucWXF3RnEgLotjpjaDA2mwNAAwAtWPj3tmbLyvFUgOk6NStg0CiMLYKdiS2Wg/ROsLZwwWE+8K+oWwp0huaIOVsUUlowSm5O2VdDTmFo3MJlR7zT6bKgYG4cVszaFM0/LzCpb5tR9XaG8GEMk6JB0y46Q01ovqLSMgrt9KzayzbA7YXGelXutrqk9xEgiV2+2uaVeyY5oH7R+VwfqEbds999CyViVGr6nZNqse0iJ9lynqDTXWWoucGwHZBXabuiahcWjC591jYS5rgO68/kj8Hr8U6ZrlhcOLQJKt6L9zcwSFT0LaoxwLQVb2bHGJ9UmjamqJLqAqsyyZTKNo0GNpj3VjSojblvHok2mA7JVdMFjKNmTBaVNZZwJKVKpSpAZBKM68pkQCFLEuLAGk1pyPok4EDCc1/jO/aiPtwBKp7ItaIL2l2IWP0AqnLVLoUS+rtGQrq106QCWK4x+C5T8TWjpAgkslXOk6aWMy0BWNazp0W5aIKkWppNaBPPZNSpiZXIGKJpMOey1DqV8uc0rc71wbRcWmDC0DX7hpc7OQujw4+czz/1nI8WFo1qtTG/6dlNtmNLRM49FEa5rqkggyVOt6VQGGTBXpccaR84zSd2SgwCnNEmVkOaDD+6dRpVGMJP3KE5sySU9RZmlkshX7GuPkUdrWbQHNyrF1AkSQY7qvrU3mrDCSPdE4sU5poKKDSIIwU4U208OMBOo+IBFQFPqNc9v7OESWhPkrBYiW/ZZhrhDskoTg+mQAI9UVrN0ZUStkcvE6R8KqVOm1zWiCTyF123nauR/DKn4byA6ZM/2XXaJloBwVy+eqkjo8SVoVaNhiJheavmXt2ustxZ3JB9V6VqktbGF53+ZWn/0aQCYc0x9ZXPVeLO3w/8AJs8J9RS3UTGTKbRLn0pPKJ1P5dRIHMwUrdhDQSeAprxH5k/IqdQEbgRCoztk479lsGp0wS5w7rX9kvcOJKzvsZhGujO0So7h6qY//hwOVGq7WmSISZaNUCM9oGeFEqANMnupzo5PHuo9UNJMBUmMOFxB5TmzPCxt24iZTmiXQElNexB4AyYyEQeiYDGCIRadN9QwwEyqa2FowMmQSntb3U+20etUh1SA1WdPTbaiAf3FTyoEomUqrsNYSiihWbg0yr4GmzDKYj6JjyH8sEIfNBKNlMKNQ8NRW0axb+3hWWxgGGpwaAjUyeJXi2r4hpRWW9c/y/dWDWiMBEDJbJwmKRHFlcLesMwiNZVEAgqzYwR5hwnta0nAwjUhbgRbZrg8eUlbroQIthgg+hWu0WCQ4ALZtIM0uyJOxcouKNktARRyVCvIFwwgiJU6zaTTgjsoV7ArNkDnKfAx3+Vnpr5U6n/nVZiP3EE/2X0OtXHwgHDK+dvyrvDeprBwPLgBnjiV9D7Qnw2gkcJstxCzumrJT9pHoQuAfNswu+Gt6XDAg8fVd9qDygkrg3zYMdU+GeoNb/bCLif5Dn8iVo+e16S55JwfZQH7ThWN/LXkjvwq947rfKkxSTA4BieeFmScRhZLPoVjcBMdkOg6FwfWU8NEcpondPCcDJkKeTAEGlOAjgFYLj6JzckCSES2WzAJDpClUmOIiBlKlbuqvFNoklbl0z0ZVvnMqXFMhg7HBTIwc3SBclBWyj0nRbjUKgZTpOPqY7LpfTHRzLXa64pBzgOY7+q2LQOlLewpgNpnaQMkYK2Rtky3pf8ADHGAtmPAo9mDLyrdIrrKxZRhrWwFb07SY2N57Qn2NsyowuLc9lZ2NEtqD2TzM3uwljaN2gFgwpbqIbGSI7KXb0BPiE5Ul9NjxBEEqUFZWMBjycqt1Fnh1A9xiVestHh5h3Cga1bgtmpkqpRdBqWxaXWYYlwHddY6a1FlxYMaXdlxiyoPLgA5b90tc1ren4TiTBXE+owuNntf+N5FJuDN/LWwD68LWOp9OFzSMDgqyGrFjQ1w90C5vWXDCMTC8vOWz32PE3s1KhpO4ZbJGFJbo1SkJaCrrS2g3BY9uD7LaKWl0qtMENAQJOWhjddmk0LR48pbJCLU05zmzsytwdorWnytH3TmaS0j9okK3jfuLeU0k6Q/6ys09KLXS8FbqdGYRG1Fo6G17YLPoosb6AeRmqUNPAb+3+ixdWNQCWgwtxGktpjzNCFU0/dgNx9ETxMr1DXdH0lz373tWzUrRjKcABEtLIUmyAEfw3l3l7dk2EPFCpy8jWtYpRAAxKbZ0NzAQVY63SktEQViypso2+5x4EoVicp0X6sYwtlNrFYW9Bw7wuW61dmtcFoxlbr1Xq1F7302uEieFoD2OuLguDpkrv8AB4rjtng/rn1BZH4oVvbOdDhI91aWjjThr3SEynT8OnslPoNaTDpHou5GHieNnk8mTS4kQx2CmCmOXZKw14YIhOY8OdIgpqFN/AK5qsZTIjzKLaNaage9h+pTtQrsNYMDYPsiUw97QWwFXbFSlS2SnstvD3udlNe1z2Dw4iExrXbS17QfdAquq0nAMfj0RCQFam4EkmT6JU7qk1pY9qzcurAB4AygtoNe0vdjv7qavQVs6H8Lq7Tcva2eZHsuzUCPDDoOVw/4XVKbdRNKmQSMruFvVLmAQOFyfqC/JHT4crHv2lvGVwD5lKROkE9iCJ7rvziQJmFw/wCYykyr0++oP3QTnsQuZT8Wju8P/IjwB1MIvyScgkSg2pmnEnIUjqljf1ocODmSgWrWimBPIVpVEfn7K/UpEx6LX+XmJC2K+BLjvGOy18u2Pc0DCTJjMD3Rh3lGRlRaxB4KkVXEj2UapiRzKRLZtjroAS4ny+vKY87QCB+UQEDynkZTSxzwcgBA0wjhIMCIlOEAz3QwCTjsi0wZyeEhED0aZqvDQFsWm6eyk0Odkqu0u2k7yrhrzT4KCci0wxc1jNoag5cc8J0Ew4lZg4ACW2w4xTYxzZwBj1WWsEeqK5pABHH0TQx/ocq9jqSB7QDO2PqltzIRHUj7n2TtnlHqnwjYt6FTDvRGDW9xlYawgAuk+iIG4nuj8d0DbMBs54CI3GAPusNAjJT2gzjhMSoFjw6COy2fQySyTkLWS0gAyOVsmgkinCOKVisiuJtVmD4MAKDet/js+qsLQzRkmVXaiCarCPVaIo5zf5HpD5W89Vae5hDQ14kH+6+iVl5aLO+O6+c3yu1CzqmxbuGXtg919GbI7qLZ5gJt/gXyV0yWQHCCPeVw35pmbvhnqZEy0dvoV3EiGd1xT5oMfDLVIP8AKc/ZFxf8hzuQ1R86Lt7sT6DlQXc4/Cm3vmAJBwoLjk9lucdgpmHH2TcdwsEzhIe4VOJbkOGRACcBjhMDi04TxlRIK9aMtEZUmjTNRwDWBAYwkhbV0h0/V1a9Y1jCWtIk/wCSdCHk6FSmo7ZfdF9F1Lyoy6rMBBIgELrWnaDTs6Ya5kOBUzp3pylYWtNvh7SAJMK9Fu3xNo5GMrowxqCOTmzPK9EalauaxogR/kpVXT31WDYMKwoWL3ASJhSgDSgNBKNRb2K/2QtM0obSx7YU4aeym4NAOO6trKkx7J2mfom3FB+79pH2TIw1YdfJBpUnNcGtyJU6vSa1ggZhEZZVWgOMFPI3S0hF40WkyBSc2HB3b1VXqjW1abmntkKzuaLqZJblV9zbuq0zAzCCV9BrRU2jxTqRJx6rcOnLxlW4bTcYLlpNanUtKwcZIKmWeomhXZUDiPSDwsHJx+cGjsfSeZ9tnTZ2hmiuuGBzWyCsO6fc107I9UDozrCld0W2l64eIwQHHut2bVoVGBzAPwvJ5eLFSdn1HBznKKa6NUo6SaFZtQDvBWwWdNrAARJSrUmuyOylUKMsBakxw+D0PefzHOoNc3goYptH8v5UxlN7QBP1Qq4HYZT2tbFp+TGsa2eMI4fQHlcMqNTBEO5COWTDoAVIuarozVFMj+2FFfSI7KRUcGtgiSo76k4mFU6YME0xkAd0SnTBG6RgIQBnhENSGwRGEME7JkaRTao6bkB3CpNb1Onb2zqVN8EiOeFI1zVGULh252Vomrag65quh2CtvFwOc7o4H1PnRw4/FMo9XuX1arnk8oFhbbgXEwSpRtHVJqPzlFt2MY0y2IXpMOLwWz53y8zySbGGhUpOBA3BSKLA4CQASh/qM7ZKk27XOAIA9Vor4MNiNk14Pqh/ozRaSSAp7qbiyQQCqq8qV6Utc47f6K6Ft0VlwHPrETuIPCsbUFrRhCtPDqOLi2PUqWWsiG1I9lcaES29A7ittw3BUN3jVHzPKLXD90khN2vc07IBVUyWkNrB7QBu+yHWJZQLiYCwHu8SKhj/ADWdTNJtqS3IiDKiB8jZfhbcMfq/lf6Adu679aQaQBOYXnH4WVWHWgwEyRP2XouyE0WkO7QuXz1pM6nCew72nbBwuNfMDTJ6bquAnbOR3XZS4GWkZC5P8eKYd0xWJHAJC5iunZ3uK6yo+eHWBAviAMEzjsolphoI9FL6zBF84yYLsKJYHcyDPHdCnq2as+5MhX5LqjgWiOy16s4NquaQAtj1ERUJytTvqsV3AnlJlT6Kw3Zl5Mc4QS7OQmeMeBlNL5Enskvs6Uf6E9+13CwK7SfM37oT6hLoBEIb3HsULCOINkHBKPQa5zmtAQGggYUqzzUaOMrPTIbFaUxToNAEKVRpmo7AwEFgLWgSeFZWlMNpb4Wd9hpJgzT80QfsntYP/FEawF0zj0hO8ME+yJIeo/AIt7GCltEYKMKUdwmuYJwmbDWuwJZ/NmFinTdM9lI2RwTKx5uwz9EUbQEkmYDDE90tp/duTo7kJzKZccfdMr3AaGtBJiEQNJCxtzEorRlolGnYpqhsCY/K2TQmt8LiVr5aCfNErYdBMNhvdHHsVPo2qyH8E91B1L9zMRJwrC0jwjj6qDqjQ7YQIgrTGqOfL9tHoD5YwP8AamwJaT/FA3enC+jth/wG8TGV83PlnqbOpdODhB8ZvfuvpDp5b4LS4fuE4TK/FlctpKNkl5PAXG/mYYHfDTVmlpd5MexgrsrgQ2YXHvmRa5/w11ctb5vCPf0BR8X/ACI5fIf4nzfvXRiBwFAcMFTrtjjt9Q0T+FBcY5W6WuiRegeQcLO6eU1xkmEhMcIS9DwYPqnjOQhNh3qEen2EYRJEsm2Fm65rsosBJeQAvQPw66aZplhRfVaN5gkkcrj3RNm241WiSwkscHRC9J9OWjatvTa1vYcLocaC7MPMnS8UXFGnT8LymJwlTosY7c4h3oUatY1KdMbZGe6GaZZDgTAK2+L9zn6rRY2NcbhTMqxbaBx3RKh2NDY4P2c54VrScX4a2Cm44WrYRLsqbGNmBPfCfeNGC2nhYotLCNyOQXZhW9MYtlc+s5rTJIA9UEODg7Km3VAOpHa2FCZRLGlR76LWgDqZqAwDI/CjXVGpTaC0FWDHBn8shNvhvogsEFC4povyZq+oWr61M+WIVWKRaQCYhbY9hayHgElUepafUa41yyG+3ZZ5Y9F+p4smWN46iGVadQsqN4IK6J0x1gbhjaVZ8OGDlclt6xpw15kDCtrC68CoK1N20zK5PN4SyK49nq/o31n0mseZ6O9W1zTuqctOeystPeHs2kZHsuYdOdTtGxleptngrftI1BlR0hwLXCcd1wJY5Y3Uke5xzx5o+UGXJcRIgqM8vMzKm+V3CBUpjdKOUXQyEkmRmOLTKkCoDI4wmPiIx9kNroBSKaG+SB16m0pjAX8hCrPAfkpU7ptM5IiEmVuVBKSSslbYG4lV2q6lStaDjuEjCjar1FSt2FrSJIWj6xrj7p5DDicBdDjYHI4n1D6jDCuyFrWqm6rvP1VKGOqEkhTX2z6zhUIwcynvp+EyBC7/ABeP4LZ4D6lzHnlZEfRrU2DY37LFKnULZeyFMkuACyGgnbP4XQcUjhuTl2QXUxOWgqVQqANDWjhSKlnTNPdJ3KPTY6idzhIVeL7ApImFgqt7N7lU+o0n7oIkcYViLnxJZwolWd5Dm7h6omm0LlJArO1YWHPIQalq4Vi1jj9VYU7d0AiYPonOYymPNLvsijBtCJS2U1ZtUO2u7dk6iHEyRBCkXNM1Xy0QhtpVKYOc8IfBgOSItdm6uN7DBPZRNbcWUm02EEOV3ToCq5s5PqFQ9UU/09RjWk5QzjUbYUH5Sovfhk9tPV6YFMB5xPqF6NsSDRaRI9l51+He86rbPLG4wHE8L0RZkmg2MmFzOevxidXhP8miUQCFzP4123jdK3QA8zWy0+i6WHkYgfdc/wDi8x7+mbtwG0hsR24K5fZ3eNrKj5udcN237wGuADyBPdQtMg0257K16/c4ahVJA/4juBg5VPp7t1JriYx2QQX40zZyXUm0B1YDftDsxlapqNFpeSf6LatUMwQ2THK1a/k1SSEiaaZfHKp1NzHEwSPZMc+ZIEKaQQPLCAaQqEl2PdKbvZviyP4mfWUNwaJcOU99Etkgygva4CJmeZQh37HGZBUq0gVm7oGVDHIR6Dy14JKQ0WbZTjY2c4CsqD/4O1p5VNaVPEotcOB2VnaEnhZpJpjYMmsADYWQ0zkyn02jbkSswMdkxRb7HqRgsH7QYTSwglqI4cQltngfhEkyxjGxlZLQCSSiMa0jM/dYeIGGz9ldMr2BFkieyTQRgBOifLELIDRwO/dGrAZgtzwiMDgZ4WQJEjhPa090aQD2hGnu5CvNBEtc3g+yqabS4QRKuNDZDzGPdNh/ZmyrRtNju8Mg8KLqvlDTMZUyxlzeeFE1hp8sOkStOOjnN7O3/LVV/wDOexJcIbVZz6r6Sac6benJk7ZXzV+W+q1nUti05/itOBxkL6UaV/6tTfJmE2vxYHNeok4uc4QBAC5F8xdMO+HOqip+00iMdjBXXMyXLlPzBtbU+HeqtJyKTiPrBR8b/IjmZn+J82L2ZBBAMBVr5ByFOvjO0jnaJ/Cgue04jK3yLi7QODuJKUkHgrA8ueQn/uCGreizLTnDfujUwZBlBZ6KVaM3VA3nPCYlRDpPwvsvFvQ+pwvSfS2ngUm1CAGxwFw34Y6d4O15bBcB2XonRm0m6XT8NoHlkx3XW4uPVM5PKn5T0NvadN4NIDKrm2jhLRnKs3VWOPElPpOaGEuYJ91qaTMy/sk6exv6VoIkjlGpMIeS0EKPpVwKpqUgODwrmhQAEGFdqKGLYJrHEgke6kOcWMBws1JZjbzhCe01BIJS3Kw0mgpFO4pQB+FHfbtDYcjsYWARwh3D2kkEglCrvRb2VT6Ja6WDHcBHdbtqW5jDkcNYGHHPdR372uMjHZNRTZW3FuIEOyEqtq2rR2Vf2kcKTWpGoS4CCMhNoU6tU7CSAo1QDal2apeWBa5wY2IOFEa+tR/h1iRK3a704NENZu7ql1DSBWaHkFv0WecNhwk47K+zvKtCBJ9sreumNeuadGN5LmmRPELR22VWk3bE/VW+iVqtGoGFsA4iVizcSORbR1+H9VzYHSZ1iw60pOp7K52uHorBvUlnVbHigmfVcquHPa7ybgfZPta1yHfvz3ysU/prlpM72L/kTj+yOpHWbcifFCE7WLYNxUb+Vz06lUY2HOMqPU1Go4RuiSskvpM77Nsf+S466N1vuoKLSdr5+6o7nqSs5xDOFQm4c4xBKy6lUrDytgpmH6Ok7kY+T/ySU14wM3eo1rp5yZPOUKlRMh7+5RaFtUY+KjQptO13uAcYHsuxi4scS6PNZuZPPK2xzabC0ARB7IN3bMAnjCluo+C6N2AEJzqb3bHZWqC0Y8jbKptN7ag/hy31CPUaxrwWhSLmnsM0hhBpND8vVuKMzfyHa5lRkRwFGqtEwII91Y29OiGbwB/mo9RlIkuAIEqAtogVKBYRAAlR9r6dSDkKdUYSfLkBR3Egw9sH3VNNiXQam19NgO6AcmUC+/buaQfoiPcHNDdyi1qhY0sJOcAIrpCHKmRKd0CdpGPVPqEVYDXjKE2gYJ2kSmMpuFTaTlLTYDlZNt2upkw7C1rqas595TY6I9VttAMcdrmcdwtd120pVr2A8CMj2UzRfgiYpJSLbpG4o2+qWjadTJMETEr0Ppjt1u2TmAvMXTlvX/x+1IqhwZUBK9K6PJtWbsYXM56uCOlwZfkWYA284K0f4qM8Tpm7ZM+Q5W6gOnB+6074kM39N3oLiP4buFykj0HGdzR83fiLDNRqhv7fEcCPTKpNLM0gGweyvfiYzZqtfH85k+6odIIFMMmEuK/E6HItsZqTSJgDC1TUHzUO5v0W2arAPlEzytS1I/xCBI9kiadkwMgugjCbBGZmFglu7JSL3iWjhJZuTsY8wCZkHn6qPUjBDRCM9hDfMJUdwnHb0Qsu6ZxOU+lg7ihhPa4HACzXY02DRbgP/guxPCv7doY6Ny0m1uTRqtcOy22xu2V2Nc0fVLlH3GwZcUiTxhG2NfBPZRaZyMwjtcdwnIKOMtD0l7BNkCCB9U7w9uWhGpAOEA4TxTlF5WU1RFLZ4MLAY4YlTP0+2HbUx9N3MAK02D30RHUoErIp95kBGLO5CQpHABgovcjsHBA5geieARBiU7wziMorWCBDZJTFSFCpiM5Vpo7pqFhEZUAUsAnCsNLAbWkDKOPYnI9G12LD4c+qi6wwhrXT3UuxDhT9vdRtWE05jAK0wRzJfsde+XV4b1JYS0S6qyZ9JX0s0zcLdhPBaCAvmd8vTx/tJYGP/asI+q+l+lGbWlLphgGPonpUmBzHcYliHQ0g8rl3x6b4nw+1cCCRRcf6FdNc5pEElc4+NpDug9XgSTbux6iCr46rIjm5NxPmVeHygkzPdV9RpIwrK9A2yCOFXOwJGVvlouOkDIBbG6I5WAQBgLG4EkwnS0jLeFIosJTzAV903Ym8v2NDcNyqGmG4AMSt/wDhtp/6i4r3Phkmk0NnsJTscfKaQrLPwi2dZ6GpNo1GUi3sJXa9DZTdYNDRgnIXGelwxmoMYAQXHELsPT9cstjReyCF2MSo47kpuxX1sadbcwYJ7KVStm+G3fBlDuS6pVDAQPRFt60O8OpyOFor3FN0zOn27KF/MSCPyr80i4h7fL6wtfrXItbqm4DBIC2Vjy6mCzuJSMuuh+LqwVRpBiJgKK4ua4kHlSnveCWubBPohBo/n/olxYcpC3GJBIHCjPayo+O6k1aZbSlnP9lGcIZuBz3hHHbAcglOjGXCAEG82mSAE9ldwbDgh1Cx2XgoqdheSogl7mHaBys0aj2vzEotQS8eXAWXsYYeDB9Eb2LQQfxnBhKZcWJcD3SNJwc1zHYUkVHuGREd1TQa/spa1meGNz6I1pYgFryIcpNVp3F/vlYbdlhGJ+qHxXQUXTsNVoNI835UNo2VDBP2U6rUdUogxlRGUnl0pTW6HumrQqlF9UyThCdaB0BvIVg1roDajcFZFFlJwOZVqIJBaw0sPaceqk273Tu2y1EeadQTgwiUwI8jRBRUvYpughdTe0FrVmntJz2SptawwcI9FjTmCQUMrLg0ZqNpFo4kdlEqsbUPkA+yLUpPLz4ZgQgNp1aDpDcIVoqTXuOp0RTOcz6pVKNFzt0R9FIG2ozcTBQKn8OTByi7EyQ8eC1sd+FGuGAtIGe8hYNwRy38p4La1MkQIRqJnkQQ97Cd7cJhcyoCGkFSbmm4M2iCq2pT8IS0mTyqdJ0hTbSsdLWu2nn3UW8O3zBwx6LL3VKhyIHCjuHmIJVOuhDmNFd5HBgDsiUa1Nz2ue04UfxXtMMA9PqnE+fc5oBPYoKoW22WNzWpU2DaOcrTtRvY1Q0ySJ4C2So8inloP1WjdT1yzUQ9jdoaEOZulbDxLyZe6RfusdctnNIdvqNB+i9OaK8m1pkkTtBMDC8daFqFStr9kS8wKwGeIXrzp2rvsKRE5aOVzuZvGdLhrxlRcmP+batX66YToF405Bpn7rZHkxu5Wv8AWRL9DuSOfDIz9Fyl2egwL80fNr4qv26vd+QD+LAEdlq+jFpaDiVtvxaZGsXYLYO8jj0Wn6Lte0ZjOUEf1OpyV+RI1cNbDu8cLU9UIL5OCtt1f9gkTjstS1RgD5Ix2WaV3sViafRVux5o5KaA6MEeqI79sQIQ3SOB2Sno3LQxxJMkyQg1CRJjP0RjI4CGZJPZAGkcOLsRCy1YDSMlISUgcEYcmDP1Vnpl+6jUALoHHKqgQO6LTcd0K3T0VdG92NenVYC126cqex5mCJA9lp2lag6g/Y44W12twKjQ4EGUqSpmnHK1bLGk6I2qTRcZ2kAqExwjA5R6DiMlGkFKVol7v5Z+xQ3kDyjj2WHPa5pglMJA4RpfAC0YkTkSn7ROAmDDpKKHA+aEXiVZgMj6FPDJAwkwk8SiAThWkLkOZTO0ZU7S2htcAoFGl5ST2UrTWD9RgwUxX2Jm9G0WTgGEcqNqzWikZPdSLEFoJ5UfVo8Izx6LVj3s5cnTOnfL88M6k0/zRNamB+V9MtHdts6Ec+G2fwvmL8B3uHUunQRPisMdyJX000d5/Q0Xcywf2WlL8WDyqcE0XDoc0nC518aaZqdCauwT/wAB2R2wt+a8gSR3Wh/GCX9F6swceA4q8C/kRhyK4HzJv3QXAZkmPoqt5A5VpqbRvc4HBJ+yqXvEwZx6LZOOyouhoLdycQOSPwm+UDjn1SDiBxPqqX9FkikGugT3XYfhFb1HWV4WNG2BiMkrjtAeYfVd6+BlM3Frd0HNnGD98LTx9TRm5Vekzaem6UX/AIjgJYcBdLt7qHNjGOy59YW/g39UUxBBK2fT7ouZD5lhXTV2cRTS0jZro1NlKswZPJKF+od4zXNEQobNQ2s2VHyOwKsLNlvdUfFpnPBWyLTQqcnZNdtuaHjEZaJV5pdyHWzHkZA9FQWrtofQnEflWOkVw2m6ieWnP0S8itDscvgs61TeQWtP3WWlrm4GYiEvGbsIiSghwmdsLOlWhrlb2PdJ5MKLWAb+3PqnV6u07hkJpcHsk4LuEcUynJJ2ZpBlSmSeyjVCd0cgItu8McaURKw6g7cQOPdH/sryb2gVSoXABgmFgUxcN2l0EKQAxg2QEBzdlSWmJ7IkyvIfsLGBrckLANXIccd0+mds7pj1KY6q0P3AyD6KbDUhtTeBtLAW+oWG0qZMwI9EX9RS2kgT6+yBTuBUqbGtGVA0/Zk9tNpYRAIQyymPKHQfREo0nkSEStaAtDxylSdMdGqA+YsDA37lRLqo/jdMCMKaJaNr8FQbj/in/lKttA+XsMtQ8uG44PKsKdMtOTDB2TbSgwN3COJyphAc2GgRHYIbRXbA+GKhlhOFItmGmC4lNpNax2e/qpDoawwgkxqVIj1K7S8gD24TKtQRxz3WCN2WgZKaadSn5j+1RJCpMa5r3MwISp1AfK+NzUZrxWHlIx2UepTl5AyjWhMnRivSpvO4j8KOXNoy0AwpDqLhn2UJ4/ihjpEnCONMzy6sVzVbs8pIKhOq0oIeSp1xSpgeYx2VVcU2tqgE4RPRnbbG1mNNPxWPx3VXWutrSGgSFbPtw5k9u6qrsUKZMd+UM43sTdArW7md4EnvCfWrGpB5A4Ufw2uBeycp7A4ckhJcaBciSdQpmlAZLgO4XO+sr1zL1oDf3Bb86k3aX7eQud9X0P8ApVjCZafTsgyxfikO4svzLDo60p1L62q13cVGnj3XrXpx7DY0Q0QNoAXlvpOz21qGz/mByvT3S5I02lviYEfhY+XH+I38SfnlZfvM/tOFRdUsd/g91LQ4eGe6uXPxwVT9RVJ0yvvZIDDg/RchR2ehw6kj5w/Gik5mu3bZk+I5aNonkbk/VdA+OIpN6lvCwAONR3HqueaIXF204zlKi9HW5K92TtUgARK1TVsPkjAytt1MODYjC1PVxn6pM7TE4ioPmMgxPulubEEcLLto/dA7oYqAvMHkcLPLZ0I0jDnEEuzPohl0kkjlEqEh0T9UJxHASxqaZ//Z');

-- --------------------------------------------------------

--
-- Cấu trúc bảng cho bảng `department`
--

CREATE TABLE `department` (
  `ID` int(11) NOT NULL,
  `KHPhongBan` varchar(200) NOT NULL,
  `TenPhongBan` varchar(200) NOT NULL
) ENGINE=InnoDB DEFAULT CHARSET=utf8 COLLATE=utf8_general_ci;

--
-- Đang đổ dữ liệu cho bảng `department`
--

INSERT INTO `department` (`ID`, `KHPhongBan`, `TenPhongBan`) VALUES
(2, 'IT', 'Công nghệ thông tin'),
(3, 'SL', 'Sale'),
(4, 'HR', 'Quản lý nhân sự');

-- --------------------------------------------------------

--
-- Cấu trúc bảng cho bảng `position`
--

CREATE TABLE `position` (
  `ID` int(11) NOT NULL,
  `TenCV` int(11) NOT NULL
) ENGINE=InnoDB DEFAULT CHARSET=utf8 COLLATE=utf8_general_ci;

-- --------------------------------------------------------

--
-- Cấu trúc bảng cho bảng `position details`
--

CREATE TABLE `position details` (
  `MaCTChucvu` varchar(100) NOT NULL,
  `MaCV` int(11) NOT NULL,
  `ID_User` int(11) NOT NULL,
  `NgayBatDau` date NOT NULL,
  `NgayKetThuc` date NOT NULL,
  `LyDo` varchar(2000) NOT NULL
) ENGINE=InnoDB DEFAULT CHARSET=utf8 COLLATE=utf8_general_ci;

-- --------------------------------------------------------

--
-- Cấu trúc bảng cho bảng `salary`
--

CREATE TABLE `salary` (
  `HSLuong` float NOT NULL,
  `BaseSalary` double NOT NULL
) ENGINE=InnoDB DEFAULT CHARSET=utf8 COLLATE=utf8_general_ci;

--
-- Đang đổ dữ liệu cho bảng `salary`
--

INSERT INTO `salary` (`HSLuong`, `BaseSalary`) VALUES
(2.34, 4212000),
(2.67, 4806000),
(3, 5400000),
(3.33, 5994000),
(3.66, 6588000),
(3.99, 7182000),
(4.32, 7776000),
(4.65, 8370000),
(4.98, 8964000);

-- --------------------------------------------------------

--
-- Cấu trúc bảng cho bảng `standard_times`
--

CREATE TABLE `standard_times` (
  `date` date NOT NULL,
  `checkin_time` time DEFAULT NULL,
  `checkout_time` time DEFAULT NULL
) ENGINE=InnoDB DEFAULT CHARSET=utf8 COLLATE=utf8_general_ci;

--
-- Đang đổ dữ liệu cho bảng `standard_times`
--

INSERT INTO `standard_times` (`date`, `checkin_time`, `checkout_time`) VALUES
('2024-06-23', '17:50:00', '17:51:00'),
('2024-06-24', '19:21:00', '20:21:00'),
('2024-06-25', '10:10:00', '17:12:00'),
('2024-06-26', '01:38:00', '01:40:00'),
('2024-06-27', '01:01:00', '01:05:00'),
('2024-06-28', '01:25:00', '01:27:00'),
('2024-06-30', '07:21:00', '17:23:00');

-- --------------------------------------------------------

--
-- Cấu trúc bảng cho bảng `user`
--

CREATE TABLE `user` (
  `ID` int(11) NOT NULL,
  `Email` varchar(200) NOT NULL,
  `FullName` varchar(200) NOT NULL,
  `Sex` varchar(4) NOT NULL,
  `BirthDay` date NOT NULL,
  `Telephone` int(10) NOT NULL,
  `Address` varchar(300) NOT NULL,
  `ID_Department` int(100) DEFAULT NULL,
  `HSLuong` float DEFAULT NULL
) ENGINE=InnoDB DEFAULT CHARSET=utf8 COLLATE=utf8_general_ci;

--
-- Đang đổ dữ liệu cho bảng `user`
--

INSERT INTO `user` (`ID`, `Email`, `FullName`, `Sex`, `BirthDay`, `Telephone`, `Address`, `ID_Department`, `HSLuong`) VALUES
(30, 'nguyenpham6273@gmail.com', 'Nguyễn Phạm Nguyên Anh', 'Nam', '2024-04-08', 972385659, 'Hà Nội', 2, 3.99),
(31, 'thor@gmail.com', 'Nguyễn Văn B', 'Nam', '2023-11-08', 912446893, 'Hà Nội', 2, 4.32),
(34, 'nguyenvanc@gmail.com', 'Nguyễn Văn C', 'Nữ', '2024-02-22', 912478394, 'Hải Phòng', 3, 3),
(36, 'nguyenvanc@gmail.com', 'Nguyễn Văn C', 'Nữ', '2023-11-18', 987573456, 'Hải Phòng', 4, 3.99),
(37, 'nguyenvand@gmail.com', 'Nguyễn Văn D', 'Nữ', '2024-02-12', 987545673, 'Hải Phòng', 2, 4.32),
(46, 'nguyenvanb@gmail.com', 'Nguyễn Văn E', 'Nam', '2024-05-10', 987545673, 'Hải Phòng', 3, 2.34),
(47, 'vanle@gmail.com', 'Nguyễn Văn Lê', 'Nữ', '2024-03-06', 987545673, 'Hải Phòng', 4, 3.66),
(48, 'nguyenvanb@gmail.com', 'Lê Văn Tuấn', 'Nam', '2024-03-08', 987545673, 'Hải Phòng', 4, 3.66),
(51, 'tranvan@gmail.com', 'Trần Văn D', 'Nam', '2024-04-19', 987545673, 'Hải Phòng', 2, 3),
(52, 'tranvank@gmail.com', 'Trần Văn k', 'Nữ', '2024-04-17', 987578362, 'Thanh Hóa', 4, 3.99),
(53, 'tets721@gmail.com', 'tetsfsf', 'Nam', '2024-06-06', 987545673, 'Ninh Bình', 3, 3.66);

-- --------------------------------------------------------

--
-- Cấu trúc bảng cho bảng `userimage`
--

CREATE TABLE `userimage` (
  `ID` int(11) NOT NULL,
  `UserName` varchar(200) NOT NULL,
  `Image` varchar(300) NOT NULL,
  `ID_User` int(11) NOT NULL,
  `FaceDescriptor` longtext CHARACTER SET utf8mb4 COLLATE utf8mb4_bin NOT NULL CHECK (json_valid(`FaceDescriptor`))
) ENGINE=InnoDB DEFAULT CHARSET=utf8 COLLATE=utf8_general_ci;

--
-- Đang đổ dữ liệu cho bảng `userimage`
--

INSERT INTO `userimage` (`ID`, `UserName`, `Image`, `ID_User`, `FaceDescriptor`) VALUES
(83, 'Nguyễn Văn B', '1719510853370.png', 31, '[-0.11144912987947464,0.15211910009384155,0.04643545299768448,-0.14367279410362244,-0.14611785113811493,-0.018095439299941063,-0.057723745703697205,-0.11099748313426971,0.1444150060415268,0.05402333661913872,0.19437432289123535,0.0075263590551912785,-0.27828359603881836,0.02466432750225067,-0.022239267826080322,0.07155274599790573,-0.21302811801433563,-0.0641457810997963,-0.007186590693891048,-0.08434734493494034,0.039595093578100204,0.05108880624175072,0.03655741736292839,0.1087939441204071,-0.09596012532711029,-0.28143540024757385,-0.0504932776093483,-0.12417541444301605,0.05771537870168686,-0.13868087530136108,0.04635630548000336,0.01653503067791462,-0.19265177845954895,-0.13126233220100403,0.041053351014852524,0.0416250005364418,-0.14087435603141785,-0.1528177410364151,0.26225900650024414,0.038179315626621246,-0.0758514404296875,-0.013618621975183487,0.050890155136585236,0.2705066502094269,0.11509089916944504,0.0331437923014164,0.06437510997056961,-0.05755244195461273,0.19710394740104675,-0.207502081990242,0.03159691020846367,0.1586170792579651,0.18020741641521454,0.06900862604379654,-0.019130537286400795,-0.2000950574874878,0.08288080990314484,0.11793219298124313,-0.32809051871299744,0.18332265317440033,0.1134631410241127,-0.1383780837059021,-0.011637428775429726,-0.01254713162779808,0.1937059462070465,0.10176276415586472,-0.08875229954719543,-0.18503254652023315,0.11900697648525238,-0.09314120560884476,-0.08936628699302673,0.09874166548252106,-0.10922659188508987,-0.20035821199417114,-0.18674463033676147,0.039795953780412674,0.2801964581012726,0.10164298117160797,-0.14369197189807892,-0.046415749937295914,-0.11421109735965729,-0.06560635566711426,-0.02352876588702202,0.03408890590071678,-0.08686956018209457,-0.06160059943795204,-0.10016613453626633,0.002453837776556611,0.21517258882522583,-0.028968878090381622,-0.061241213232278824,0.28872156143188477,0.047956183552742004,0.04748908430337906,0.02484983578324318,0.07765424251556396,-0.18817774951457977,0.06223227456212044,-0.07844498008489609,0.008730930276215076,0.037128791213035583,-0.12592236697673798,0.05683203041553497,0.08533105254173279,-0.20643766224384308,0.1635357290506363,-0.02102494053542614,-0.011867781169712543,-0.057284463196992874,-0.06091189384460449,-0.19381742179393768,-0.061971358954906464,0.21438084542751312,-0.2648118734359741,0.26881855726242065,0.19869942963123322,0.10326261073350906,0.12917178869247437,0.07760254293680191,-0.013750654645264149,0.06513949483633041,-0.03662463650107384,-0.11159826070070267,-0.0856693759560585,0.07932798564434052,-0.01863129995763302,0.03633037954568863,0.03742001950740814]'),
(84, 'Nguyễn Văn B', '1719510866581.png', 31, '[-0.12311102449893951,0.19478152692317963,0.049494337290525436,-0.037334904074668884,-0.13699980080127716,-0.05461777001619339,-0.04067108780145645,-0.04307619109749794,0.15062713623046875,0.11635975539684296,0.2419320046901703,-0.03404081612825394,-0.28975385427474976,-0.013942984864115715,-0.0645996704697609,0.04749852791428566,-0.2234804779291153,-0.054714273661375046,-0.008739893324673176,-0.0009697512141428888,0.050316181033849716,0.001715049147605896,0.03489499166607857,0.09398652613162994,-0.04630493000149727,-0.2698778510093689,-0.002432938665151596,-0.11652855575084686,0.13960406184196472,-0.13446900248527527,0.008818715810775757,0.07653341442346573,-0.2223612368106842,-0.14548704028129578,0.009000007063150406,0.06954184174537659,-0.13613219559192657,-0.0687120109796524,0.2497578114271164,-0.02209422178566456,-0.058821529150009155,-0.014772601425647736,0.02926250919699669,0.31446897983551025,0.1445859968662262,0.060977961868047714,-0.010940857231616974,-0.09557729959487915,0.12268544733524323,-0.30292004346847534,0.07470358163118362,0.2799175977706909,0.12931054830551147,0.0683959424495697,0.0885261818766594,-0.22325782477855682,0.0916932001709938,0.07027293741703033,-0.2088669240474701,0.15749256312847137,0.1296609491109848,0.007160486187785864,0.003501170314848423,-0.1438109576702118,0.18933655321598053,0.050961434841156006,-0.056315042078495026,-0.13712643086910248,0.08603820949792862,-0.10497954487800598,-0.09397952258586884,0.12641406059265137,-0.09610237181186676,-0.18246935307979584,-0.2506205141544342,0.023085756227374077,0.28241661190986633,0.13908277451992035,-0.1847653090953827,0.00616847537457943,-0.09996535629034042,-0.09663446992635727,0.046228863298892975,-0.04854638874530792,-0.10161332041025162,-0.12517422437667847,-0.17467404901981354,-0.038132473826408386,0.17524614930152893,-0.02133048139512539,-0.004035086836665869,0.1921645998954773,0.04295756295323372,0.005017682909965515,0.013126300647854805,-0.011076042428612709,-0.1352034956216812,0.04119887948036194,-0.17662720382213593,0.021488597616553307,0.0021908264607191086,-0.16261902451515198,-0.062471359968185425,0.08204350620508194,-0.19811305403709412,0.06707188487052917,0.056836530566215515,-0.017160244286060333,-0.026466896757483482,-0.07144356518983841,-0.2486109882593155,-0.003296494949609041,0.23770882189273834,-0.2661322355270386,0.36567384004592896,0.13669969141483307,0.09934152662754059,0.06962337344884872,0.09723974764347076,0.04218168929219246,-0.014833535067737103,-0.018127521499991417,-0.09460782259702682,-0.09759300947189331,0.04553725942969322,-0.08096123486757278,-0.04174470156431198,0.020596584305167198]'),
(85, 'Nguyễn Văn B', '1719510866579.png', 31, '[-0.0786525085568428,0.23537538945674896,0.048052120953798294,-0.07593616843223572,-0.13258828222751617,-0.047072336077690125,-0.0713801458477974,-0.029013879597187042,0.14512507617473602,0.10022278875112534,0.22476956248283386,-0.005547281354665756,-0.27113285660743713,0.02435995452105999,-0.08633740991353989,0.14014001190662384,-0.19107910990715027,-0.057807620614767075,-0.04758754000067711,-0.0008222590549848974,0.07544822245836258,0.02628863789141178,0.07175403088331223,0.14005352556705475,-0.004678451456129551,-0.30971142649650574,-0.06590183079242706,-0.10741730779409409,0.0986524447798729,-0.12595519423484802,-0.013224256224930286,0.006283505354076624,-0.23063567280769348,-0.13626039028167725,0.026952143758535385,0.022328795865178108,-0.09950901567935944,-0.12609781324863434,0.24035798013210297,0.054584257304668427,-0.04840253293514252,0.021082768216729164,0.006563873030245304,0.33582833409309387,0.1317509561777115,0.08514612913131714,0.08919264376163483,-0.08859238773584366,0.09027157723903656,-0.24653510749340057,0.06963907927274704,0.2049838751554489,0.07959575951099396,0.07513784617185593,-0.0006752159679308534,-0.21582680940628052,0.07880816608667374,0.12797094881534576,-0.2991569936275482,0.14780071377754211,0.07667706906795502,-0.01689629815518856,-0.024014178663492203,-0.11924988031387329,0.24796688556671143,0.10555367171764374,-0.12124531716108322,-0.16454558074474335,0.10250285267829895,-0.11285551637411118,-0.029461050406098366,0.07428939640522003,-0.13977977633476257,-0.1625509262084961,-0.28102394938468933,0.041551072150468826,0.35814791917800903,0.12159497290849686,-0.17100928723812103,-0.04380122572183609,-0.13625359535217285,-0.08599697053432465,-0.029859324917197227,0.011609955690801144,-0.08977342396974564,-0.07414171099662781,-0.16319476068019867,0.012225308455526829,0.18423768877983093,-0.039098598062992096,-0.02853759005665779,0.24278230965137482,0.039681144058704376,-0.01071006990969181,-0.027099529281258583,0.0895107090473175,-0.17224472761154175,0.003090208861976862,-0.13870474696159363,0.019564857706427574,-0.08031481504440308,-0.12214592099189758,-0.07153210788965225,0.09367822110652924,-0.1944945752620697,0.0648215264081955,0.015969064086675644,-0.06702321767807007,-0.12238319963216782,-0.04043859615921974,-0.24937252700328827,-0.08179961889982224,0.212802916765213,-0.23185473680496216,0.2709868848323822,0.2135257124900818,0.1191018670797348,0.09274937212467194,0.06718779355287552,0.05618518963456154,-0.0001683896261965856,-0.05481655150651932,-0.10179107636213303,-0.08378861099481583,0.060287512838840485,-0.01879914663732052,0.004315689671784639,0.030804669484496117]'),
(86, 'Nguyễn Văn B', '1719510941527.png', 31, '[-0.09081920236349106,0.1939733773469925,0.03033381700515747,-0.10060689598321915,-0.16219334304332733,-0.05417430400848389,-0.10646259039640427,-0.07862940430641174,0.14188817143440247,0.11108439415693283,0.27736857533454895,-0.02123597264289856,-0.26548880338668823,-0.015934467315673828,-0.09093920141458511,0.10110122710466385,-0.18103377521038055,-0.028930606320500374,-0.07383120805025101,-0.020192647352814674,0.029231365770101547,0.027239609509706497,0.07870598137378693,0.12315047532320023,-0.04223798215389252,-0.2538374066352844,-0.021426642313599586,-0.10511215031147003,0.15217193961143494,-0.18835477530956268,0.011693897657096386,0.05812360718846321,-0.2815077602863312,-0.14748647809028625,0.020382797345519066,0.059900734573602676,-0.11582622677087784,-0.13771526515483856,0.25751689076423645,0.013185229152441025,-0.08193852752447128,-0.02498176135122776,-0.006507886573672295,0.27320870757102966,0.15833362936973572,0.04652102664113045,0.013354692608118057,-0.09123507142066956,0.1371973156929016,-0.22846080362796783,0.06635446846485138,0.2125365138053894,0.17129091918468475,0.05836810544133186,0.003255049930885434,-0.20891794562339783,0.11897528171539307,0.1711326539516449,-0.3057982921600342,0.1063399612903595,0.08920422196388245,-0.019406024366617203,-0.012146265245974064,-0.10819074511528015,0.2336544543504715,0.09519477188587189,-0.08754366636276245,-0.1269480288028717,0.1230573058128357,-0.0709705576300621,-0.027816900983452797,0.14342965185642242,-0.1117696762084961,-0.2068812996149063,-0.24437472224235535,0.028007715940475464,0.26842057704925537,0.13561414182186127,-0.22591324150562286,-0.05196122080087662,-0.08342931419610977,-0.08966521918773651,-0.01994905434548855,-0.04211483895778656,-0.1283721625804901,-0.07939189672470093,-0.12665550410747528,-0.014514680951833725,0.20757687091827393,-0.01726551726460457,-0.020725369453430176,0.2701925039291382,0.032809946686029434,-0.02065281756222248,-0.0007644342258572578,0.016596591100096703,-0.12692028284072876,0.013156674802303314,-0.12857666611671448,0.015298974700272083,0.0010573279578238726,-0.13292190432548523,-0.05433410778641701,0.08028408885002136,-0.19666559994220734,0.09213279187679291,0.035259269177913666,-0.040173985064029694,-0.07088536024093628,-0.11172425001859665,-0.2128968983888626,-0.04655998572707176,0.26154378056526184,-0.2518116533756256,0.35507962107658386,0.156572625041008,0.13158491253852844,0.09138943254947662,0.09547646343708038,0.03372091054916382,0.015166739001870155,-0.06743743270635605,-0.0809023305773735,-0.09709318727254868,0.1283494532108307,-0.11632446199655533,0.051307860761880875,0.010104591026902199]'),
(87, 'Nguyễn Văn B', '1719510955029.png', 31, '[-0.12866371870040894,0.16876567900180817,0.06415227800607681,-0.1104971170425415,-0.20042014122009277,-0.00025332890800200403,-0.07113653421401978,-0.05738036334514618,0.17140834033489227,0.05296894907951355,0.29456374049186707,-0.018190689384937286,-0.2757360339164734,-0.01956922747194767,-0.050295546650886536,0.14434979856014252,-0.22668923437595367,-0.06575430184602737,-0.04509394243359566,-0.06378805637359619,0.04221298545598984,0.09151832014322281,0.06506416201591492,0.12340358644723892,-0.03742671757936478,-0.3542218804359436,-0.06940526515245438,-0.09221342206001282,0.165808767080307,-0.2053844928741455,-0.023198701441287994,0.07031115889549255,-0.22454510629177094,-0.15778666734695435,0.030672680586576462,0.05976575240492821,-0.08974558115005493,-0.2092486321926117,0.24837985634803772,0.01502737682312727,-0.04951592534780502,0.06622523814439774,0.02325144223868847,0.2843269109725952,0.10301289707422256,0.07422231882810593,0.056545671075582504,-0.0726807489991188,0.12206678837537766,-0.2280520498752594,0.06450214236974716,0.21363228559494019,0.19282104074954987,-0.011104317381978035,-0.008037038147449493,-0.20044459402561188,0.07506123185157776,0.1362535059452057,-0.3000154197216034,0.1612471044063568,0.11845099180936813,-0.08077157288789749,-0.03014935925602913,-0.07325244694948196,0.19647647440433502,0.09549844264984131,-0.06739302724599838,-0.1295081526041031,0.15980204939842224,-0.0403396375477314,-0.06366562098264694,0.05541190877556801,-0.14387157559394836,-0.2068137675523758,-0.1807311624288559,0.05749938637018204,0.3182162642478943,0.12949688732624054,-0.24147148430347443,0.002537371125072241,-0.07892169058322906,-0.04378968104720116,-0.05090297386050224,0.025377457961440086,-0.14517444372177124,-0.11972314864397049,-0.19568060338497162,0.035112425684928894,0.19068798422813416,0.010024763643741608,-0.009154605679214,0.3187629282474518,0.09330036491155624,0.006479455623775721,0.0497731976211071,0.04332342743873596,-0.1484685093164444,-0.01612098515033722,-0.1049659252166748,-0.013695945031940937,0.07682494074106216,-0.12629075348377228,-0.062353283166885376,0.10416948795318604,-0.20707711577415466,0.14216864109039307,-0.02849074825644493,-0.054775454103946686,-0.03849724307656288,-0.09612247347831726,-0.15383419394493103,-0.020389089360833168,0.23147404193878174,-0.21881313621997833,0.25100404024124146,0.1934393346309662,0.10602579265832901,0.16844600439071655,0.09688129276037216,0.06354796141386032,0.04051613435149193,-0.07870372384786606,-0.14675608277320862,-0.14508375525474548,0.1123511791229248,-0.09212304651737213,0.05039890110492706,0.06447568535804749]');

--
-- Chỉ mục cho các bảng đã đổ
--

--
-- Chỉ mục cho bảng `account`
--
ALTER TABLE `account`
  ADD PRIMARY KEY (`ID`),
  ADD KEY `ID_User` (`ID_User`);

--
-- Chỉ mục cho bảng `attendance`
--
ALTER TABLE `attendance`
  ADD PRIMARY KEY (`ID`),
  ADD KEY `ID_User` (`ID_User`);

--
-- Chỉ mục cho bảng `department`
--
ALTER TABLE `department`
  ADD PRIMARY KEY (`ID`);

--
-- Chỉ mục cho bảng `position`
--
ALTER TABLE `position`
  ADD PRIMARY KEY (`ID`);

--
-- Chỉ mục cho bảng `position details`
--
ALTER TABLE `position details`
  ADD PRIMARY KEY (`MaCTChucvu`),
  ADD KEY `ID_User` (`ID_User`),
  ADD KEY `MaCV` (`MaCV`);

--
-- Chỉ mục cho bảng `salary`
--
ALTER TABLE `salary`
  ADD PRIMARY KEY (`HSLuong`);

--
-- Chỉ mục cho bảng `standard_times`
--
ALTER TABLE `standard_times`
  ADD PRIMARY KEY (`date`);

--
-- Chỉ mục cho bảng `user`
--
ALTER TABLE `user`
  ADD PRIMARY KEY (`ID`),
  ADD KEY `ID_Department` (`ID_Department`),
  ADD KEY `HSLuong` (`HSLuong`);

--
-- Chỉ mục cho bảng `userimage`
--
ALTER TABLE `userimage`
  ADD PRIMARY KEY (`ID`),
  ADD KEY `ID_User` (`ID_User`);

--
-- AUTO_INCREMENT cho các bảng đã đổ
--

--
-- AUTO_INCREMENT cho bảng `account`
--
ALTER TABLE `account`
  MODIFY `ID` int(11) NOT NULL AUTO_INCREMENT, AUTO_INCREMENT=24;

--
-- AUTO_INCREMENT cho bảng `attendance`
--
ALTER TABLE `attendance`
  MODIFY `ID` int(11) NOT NULL AUTO_INCREMENT, AUTO_INCREMENT=127;

--
-- AUTO_INCREMENT cho bảng `department`
--
ALTER TABLE `department`
  MODIFY `ID` int(11) NOT NULL AUTO_INCREMENT, AUTO_INCREMENT=5;

--
-- AUTO_INCREMENT cho bảng `position`
--
ALTER TABLE `position`
  MODIFY `ID` int(11) NOT NULL AUTO_INCREMENT;

--
-- AUTO_INCREMENT cho bảng `user`
--
ALTER TABLE `user`
  MODIFY `ID` int(11) NOT NULL AUTO_INCREMENT, AUTO_INCREMENT=54;

--
-- AUTO_INCREMENT cho bảng `userimage`
--
ALTER TABLE `userimage`
  MODIFY `ID` int(11) NOT NULL AUTO_INCREMENT, AUTO_INCREMENT=94;

--
-- Các ràng buộc cho các bảng đã đổ
--

--
-- Các ràng buộc cho bảng `account`
--
ALTER TABLE `account`
  ADD CONSTRAINT `account_ibfk_1` FOREIGN KEY (`ID_User`) REFERENCES `user` (`ID`);

--
-- Các ràng buộc cho bảng `attendance`
--
ALTER TABLE `attendance`
  ADD CONSTRAINT `attendance_ibfk_1` FOREIGN KEY (`ID_User`) REFERENCES `user` (`ID`);

--
-- Các ràng buộc cho bảng `position details`
--
ALTER TABLE `position details`
  ADD CONSTRAINT `position details_ibfk_1` FOREIGN KEY (`ID_User`) REFERENCES `user` (`ID`),
  ADD CONSTRAINT `position details_ibfk_2` FOREIGN KEY (`MaCV`) REFERENCES `position` (`ID`);

--
-- Các ràng buộc cho bảng `user`
--
ALTER TABLE `user`
  ADD CONSTRAINT `user_ibfk_1` FOREIGN KEY (`ID_Department`) REFERENCES `department` (`ID`),
  ADD CONSTRAINT `user_ibfk_2` FOREIGN KEY (`HSLuong`) REFERENCES `salary` (`HSLuong`);

--
-- Các ràng buộc cho bảng `userimage`
--
ALTER TABLE `userimage`
  ADD CONSTRAINT `userimage_ibfk_1` FOREIGN KEY (`ID_User`) REFERENCES `user` (`ID`);
COMMIT;

/*!40101 SET CHARACTER_SET_CLIENT=@OLD_CHARACTER_SET_CLIENT */;
/*!40101 SET CHARACTER_SET_RESULTS=@OLD_CHARACTER_SET_RESULTS */;
/*!40101 SET COLLATION_CONNECTION=@OLD_COLLATION_CONNECTION */;
